Sr No,Date dd/mm/yyyy,Startup Name,Industry Vertical,Sub Vertical,City  Location,Investors Name,Investment Type,Amount in USD
1,12-12-2019,Ecozen,Technology,Agritech,Pune,Sathguru Catalyzer Advisors,Series A,6000000.0
2,06-12-2019,CarDekho,E-Commerce,Automobile,Gurgaon,Ping An Global Voyager Fund,Series D,70000000.0
3,03-12-2019,Dhruva Space,Aerospace,Satellite Communication,Bengaluru,Mumbai Angels Ravikanth Reddy,Seed,50000000.0
4,13-12-2019,Rivigo,Technology,Logistics Services and Solutions,Gurgaon,SAIF Partners Spring Canter Investment Ltd.,Series F,20000000.0
5,17-12-2019,Healthians,B2B-focused foodtech startup,Food Solutions For Corporate,Bengaluru,Paytm NPTK Sabre Partners and Neoplux,Series C,12000000.0
6,16-12-2019,Licious,E-Commerce,Online Meat And Seafood Ordering Startup,Bengaluru,Vertex Growth Fund,Series E,30000000.0
7,16-12-2019,InCred,Finance,Non-Banking Financial Company,Mumbai,,Debt Funding,5900000.0
8,14-12-2019,Trell,Video,Experience Discovery Platform,Bengaluru,Ruizheng Investment,Seed Round,2000000.0
9,11-12-2019,Rein Games,Gaming,Real money based gaming startup,Noida,Manipal Education and Medical Group (MEMG),Seed Round,50000000.0
10,20-12-2019,Lenskart.com,E-Commerce,Online Eyewear Shopping Portal,Faridabad,SoftBank Vision Fund,Series G,231000000.0
11,13-11-2019,Freshworks,Software,Business and customer engagement tools,San Francisco,Sequoia CapitalG Accel,Series H,150000000.0
12,14-11-2019,Misters,Health and wellness,Men's Health and Wellness brand,Gurgaon,Sauce.vc Rainforest Ventures,Series B,486000.0
13,13-11-2019,Sunstone Eduversity Pvt. Ltd,Education,Elearning,Gurgaon,Prime Venture Partners LetsVenture PS1 Venture and GlobalLogic co-founder Rajul Garg,Seed,1500000.0
15,18-11-2019,Healthians,Health and Wellness,Healthcare services,Gurgaon,DG Daiwa Ventures DG Incubation,Series B,12000000.0
16,15-11-2019,Ninjacart,B2B Marketing,Agritech,Bengaluru,Trifecta Capital Advisors,Debt Funding,26000000.0
17,20-11-2019,Aye Finance,FinTech,Financial Services To MSMEs,Gurgaon,FinTech,Debt Funding,17411265.0
18,12-11-2019,SuperGaming,Video Games,Social gaming platform,Pune,Dream Incubator,Seed Funding,1300000.0
19,20-11-2019,Clumio,SaaS,Recovery software,San Jose,Altimeter Capital Sutter Hill Ventures,Series C,135000000.0
20,11-11-2019,eBikeGo,Last Mile Transportation,Electric bike rental,Amritsar,Startup Buddy,Seed,300000.0
21,19-11-2019,Digital Mall Asia,E-Commerce,Virtual e-commerce platform,Delhi,Amour Infrastructure,Seed Funding,220000000.0
22,18-11-2019,Medikabazaar,Healthcare,B2B platform for medical supplies,Mumbai,Ackermans & van Haaren HealthQuad Rebright Partners Toppan Printing,Series B,15800000.0
23,15-11-2019,Vogo Automotive,Last Mile Transportation,Scooter sharing app,Kormangala,Matrix Partners Stellaris Venture Partners Kalaari Capital,Series B,283000000.0
24,19-11-2019,Furtados School of Music,Education,Music Education,Tulangan,IAN Fund and DSG Consumer Partners,,200000000.0
25,25-11-2019,Paytm,FinTech,Mobile Wallet,Noida,Vijay Shekhar Sharma,Funding Round,1000000000.0
26,04-10-2019,Dunzo,Customer Service,Delivery Service,Bengaluru,Lightbox,Series D,45000000.0
27,02-10-2019,Udaan,B2B,Business development,Bengaluru,Altimeter Capital DST Global,Series D,585000000.0
29,05-09-2019,FPL Technologies,FinTech,Financial Services,Pune,Matrix Partners India Sequoia India,Maiden Round,4500000.0
30,04-09-2019,Cashflo,FinTech,Invoice discounting platform and SME lending marketplace,Mumbai,SAIF Partners,Series A,3300000.0
31,04-09-2019,Digital F5,Advertising Marketing,Digital marketing firm,Mumbai,TIW Private Equity,Private Equity Round,6000000.0
32,04-09-2019,3rdFlix,SaaS,Education Technology,Hyderabad,Exfinity Venture Partners,pre-series A,5000000.0
33,04-09-2019,75F,IoT,Building automation system,Burnsville,Breakthrough Energy Ventures,Series A,18000000.0
34,04-09-2019,Myelin Foundry,Information Technology,Deep-technology,Bengaluru,Endiya Partners,Seed,1000000.0
35,04-09-2019,Atomberg Technology,Consumer Technology,Consumer Electronics Home Appliances,Mumbai,A91 Partners,Series A,10000000.0
36,04-09-2019,GOQii,Health and Wellness,Wearable Fitness Bands,Menlo Park,Bennett Coleman and Company Ltd (BCCL),Series C,450000000.0
37,03-09-2019,Vyapar App,Accounting,Mobile-based Accounting Software,Bengaluru,India Quotient Axilor Ventures,Series A,5000000.0
38,01-08-2019,CarDekho,E-Commerce,Automotive,Gurgaon,SC GG India Mobility Holdings LLC,Series C,20000000.0
39,01-08-2019,Progcap,Finance,Supply Chain Management,New Delhi,Sequoia India,Series A,5000000.0
40,01-08-2019,MyPetrolPump,Retail,Fuel Delivery,Bengaluru,,Seed Funding Round,1600000.0
41,01-08-2019,Alteria Capital,Finance,VC Funds,Mumbai,Azim Premji Binny Bansal,Single Venture,140000000.0
42,01-08-2019,Pine Labs,Information Technology,Last-mile retail transaction technology,Noida,Pine Labs Pte Ltd,Corporate Round,38080000.0
43,12-08-2019,Meesho,E-Commerce,Social Commerce,Bengaluru,Naspers,Series D,125000000.0
44,13-08-2019,Cars24,E-Commerce,Car Retail,Gurugram,MS Dhoni,Series D,11000000.0
45,13-08-2019,Uniphore,Customer Service Platform,Conversational AI,Palo Alto,March Capital Partners,Series C,51000000.0
46,23-08-2019,Zendrive,Automotive,Road Safety Analytics,San Francisco,XL Innovate,Series B,37000000.0
47,23-08-2019,Lo! Foods,Consumer Goods,Low carb food for Diabetics,Bengaluru,Rashmi Daga (founder FreshMenu) Raveen Sastry (co-founder Myntra) and Mitesh Shah (finance chief BookMyShow),Seed Round,500000.0
48,23-08-2019,Tala,FinTech,Digital Lending Platform,Santa Monica,RPS Ventures,Series D,110000000.0
49,22-08-2019,INDwealth,FinTech,Wealth Management,Gurgaon,Tiger Global Management,Venture Round,15000000.0
50,21-08-2019,HungerBox,Food and Beverage,B2B Foodtech,Bengaluru,One97 Communications Ltd.,Series C,6590000.0
51,23-08-2019,AdmitKard,EdTech,University Admissions,Noida,Growth DNA,Seed Round,1000000.0
53,19-08-2019,Grofers,E-Commerce,Grocery Delivery,Gurgaon,Softbank Vision Fund,Series F,70000000.0
54,27-08-2019,Rapido Bike Taxi,Transportation,Bike Taxi,Bengaluru,Westbridge Capital,Series B,3900000000.0
55,02-07-2019,RenewBuy,Finance,Auto Insurance,Gurgaon,Lok Capital IIFL Wealth,Series B,19000000.0
56,02-07-2019,Atlan,Information Technology,Big Data,Singapore,WaterBridge Ventures,Pre-Series A,2500000.0
57,01-07-2019,WizCounsel,Compliance,Consulting,New Delhi,Kapil Dev,Angel,145000.0
58,03-07-2019,Ola Cabs,Transport,Cabs,Kormangala,DIG Investment Ab Deshe Holdings Samih Toukan and Hussam Khoury,Series J,1000000.0
59,01-07-2019,Uniphore,Artificial Intelligence,Speech Recognition,Taramani,March Capital Partners,Series C,38080000.0
60,04-07-2019,Daalchini Technologies,Food and Beverage,Digital Vending Machine,New Delhi,Artha Venture,Seed Round,500000.0
61,10-07-2019,byju's,EdTech,Education,Bengaluru,Qatar Investment Authority,Private Equity Round,150000000.0
62,11-07-2019,Moglix,E-Commerce,Industrial Tools and Equipments,Singapore,Composite Capital Management Sequoia Capital India Tiger Global Management,Series D,60000000.0
63,10-07-2019,Ezyhaul,Tech,Logistics,Singapore,Undisclosed,Series B,16000000.0
64,10-07-2019,Indus OS,Tech,Smartphone Operating System,Andheri,Ventureast,Series B,5750000.0
65,10-07-2019,HealthAssure,Health Care,Primary care medical network,Mumbai,Blume Ventures,Series A,2500000.0
66,09-07-2019,House of Msasaba,Luxury Label,Clothes and Apparel,Mumbai,Binny Bansal,Series A,1000000.0
67,08-07-2019,Board Infinity,EdTech,Full-stack career platform,Chembur,Multiple Angel Investors,Angel Round,319605.0
68,05-06-2019,NoBroker,E-Commerce,Real Estate,Bengaluru,General Atlantic,Series C,51000000.0
69,04-06-2019,Bira91,Food and Beverage,Brewery,New Delhi,Anicut Capital,Debt Funding,10000000.0
70,03-06-2019,FabHotels,E-Commerce,Hospitality,Gurgaon,Goldman Sachs Accel Partners and Qualcomm,,4889975.54
71,03-06-2019,Avail Finance,Finance,FinTech,Bengaluru,Matrix Partners,Series A,9000000.0
72,04-06-2019,BharatPe,Finance,FinTech,New Delhi,Insight Partners,Series B,75000000.0
73,04-06-2019,Recykal,Waste Management Service,Optimization,Hyderabad,Triton Investment Advisors Pidilite Industries director Ajay Parekh,pre-Series A,26000000.0
74,03-06-2019,Agara Labs,Deep-Tech,Artificial Intelligence,Bengaluru,Blume Ventures and RTP Global,pre-Series A,2500000.0
75,06-06-2019,Sistema.bio,Agriculture,Hybrid Reactor Biodigestor,Nairobi,Shell Foundation DILA CAPITAL Engie RDE Fund EcoEnterprise Fund EDFIMC (ElectriFI) Endeavor Catalyst Fund CoCapital Triodos Alpha Mundi and Lendahand,,2739034.68
76,06-06-2019,Chakr Innovation,Energy,Renewable Energy,New Delhi,IAN Fund,Series A,26000000.0
77,06-06-2019,Pratilipi,Digital Media,E-Books,Bengaluru,Qiming Venture Partners,Series B,15109500.0
78,10-06-2019,Bolo App,Digital Media,Video Platform,Bengaluru,Nexus Venture Partners,Seed Funding,430200.0
79,10-06-2019,OkCredit,FinTech,Financial Services,Haryana,Tiger Global Management,Series A,15500000.0
80,06-06-2019,Biz2Credit,FinTech,Online Lending Platform,New York,WestBridge Capital,Series B,52000000.0
81,08-06-2019,Vogo Automotive Pvt. Ltd.,Transportation,Dockless Scooter Rental Company,Karnataka,Alteria Capital,Debt Funding,3584000.0
82,04-06-2019,Leegality,Services,Digital Documentation,Mumbai/Bengaluru,Mumbai Angels,Series A,3400000.0
84,06-05-2019,Saahas Zero Waste,Waste Management Service,Optimization,Bengaluru,C4D Partners,Venture - Series Unknown,868600.0
86,01-05-2019,BlackBuck,Transport,Logistics,Bengaluru,Goldman Sachs Investment Partners and Silicon Valley-based Accel Wellington Sequoia Capital B Capital LightStreet Sands Capital and International Finance Corporation,Series D,150000000.0
87,02-05-2019,Zenoti,Saas,Beauty and Wellness Industry,Hyderabad,Tiger Global Management,Series C,50000000.0
88,28-05-2019,Ather Energy,Automobile,Electric Vehicle,Bengaluru,Sachin Bansal,Series C,51000000.0
89,28-05-2019,FreshVnF,Agtech,Fresh Agriculture Produces,Mumbai,Equanimity Ventures,Seed Round,140000000.0
90,30-05-2019,GlowRoad,E-commerce,Retail,Bengaluru,Korea Investment Partners Vertex Ventures,Series B,11500000.0
91,31-05-2019,Bira91,Food and Beverage,Brewery,New Delhi,Sixth Sense Ventures,Series B,5600000.0
92,16-04-2019,Kuvera,Finance,Wealth Management,Bengaluru,Eight Roads,Series A,45000000.0
93,12-04-2019,Medlife,E-commerce,Online Medicine,Bengaluru,Prasid Uno Family Trust,Private Equity,17000000.0
94,10-04-2019,Kabadiwala,E-commerce,Waste Management,Bhopal,Unilever Beehive Capital Advisor ABCOM Investments Parekh Marine Transport,Private Equity,430665.0
95,13-04-2019,Tripoto,Social Media,Travel,New Delhi,Orchid India Hornbill Orchid India Fund Chiratae Ventures (formerly IDG Ventures) 3one4 Capital Lasmer NV,Series B,3591375.0
96,12-04-2019,Azah,Health and Wellness,Organic wellness,Gurugram,Unnamed angel investors,Seed Funding,200000.0
97,11-04-2019,Setu,Fintech,Banking,Bengaluru,Lightspeed India Partners,Seed Funding,3500000.0
98,10-04-2019,Toppr,Edtech,E-learning,Mumbai,Milestone,Debt and Preference capital,6320820.0
99,10-04-2019,Craftsvilla,E-commerce,Fashion and Apparel,Mumbai,Supera Pte Ltd,Inhouse Funding,2443495.0
100,10-04-2019,Unacademy,Edtech,E-learning,Bengaluru,Kalyan Krishnamurthy,Seed/Angel Funding,307000.0
101,11-04-2019,CleverTap,SaaS,Mobile analytics and marketing,Mumbai,Sequoia India Tiger Global Management Accel Partners,Series B,26000000.0
102,19-04-2019,My Healthcare,E-commerce,Software Solutions,Bengaluru and Gurugram,Sixth Sense Ventures,Series A,3000000.0
103,19-04-2019,KrazyBee,E-commerce,Lending Platform,Bengaluru,BAC Acquisitions Unifi AIF BRD Securities Northern R Capital,Debt,14342000.0
104,17-04-2019,Shuttl,Transportation,Bus Aggregation,Gurugram,New Atlantic Ventures,Venture Round,5000000.0
105,17-04-2019,Increff,Technology,Supply-chain technology solutions,Bengaluru,021 Capita Binny Bansal,Series A,3000000.0
107,08-02-2019,Zilingo,E-commerce,Fashion & Apparel,India/Singapore,Sequoia Capital and Temasek Holdings EDBI Burda Principal Investments and Sofina,Series D,226000000.0
108,13-02-2019,NanoClean Global,Nanotechnology,Anti-Pollution,New Delhi,LetsVenture PitchRight Venture 91SpringBoard AL Nour International Holdings and Mark V Investments,Series A,600000.0
109,14-02-2018,OyoRooms,Hospitality,Budget Rooms,Gurgaon,DiDi Chuxing,Equity,100000000.0
110,03-01-2019,CarDekho,Automobile,Online Marketplace,Jaipur,Sequoia India Hillhouse Capital Alphabets growth investment arm Capital G and Axis Bank,Series C,110000000.0
111,04-01-2019,Vyome Therapeutics Inc.,Health and Wellness,Specialty pharmaceutical,India/US,Iron Pillar Perceptive Advisors Romulus Capital and Kalaari Capital,Series D,22000000.0
112,04-01-2019,Samunnati Financial Intermediation & Services Pvt. Ltd,Finance,Non-banking financial company,Chennai,MASSIF a Dutch government fund,Debt-Funding,5000000.0
113,04-12-2018,Manch,Social Media,Hyperlocal Content,Delhi,Stellaris Venture Partners,Seed Funding,700000.0
114,01-12-2018,UrbanClap Technologies Pvt. Ltd,Services Platform,Home services marketplace,New Delhi,Steadview Capital and Vy Capital.,Series D,50000000.0
115,02-12-2018,Guiddoo,Travel Tech,Platform for travel agents,Mumbai,Individual Investors,Pre-Series A,800000.0
116,02-12-2018,Career Anna,Online Education,Video-based certification trainings,Gurugram,Individual Investors,Pre-Series A,572000.0
117,04-12-2018,Nagpur Wholesale,Online Marketplace,E-commerce,Nagpur,Omphalos Ventures India LLP,Seed Funding,143000.0
118,06-12-2018,ShopKirana,B2B,E-commerce,Indore,Info Edge AET Fund Akatsuki and Incubate Fund from Japan and Better Capital AngelList syndicate.,Seed Funding,2000000.0
119,06-12-2018,BuildSupply,SaaS E-commerce,Real Estate ERP,Gurugram,Venture Highway GREE Ventures Space Matrix Individual Investors,Series A,3500000.0
120,01-11-2018,GoDesi,Food and Beverage,Regional Flavours,Bengaluru,Lead Angels Network,Seed/Angel Funding,138995.0
121,03-11-2018,Veritas Finance Ltd.,NBFC,MSME Finance,Chennai,Norwest Venture Partners CDC Group the UKs Development Finance Institution and P Surendra Pai,Series D,27799000.0
122,06-11-2018,Meesho,E-commerce,Social Commerce,Bengaluru,Shunwei Capital DST Partners and RPS Ventures,Series C,50000000.0
123,08-11-2018,Mobile Premier League,Gaming,Mobile e-Sports,Bengaluru,Undisclosed,Series A,500000.0
124,08-11-2018,A&R Bon Vivants,Food,Meat Retail Chain,Jaipur,RB Investments Singapore,Equity,1000000.0
125,12-11-2018,Blackbuck,Food Tech,POS For Online Ordering,New York Bengaluru,Tiger Global,Series A,1000000.0
126,12-11-2018,MilkBAsket,Food,Micro-delivery grocery service,New Delhi,Mayfield Fund,Series B,1300000.0
127,13-11-2018,DriveU,Transport,On-Demand Drivers,Bengaluru,Stevens Creek Ventures,Mezzanine,1000000.0
128,14-11-2018,CleanseCar,Services,Car Wash,Bengaluru,Venture Catalysts,Seed/Angel Funding,500000.0
129,19-11-2018,Automation Anywhere,Automation,Robotics,California,SoftBank Vision Fund,Series B,300000000.0
130,20-11-2018,HealthifyMe,Health and Wellness,Wellness Coach,Bengaluru,Sistema Asia Fund VC Samsung NEXT Chiratae Ventures Inventus Capital Blume Ventures and Innoven Capital.,Series B (Extension),6000000.0
131,21-11-2018,Genius Corner,Education,Personalized Learning,Noida,Individual investors,Seed Funding,278000.0
132,22-11-2018,Aavishkaar-Intellecap Group,Investment,SME Funding,Mumbai,Teachers Insurance and Annuity Association (TIAA),Equity Based Funding,31000000.0
134,23-11-2018,Signzy,Financial Tech,Digital Onboarding Solution,Mumbai/Bengaluru,Stellaris Venture Partners and Kalaari Capital Rajan Anandan from Google Dilip Khandwelwal from SAP Labs India and Amrish Rau from PayU India,Series A,3400000.0
135,24-11-2018,Engineer.ai,Software,AI Platform,India/US,Lakestar and Jungle Ventures Softbanks DeepCore.,Series A,29500000.0
136,25-11-2018,InCred Finance,Finance,SME Lending,India,Paragon Partners Individual Investors,Private Equity,42000000.0
137,25-11-2018,Roposo,Social Media,Video Sharing,Delhi,Bertelsmann India Investments,Series B,1700000.0
139,02-10-2018,Origo Commodities India Pvt. Ltd,Logistics,Supply Chain,Hyderabad,Cooperative Oikocredit Caspian and Hivos-Triodos Fund,Seed/Angel Funding,11000000.0
140,04-10-2018,Grover Zampa,Food,Wine,Mumbai,Ravi Viswanathan,Private Equity,8200000.0
141,05-10-2018,Droom,Automobile,New and Used Cars Platform,Gurgaon,ZigExN,Series E,3000000.0
142,11-10-2018,Innov8,Real Estate,Co-Working,New Delhi,Credence Family Office,Pre-Series A,4000000.0
143,12-10-2018,Blackbuck,Logistics Tech,Largest Trucking Platform,Bengaluru,Sequoia Capital India,Private Funding,14680000.0
144,12-10-2018,LetsTransport,Logistics Tech,Book Trucks Online,Bengaluru,Fosun International,Series C,12000000.0
145,01-09-2018,Netmeds,Consumer Internet,Online Pharmacy Chain,Chennai,Sistema Asia Fund Sistema JSFC and Tanncam Investment,Private Equity,35000000.0
146,03-09-2018,Udaan,B2B Platform,Logistics and Shipping,Bengaluru,DST Global and Lightspeed Venture Partners global fund.,Private Equity,225000000.0
147,03-09-2018,Daily hunt,Consumer Internet,News and ebooks Mobile App,Bengaluru,Falcon Edge,Private Equity,6390000.0
148,04-09-2018,3HCare,Healthcare,Healthcare Service Provider,Delhi,,Seed/Angel Funding,1000000.0
150,05-09-2018,Nykaa,Consumer Internet,Online Marketplace For Multi-brand Beauty Cosmetic and Wellness Products,Mumbai,Lighthouse,Private Equity,157200000.0
152,06-09-2018,Dream11,Consumer Internet,Online Gaming Platform,Mumbai,Tencent Kalaari Capital and Private equity firm Multiples Alternate Asset Management,Private Equity,100000000.0
153,10-09-2018,MamaEarth,Healthcare,Online Marketplace For Mother and Babycare Products,Gurugram,Stellaris Ventures & Others,Private Equity,4000000.0
154,11-09-2018,AutoGrid,Technology,AI-Based Energy Optimisation and Control Provider,Bengaluru,CLP Holdings Group Innogy rstead and Tenaska,Private Equity,32000000.0
155,11-09-2018,Pharmeasy,Consumer Internet,Online Marketplace For Pharmaceutical Products,Mumbai,InnoVen Capital,Debt Funding,5500000.0
156,11-09-2018,Upwards,Fin-Tech,Online Micro Lending Marketplace,Mumbai,Shunwei CapitalQuotient Mayfield & Others,Private Equity,5000000.0
157,12-09-2018,Kissht,Fin-Tech,Online lending Platform,Mumbai,Vertex Ventures Southeast Asia (SEA) and India and Sistema Asia Fund Fosun RZ Capital Ventureast and Endiya Partners.  ,Private Equity,30000000.0
158,01-08-2018,dishq,Food-Tech,Personalisation Technology Firm Focusing On The Food And Beverage Industry,Bengaluru,Farm To Fork Arts Alliance The Syndicate Fund Sven Hensen Zeroth and Artesian Venture Partners,Seed/Angel Funding,400000.0
160,02-08-2018,Samosa Labs,Consumer Internet,Social Media and Chat Entertainment Platform,Hyderabad,Xiaomi and Sequoia Capital India,Private Equity,7000000.0
161,03-08-2018,ZiffyHomes,Consumer Internet,Online Home Rental Marketplace,Gurugram,Y Combinator,Private Equity,120000.0
162,07-08-2018,My OmNamo,Consumer Internet,Holy Platform Offering Customised Puja Packages To Individuals and Corporates,Mumbai,,Seed/Angel Funding,1000000.0
163,07-08-2018,ShopX,Consumer Internet,Assisted E-commerce Platform,Bengaluru,Fung Strategic Holdings,Private Equity,35000000.0
164,07-08-2018,MakeMyTrip,Consumer Internet,Online Travel Aggregator,Gurugram,MakeMyTrip Limited,Private Equity,10000000.0
165,08-08-2018,Hansel io,Consumer Internet,Real-time Mobile App Management,Bengaluru,Vertex Ventures,Seed/Angel Funding,4000000.0
166,08-08-2018,Metro Bikes,Consumer Internet,Online Bike Rental Marketplace,Bengaluru,Sequoia Capital India Advisors Accel Partners and G Raghunandan,Private Equity,12200000.0
167,08-08-2018,Phone Pe,Consumer Internet,UPI Payments App,Bengaluru,Flipkart,Private Equity,66000000.0
168,09-08-2018,quizizz,Ed-Tech,e-learning Platform,Bengaluru,Nexus Venture Partners Prime Venture Partners and Others,Seed/Angel Funding,3000000.0
169,09-08-2018,Happy EMI,Fin-Tech,Consumer Financing Platform,Bengaluru,AJ Ventures and Jain International Trade Organisation (JITO),Seed/Angel Funding,1000000.0
170,13-08-2018,Inthree,Consumer Internet,Rural E-commerce Platform,Chennai,Ventureast Orios Venture Partners and the IAN Fund,Seed/Angel Funding,4000000.0
171,13-08-2018,Observe AI,Technology,AI Based Solutions Platform,Bengaluru,Nexus Venture Partners MGV Liquid 2 Ventures Hack VC Emergent Ventures and Y Combinator,Private Equity,8000000.0
172,16-08-2018,Enakshi,Consumer Internet,AI Based Solutions Platform,Ahemadabad,,Seed/Angel Funding,114811.0
173,17-08-2018,EazyDiner,Consumer Internet,Online Restaurant Table Reservation Platform,Gurugram,Denlow Investment Trust and Beenext,Private Equity,5850000.0
174,20-08-2018,Finzy,Finance,Online Loan Matchmaking Platform,Bengaluru,,Seed/Angel Funding,1000000.0
175,20-08-2018,RawPressery,Consumer Internet,Online Organic Juice Delivery Service,Mumbai,Alteria Capital,Debt Funding,4800000.0
176,22-08-2018,Pi Ventures,Technology,Applied Artificial Intelligence and IoT focusedPlatform,Bengaluru,CDC Group plc,Private Equity,6000000.0
177,22-08-2018,Revv,Consumer Internet,Online Indian Car Rental Platform,Gurugram,Hyundai Edelweiss and Beenext Dream Incubator Sunjay Kapoor and Telama Investment,Private Equity,14270000.0
178,26-08-2018,ZestMoney,Consumer Internet,Online Lending Platform,Bengaluru,XiaomiPayU Ribbit Capital and Omidyar Network,Private Equity,13400000.0
179,26-08-2018,Shubh Loans,Fin-Tech,Customer Sourcing Platform,Bengaluru,Saama Capital SRI Capital Beenext and Pravega Ventures,Private Equity,4200000.0
180,27-08-2018,MyUpchar,Healthcare,Local Language Health Content App,Delhi,Nexus Venture Partners Omidyar Network and Shunwei Capital,Private Equity,5000000.0
181,28-08-2018,Narvar,IT,Post-Purchase Customer Engagement Platform,Bengaluru,Accel (formerly known as Accel Partners),Private Equity,3000000.0
182,30-08-2018,True North,Finance,Private Equity Firm,Mumbai,,Private Equity,600000000.0
184,02-07-2018,Biryani By Kilo,Consumer Internet,Online Food Delivery,Gurugram,Ajay Relan and Vinay Mittal,Seed/Angel Funding,1000000.0
185,04-07-2018,Anchanto,IT,E-commerce Fulfilment Platform,Pune,MDI Ventures & Telkom Indonesia,Private Equity,4000000.0
186,05-07-2018,Loan Tap,Consumer Internet,Online Lending Platform For Salaried Professionals,Mumbai,Shunwei Capital Tuscan Ventures Ashish Goenka VC firms India Quotient and Kae Capital,Private Equity,6250000.0
187,06-07-2018,PolicyBazaar,Consumer Internet,Online Insurance Selling Platform,Gurugram,Info Edge (India) Ltd and Temasek,Private Equity,27700000.0
188,09-07-2018,zippserv,Consumer Internet,Online Platform For Risk-Assessment Services For Real Estate Investments,Bengaluru,Info Edge (India) Ltd,Seed/Angel Funding,440000.0
189,09-07-2018,Groww,Consumer Internet,Online Platform That Sells Direct Plans Of Mutual Funds,Bengaluru,Insignia Ventures Partners Lightbridge Partners & Kairos,Seed/Angel Funding,1100000.0
190,10-07-2018,Avenue Growth,Consumer Internet,Online Platform That Connects Brands With Freelance Sales Professionals,Gurugram,Avtar Monga chief operating office at IDFC Bank Aditya Malik & Others,Seed/Angel Funding,437000.0
192,10-07-2018,Kinara Capital,Finance,Lending Platform For Micro and Small Enterprises,Bengaluru,ResponsAbility,Private Equity,5000000.0
193,10-07-2018,Shop 101,Consumer Internet,Mobile Storefront And Commerce Platform For Sellers,Mumbai,Stellaris Venture Partners Vy Capital Raghunandan G and Ramakant Sharma,Private Equity,5000000.0
194,11-07-2018,Sambandh,Consumer Internet,Online Micro Lending Platform,Rourkela,Base of Pyramid Asia (BOPA) Pte Ltd,Private Equity,2500000.0
195,12-07-2018,19th mile,IT,Artificial intelligence-based sales acceleration software platform,Gurugram,Rishi Vasudev Excelsior Investments Ritesh Vohra Praveer Kumar Prashant Gupta and Others,Seed/Angel Funding,180000.0
196,12-07-2018,5th Vital,Healthcare,Home diagnostics services provider,Bengaluru,Brand Capital and Others,Seed/Angel Funding,500000.0
197,13-07-2018,MEngage,Healthcare,A Doctor-Patient Engagement Platform,Jaipur,Siddharth Agarwal Mahavir Sharma Amit Singal 100 Co-founders Lab and others.,Seed/Angel Funding,175000.0
198,17-07-2018,Ofbusiness,Finance,Online Lending Platform For SME,Gurugram,Creation Investments Falcon Edge Matrix Partners India and Zodius Capital,Private Equity,29000000.0
199,17-07-2018,Cars24,Consumer Internet,Online Used Car Marketplace,Gurugram,Kingsway FCI Fund KCK Global & Others,Private Equity,49700000.0
200,18-07-2018,The Ken,Consumer Internet,Subscription-Only News Website,Bengaluru,Omidyar Network & Others,Seed/Angel Funding,1500000.0
201,19-07-2018,Book My Show,Consumer Internet,Online Ticketing Platform,Mumbai,TPG Growth The Rise Fund & Others,Private Equity,100000000.0
202,20-07-2018,HousingMan,Consumer Internet,Property Discovery Platform,Bengaluru,,Seed/Angel Funding,1500000.0
203,21-07-2018,PaySense,Consumer Internet,Online Consumer Lending Platform,Mumbai,PayU & Others,Private Equity,18000000.0
205,23-07-2018,VTION,Technology,Media Analytics,Gurugram,AngelList Rahul Khanna Rajeev Arora and Ram Ramsundar.,Seed/Angel Funding,280000.0
206,23-07-2018,Log9 Materials,Technology,Nanotechnology Company Specializing In Graphene,Bengaluru,Metaform Ventures Hemant Luthra Micro venture capital firm GEMS Partners and Others,Seed/Angel Funding,436000.0
207,24-07-2018,kidovators,Ed-Tech,Skill Learning Platform,Bengaluru,Gray Matters,Seed/Angel Funding,180000.0
208,24-07-2018,Digit,Consumer Internet,Online Insurance Startup,Pune,Fairfax,Private Equity,45000000.0
209,25-07-2018,Black Soil,Finance,Non-Banking Financial Company,Mumbai,Allcargo Logistics Navneet Education and Mahavir Agency,Private Equity,17000000.0
210,25-07-2018,Trell,Consumer Internet,Mobile-First Video Blogging App,Bengaluru,BeeNext  WEH Ventures and Sprout Ventures,Seed/Angel Funding,1250000.0
211,25-07-2018,iqlect,Technology,Data Analytics Firm,Bengaluru,Ventureast and Exfinity,Seed/Angel Funding,2500000.0
212,26-07-2018,Entropik,IT,Software-As-A-Service Platform,Bengaluru,Bharat Innovation IDFC-Parampara Capital Arthavida Ventures Jitendra Gupta & Others,Seed/Angel Funding,1100000.0
214,26-07-2018,TheCapitalNet,Fin-Tech,Unified Global Investments Ecosystem,Hyderabad,Lindwall Family Investments LLC (LFI),Private Equity,500000.0
215,30-07-2018,Shuttl,Consumer Internet,Bus Aggregation Platform,Gurugram,Amazon Alexa Fund & Dentsu Ventures,Private Equity,11000000.0
216,30-07-2018,Cure Fit,Consumer Internet,Health and fitness Platform,Bengaluru,IDG Ventures Accel Partners Kalaari Capital and Others,Private Equity,120000000.0
217,31-07-2018,Five Star Group,Fin-Tech,Non-Bank Lending Platform For SME,Chennai,TPG Norwest Venture Partners Sequoia Capital & Matrix Partners,Private Equity,100000000.0
218,31-07-2018,Healthsignz,Healthcare,Health and Well being Platform,Hyderabad,Kantilal Patel,Seed/Angel Funding,5000000.0
219,01-06-2018,CoinTribe,Finance,Credit-Based Lending Marketplace For Small And Medium Enterprises,Gurugram,Sabre Partners Puneet Dalmia & Others,Private Equity,10000000.0
220,04-06-2018,Digiconectt,Technology,Sales Analytics and Enablement Platform,Bengaluru,Aspire Logistics LLC,Seed/Angel Funding,125000.0
224,07-06-2018,Annapurna Finance,Finance,Non-Banking Financial Company,Bhubneswar,Oman India Joint Investment Fund (OIJIF),Private Equity,23000000.0
225,07-06-2018,Meesho,Consumer Internet,Online Marketplace For Resellers,Bengaluru,Sequoia Capital India SAIF Partners Y Combinator and Venture Highway,Private Equity,11500000.0
226,10-06-2018,AyeFinance,Finance,Online Lending Platform,Gurugram,CapitalG SAIF Partners and LGT Impact Ventures,Private Equity,21500000.0
228,12-06-2018,Alpha Capital,Finance,Supplychain Finance,Mumbai,Alpha Capital,Private Equity,14800000.0
229,12-06-2018,eshakti,E-Commerce,Fashion e-tailer,Chennai,Paragon Partners,Private Equity,10100000.0
230,12-06-2018,Daily Ninja,Consumer Internet,Hyperlocal Delivery Platform,Bengaluru,Saama Capital and Sequoia Capital,Seed/Angel Funding,3000000.0
231,13-06-2018,NirogStreet,Healthcare,An Online Platform That Connects Ayurveda Doctors With Patients,Gurugram,Spiral Ventures Subho Ray and Samir Kumar,Seed/Angel Funding,300000.0
232,13-06-2018,Nivesh,Finance,Mass Market Mutual Fund Investment Platform,Noida,LetsVenture Rajan Anandan Basab Pradhan Vivek Khare and Bijoy George,Seed/Angel Funding,450000.0
234,14-06-2018,HomeLane,Consumer Internet,Online Home Furnishing Solutions,Bengaluru,Brand Capital,Seed/Angel Funding,3450000.0
235,14-06-2018,Network Intelligence,Technology,Cybersecurity Specialist,Mumbai,Helix Investments,Private Equity,4800000.0
236,18-06-2018,Tynor Othontics,Healthcare,Prosthetics Manufacturers,Chandigarh,Lighthouse Funds & Thuasne Participations,Private Equity,21000000.0
237,18-06-2018,Elucidata,IT,Data Analytics (SaaS),Delhi & Cambridge,Hyperplane Venture Capital and several angel investors,Seed/Angel Funding,1700000.0
239,19-06-2018,RentSher,Consumer Internet,Online Rental Marketplace,Bengaluru,Shorooq Investments LetsVenture & Others,Seed/Angel Funding,1100000.0
240,20-06-2018,Drip capital,Finance,Trade Finance Firm,Mumbai,Accel Partners Sequoia India Y Combinator and others.,Private Equity,15000000.0
241,22-06-2018,WickedRide,Consumer Internet,Online Motorbike And Scooter Rental Platforms,Bengaluru,Sequoia Capital Accel Partners & Raghunandan Gangappa,Private Equity,9100000.0
242,25-06-2018,PolicyBazaar,Consumer Internet,Online Insurance Selling Platform,Gurugram,SoftBank Vision Fund & Info Edge (India) Ltd,Private Equity,200000000.0
243,25-06-2018,HipBar,Consumer Internet,Digital Payment Platform For Beverage Delivery,Bengaluru,Diageo India,Private Equity,4000000.0
244,25-06-2018,Sqqrl,Finance,App-based investment platform,Gurugram,Equanimity Venture Fund,Seed/Angel Funding,1000000.0
245,26-06-2018,Paytm,Technology,Digital Payment Platform,Noida,One 97 Communications,Private Equity,8950000.0
246,26-06-2018,Sigtuple,Healthcare,Data Driven Intelligence Solutions Platform,Bengaluru,Accel Partners IDG Venture Endiya Partners pi Ventures VH Capital Axilor Ventures and Binny Bansal,Private Equity,19000000.0
247,27-06-2018,Wow Express,Technology,E-commerce Logistics Platform,Mumbai,Undisclosed Existing Investors As Well As The Tamarind Family Trust,Private Equity,4500000.0
248,28-06-2018,Front Desk AI,Technology,An AI Platform Offering Automated Customer Service Software,Bengaluru,Speciale Invest & Others,Seed/Angel Funding,1100000.0
249,28-06-2018,Edureka,Ed-Tech,Online Education Platform,Bengaluru,Leo Capital,Seed/Angel Funding,2000000.0
251,02-05-2018,OpenTap,Finance,Online Lending Platform,Chennai,Unknown High Net-Worth Individuals,Seed/Angel Funding,450000.0
252,02-05-2018,Bizongo,Consumer Internet,Aggregator For Packaging Material,Mumbai,B Capital International Finance Corporation (IFC) Accel Partners and IDG Ventures,Private Equity,22000000.0
253,03-05-2018,Disprz,IT,SaaS,Chennai,IL&FS Private Equity Kae Capital & Others,Seed/Angel Funding,2500000.0
254,07-05-2018,PaisaDukan,Consumer Internet,P2P Lending Platform,Mumbai,,Seed/Angel Funding,225000.0
255,09-05-2018,i3sysytems,Technology,AI product company For Health and Life Insurane Companies,Mumbai,Unitus Ventures Behram Vakil and Jerxis Vandrevala,Seed/Angel Funding,1000000.0
256,11-05-2018,Earth Food,Consumer Internet,Agri-tech,Pune,Rairah Corporation,Seed/Angel Funding,949000.0
257,14-05-2018,Nykaa,Consumer Internet,Beauty e-tailer,Mumbai,Sunil Munjal Harsh Mariwala Dalip Pathak and Others,Private Equity,24000000.0
258,16-05-2018,mfine,Healthcare,Doctor-Consultation App,Bengaluru,Prime Venture Partners Stellaris Venture Partners and Mayur Abhaya Srisrimal,Private Equity,4200000.0
259,21-05-2018,Rocketium,Technology,Online Video Creation Platform,Bengaluru,Blume ventures,Seed/Angel Funding,300000.0
260,21-05-2018,MilkBasket,Technology,Micro-Delivery Grocery Startup,Gurugram,Kalaari Capital Unilever Ventures and Blume Ventures,Private Equity,7000000.0
261,22-05-2018,Vola,Finance,Micro Lending Platform,Bengaluru,Credika and unnamed angel investors,Seed/Angel Funding,500000.0
262,22-05-2018,Cashkumar,Consumer Internet,P2P Lending Platform,Bengaluru,LetsVenture,Seed/Angel Funding,735000.0
263,23-05-2018,Edyoo,E-Commerce,Products For Shoolgoing Children,Bengaluru,RS Shanbag,Seed/Angel Funding,735000.0
264,23-05-2018,Aashiyaan,Finance,Housing Finance For Low-Income Families,Kolkata,Insistor Oikocredit,Seed/Angel Funding,2000000.0
265,24-05-2018,Smartivity,Ed-tech,Designer Of Toys and Learning Projects For Kids,Delhi,Ashish Kacholi S Chand Group,Seed/Angel Funding,2000000.0
266,24-05-2018,Bonphulapl,Clean-tech,Oxygen Optimiser Manufacturer,Delhi,Atul Gupta and Saurabh Rastogi,Seed/Angel Funding,293000.0
267,27-05-2018,Acko,Consumer Internet,Online Insurance Platform,Mumbai,Amazon Ashish Dhawan Catamaran Ventures NR Narayana Murthy.,Seed/Angel Funding,12000000.0
268,28-05-2018,HWell24,Healthcare,Home Healthcare Aggregator,Mumbai,Prashant Mehta Mitali Pawar Nikhil G and Bhavesh P R Ranganathan ONCOTRUST and Medintel Services Pvt. Ltd,Seed/Angel Funding,200000.0
269,29-05-2018,Toffee,Consumer Internet,Online Insurance Platform,Gurugram,Kalaari Capital Omidyar Network and Accion Venture Labs,Seed/Angel Funding,1500000.0
270,29-05-2018,Tonetag,Technology,Mobile Payments Technology Platform,Bengaluru,Amazon Inc. and Mastercard,Private Equity,8000000.0
272,30-05-2018,Stellaps,Technology,Iot Application Platform In Agriculture,Bengaluru,IndusAge Partners Bill & Melinda Gates Foundation Qualcomm Venture ABB Technology Ventures Omnivore Blume Ventures Venture Highway and BEENEXT,Private Equity,14000000.0
273,31-05-2018,Credright,Consumer Internet,Lending Platform For SMEs,Hyderabad,Accion Venture Lab YourNest Venture Capital And Other Angel Investors,Seed/Angel Funding,1300000.0
274,02-04-2018,Fitternity,Consumer Internet,Online Fitness Discovey Platform,Mumbai,Exfinity Venture Saha fund Partners Arihant Patni of Patni Family Office Anjali Bansal Shardul Amarchand Mangaldas Satish Khanna and Taparia family office.,Private Equity,2000000.0
275,02-04-2018,Synctag,Technology,Social Media Anlaytics Platform,Coimbatore,Subhkam Ventures and Mohit Khadaria,Seed/Angel Funding,307600.0
277,02-04-2018,Finzy,Consumer Internet,Online Loan Matchmaking Platform,Bengaluru,,Seed/Angel Funding,1300000.0
278,04-04-2018,Varthana,Finance,Loans and Services To Affordable Private Schools in India,Bengaluru,ChrysCapital Existing investors Elevar Equity LGT Impact Omidyar Network and Kaizen Private Equity also participated in the round,Private Equity,55000000.0
279,05-04-2018,IndigoLearn,Ed-Tech,Online Education Platform,Hyderabad,Maheshwar Peri founder and chairman of career information portal Careers360 and Jamshed Jeejeebhoy director at Byramjee Jeejeebhoy Pvt. Ltd were among the angels,Seed/Angel Funding,150000.0
280,05-04-2018,Vedantu,Ed-Tech,Interactive Online Tutoring Platform,Bangalore,Accel Partners Tiger Global And Others,Private Equity,10000000.0
281,09-04-2018,Kaleidofin,Fiinance,Digital Financial Services Platform,Chennai,Omidyar Network. Blume Ventures and Professor Shlomo Ben-Haim,Seed/Angel Funding,2800000.0
282,09-04-2018,Pipabella,Consumer Internet,Fashion Accessories Etailer,Mumbai,Fireside Ventures,Seed/Angel Funding,1000000.0
284,09-04-2018,Kriger Campus,Ed-Tech,Mobile-Based Education Network,Delhi,,Seed/Angel Funding,46140.0
286,10-04-2018,TravelTriangle,Consumer Internet,Online Travel Marketplace,Gurugram,Fundamentum SAIF Partners Bessemer Venture Partners RB investments & Others,Private Equity,12000000.0
287,12-04-2018,Letsmd,Healthcare,Platform To Discover Healthcare Financing Options,Delhi,SRI Capital Waterbridge Ventures and ThinKuvate,Seed/Angel Funding,1000000.0
288,12-04-2018,AyeFinance,Finance,Online Lending Platform,Gurugram,BlueOrchard Finance Ltd Hinduja Leyland Finance and IntelleGrow,Debt Funding,4600000.0
289,13-04-2018,mintifi,Finance,Online Lending Platform,Mumbai,Lok Capital,Seed/Angel Funding,2000000.0
290,16-04-2018,icanstay,Consumer Internet,Online Platform For Luxury Hotel Stay For Business Travelers,Delhi,Mr. Manoj Prasad,Seed/Angel Funding,500000.0
292,18-04-2018,Coverfox,Consumer Internet,Online Insurance Aggregator,Mumbai,International Finance Corporation Transamerica and others.,Private Equity,22000000.0
295,19-04-2018,Fyle Technologies,Technology,AI Based Expense Management Platform,Bengaluru,Pravega Ventures and Beenext,Seed/Angel Funding,1100000.0
296,19-04-2018,True Balance,Technology,Mobile Balance Checking App,Gurugram,Line Ventures Corporation Line Corp Naver Shinhan Bank and TS Investment,Private Equity,23000000.0
298,22-04-2018,Doxper,Healthcare,Digitized Health-Tech Solutions For Practitioners,Mumbai,Vidal Healthcare,Seed/Angel Funding,1900000.0
299,22-04-2018,Nykaa,Consumer Internet,Beauty e-tailer,Mumbai,Sunil Munjal Harsh Mariwala Dalip Pathak and Others,Private Equity,11000000.0
300,23-04-2018,Mihuru,Finance,Online Platform Providing Micro Loans For Air Travel,Mumbai,,Seed/Angel Funding,150000.0
301,23-04-2018,Capital Float,Finance,Online Lending Platform,Bengaluru,Amazon,Private Equity,22000000.0
302,25-04-2018,Trip shelf,Consumer Internet,Online Travel Marketplace,Delhi,GEMS Advisory Alok Mittal and Sachin Bhatia,Seed/Angel Funding,246000.0
303,26-04-2018,POPxo,Technology,Women Focussed Digital Media Platform,Delhi,Neoplux OPPO IDG Ventures India Kalaari Capital GREE Ventures and Summit Media,Private Equity,5500000.0
305,27-04-2018,1mg,Consumer Internet,Online Pharmacy Store,Gurugram,Sequoia Capital Maverick Capital Ltd and HBM Healthcare Investments Ltd,Private Equity,10000000.0
307,30-04-2018,Samco,Consumer Internet,Online Stock Broker,Mumbai,Bay Capital Investments and Others,Private Equity,7500000.0
308,30-04-2018,MyLoanCare,Finance,B2C Online Loans Marketplace,Gurgaon,SAR Group,Seed/Angel Funding,978000.0
310,01-03-2018,Buddy4studdy,Consumer Internet,Online Scholarship Portal,Noida,CBA Capital and others,Private Equity,3000000.0
311,01-03-2018,Urban Ladder,E-Commerce,Online Furniture Store,Bengaluru,Sequoia Capital SAIF Partners and Kalaari capital,Private Equity,12000000.0
312,03-03-2018,Kuvera,Consumer Internet,Online Financial Planning,Bengaluru,Baskar Subramanian Saket Kumar Gaurav Suri and Ankit Kesarwani,Seed/Angel Funding,250000.0
313,04-03-2018,Gramophone,Technology,Agri-tech,Indore,InfoEdge,Seed/Angel Funding,1000000.0
314,05-03-2018,Wellthy,Healthcare,Therapeutics,Mumbai,Ranjan Pai Apoorva Patni Beenext VenturesGrowX Ventures,Private Equity,2100000.0
315,05-03-2018,MedGenome,Healthcare,Genetic Screening DNA Diagnostics Labs & Research Centers,Bengaluru,HDFC Life HDFC Asset Management,Private Equity,10000000.0
316,05-03-2018,Finova Capital,Consumer Internet,Online Lending,Jaipur,Sequoia Capital,Private Equity,6000000.0
317,05-03-2018,Hotelogix,Technology,Cloud based Online Hotel Management Software,Noida,Vertex Ventures Accel Partners and Saama Capital,Private Equity,5000000.0
318,04-03-2018,Livehealth,Consumer Internet,Health Service Aggregator Platform,Pune,Nexus Venture Partners,Seed/Angel Funding,1100000.0
319,06-03-2018,Ad2pro,Technology,Creative Design Brand Media and Technology Platform Solutions,Chennai,Avendus Finance Pvt. Ltd,Debt Funding,9700000.0
320,06-03-2018,Coverfox,Consumer Internet,Online Insurance Aggregator,Mumbai,Aegon NV,Private Equity,7600000.0
321,08-03-2018,Pepperfry,Consumer Internet,Online Furniture Shopping Store,Mumbai,State Street Global Advisors,Private Equity,38400000.0
322,08-03-2018,Magicpin,Consumer Internet,Hyperlocal Discovery,Gurugram,Trifecta Capital,Debt Funding,1000000.0
323,12-03-2018,HealthCare,Consumer Internet,Healthcare Aggregator,Mumbai,HR Fund,Seed/Angel Funding,1000000.0
324,13-03-2018,PineLabs,Technology,Digital Payment Platform,Mumbai,Actis Altimeter Capital,Private Equity,82000000.0
326,14-03-2018,AvailFinance,Consumer Internet,Online Lending Platform,Bengaluru,Matrix Partners Bhavish Aggarwal Ankit Bhati Binny Bansal Kunal Shah and Manish Patel.,Private Equity,17200000.0
327,15-03-2018,Grofers,Consumer Internet,Online Grocery Shop,Gurugram,SoftBank Tiger Global and Apoletto Managers.,Private Equity,62000000.0
328,19-03-2018,Fingerlix,Consumer Internet,Ready To cook Food Solution,Mumbai,Alteria Capital,Debt Funding,1310000.0
329,19-03-2018,Karma Healthcare,Healthcare,Technology enabled equitable healthcare for India,Udaipur,1Crowd Ankur Capital,Seed/Angel Funding,500000.0
330,19-03-2018,Zappfresh,Food & Beverages,Online Raw Meat E-tailer,Gurugram,Amit Burman SIDBI Venture Capital,Seed/Angel Funding,3000000.0
331,19-03-2018,CustomerSucessBox,Technology,Customer Success Software for B2B SaaS,Gurugram,Pi Ventures Axilor Ventures,Seed/Angel Funding,1000000.0
334,22-03-2018,Chargebee,Technology,Subscription Billing & Recurring Payments Software,Chennai,Insight Venture Partners Accel Partners and Tiger Global Management.,Private Equity,18000000.0
335,22-03-2018,i2i Funding,Consumer Internet,Online loan platform,Noida,SucSEED Venture Partners,Seed/Angel Funding,768000.0
336,22-03-2018,Slang Labs,Technology,Voice-based assistant platform,Bengaluru,Endiya Partners,Seed/Angel Funding,1240000.0
338,26-03-2018,Cash Suvidha,Consumer Internet,Online loan platform,Delhi,Initia HoldingsVipin Agarwal and others.,Seed/Angel Funding,1000000.0
339,28-03-2018,Roadcast,Technology,Fleet management and asset monitoring platform,Delhi,,Private Equity,250000.0
340,28-03-2018,Smartcoin,Finance,Micro lending company,Bengaluru,Accion Venture Lab Unicorn India Ventures and ISME ACE.,Seed/Angel Funding,2000000.0
341,27-03-2018,The Print,Media,News portal,Delhi,Ratan Tata,Seed/Angel Funding,535000.0
342,27-03-2018,DriveU,Technology,Professional Car Drivers Hiring App,Bengaluru,Amit Singhal and Unitus Seed Fund,Private Equity,3000000.0
344,01-02-2018,BigBasket,Consumer Internet,Online Grocery & Food Store,Bengaluru,Alibaba Helion Venture Partners Bessemer Venture Partners Ascent Capital,Private Equity,300000000.0
345,01-02-2018,Zomato,Food and Beverages,Food Ordering and Restaurant Discovery,Gurugram,Ant Financials,Private Equity,200000000.0
346,05-02-2018,Pratilipi,Publishing,E-Publishing,Bengaluru,Omidyar Network,Private Equity,4300000.0
347,05-02-2018,Asia Institute Of Medical Science,Healthcare,Super-specialty Hospital,Faridabad,CDC Group Plc,Private Equity,21000000.0
348,05-02-2018,CollegeDekho,Consumer Internet,Online platform for Higher Education Services,Gurugram,Man Capital LLP Girnar Software Others,Private Equity,2000000.0
350,06-02-2018,Healthi,Healthcare,Preventive Health Checkup,Bengaluru,Montane Ventures,Private Equity,3100000.0
351,07-02-2018,Swiggy,Food and Beverages,Online Food Delivery,Bengaluru,Naspers,Private Equity,100000000.0
352,08-02-2018,Shape,Healthcare,Online Portal for Dietfitness and Beauty,Pune,Sandeep Mathur,seed/angel Funding,100000000.0
353,08-02-2018,Icertis,Consumer Internet,Enterprise Contract Management Platform,Pune,Meritech Capital Partners,Private Equity,50000000.0
354,09-02-2018,healthifyme,Healthcare,Mobile Weight Loss Coach,Bengaluru,Sistema Asia Fund,Private Equity,12000000.0
356,09-02-2018,Rupeek,Consumer Internet,Online Gold Loan,Bengaluru,Accel Partners Sequoia Capital,Private Equity,6830000.0
358,12-02-2018,Lendingkart,Finance,Online Lending Platform,Bengaluru,Fullerton Financial Holdings Pte Ltd & Others,Private Equity,87000000.0
360,12-02-2018,Cashify,E-Commerce,Online Selling,Gurugram,Trifecta Capital,Debt Funding,935089.0
361,13-02-2018,holachef,Food and Beverages,Online Food Delivery,Mumbai,Ashok Kumar Gajera,seed/angel Funding,311200.0
363,13-02-2018,IMAX Program,Ed-Tech,Individualised Progressive Learning Program,Bengaluru,Michael & Susan Dell Foundation LGT Impact Ventures,Private Equity,13500000.0
364,14-02-2018,Littlemore,Ed-Tech,Online Education Platform,Chennai,Kalpavriksh,Private Equity,3000000.0
365,14-02-2018,Toppr,Ed-Tech,Online Education Platform,Mumbai,Axis Capital Partners,Private Equity,100000.0
366,14-02-2018,Shirsa Labs,Ed-Tech,Integrated Kids Engagement Company,Mumbai,Dewang Neralla Mahesh KothurkarAtul Agarwal,Private Equity,500000.0
367,14-02-2018,MoneyOnMobile,Technology,mobile payment platform,Mumbai,S7 Group,Private Equity,5000000.0
368,15-02-2018,PetSutra,Consumer Internet,Online Pet Care Products,Gurugram,Michael Patrick Hickey,Seed/Angel Funding,148434.0
369,15-02-2018,Infibeam,E-Commerce,Online Retailing,Ahemadabad,Network 18,Private Equity,6230000.0
370,16-02-2018,happay,Finance,Expense Management,Bengaluru,Sequoia and Jerry Yang,Seed/Angel Funding,250000.0
371,16-02-2018,Fincash,Finance,Fin-Tech,Mumbai,Mohammed Khan Sameer Narayan & Others,Seed/Angel Funding,150000.0
372,19-02-2018,AyeFinance,Finance,Online Lending,Gurugram,Hinduja Leyland Finance IntelleGrow,Private Equity,3800000.0
373,20-02-2018,Agricxlab,Agriculture,Agri-tech,Mumbai,Ankur Capital,Seed/Angel Funding,500000.0
374,21-02-2018,Udaan,E-Commerce,B2B Marketplace,Bengaluru,Lightspeed & Yuri Milner,Private Equity,50000000.0
375,21-02-2018,Capillary,IT,SaaS,Bengaluru,Wargburg Pincus Sequoia,Private Equity,20000000.0
376,21-02-2018,The Healthy Billions,Healthcare,Analytics,Gurugram,Blume Ventures HealthQuad and Fireside Ventures,Private Equity,2100000.0
378,26-02-2018,Avishkaar Box,Ed-Tech,Education,Delhi,Auxano Deals,Private Equity,772500.0
379,26-02-2018,Planys Technologies,Technology,Robotic InspectionStartup,Chennai,Kris Gopalakrishnan Pratithi Investment Trust MEMG Family Office S Gopal,Private Equity,1040000.0
381,27-02-2018,Trilyo,Technology,AI platform for hospitality industry,Mumbai,Startup BuddyAmit Manocha and others,Seed/Angel Funding,250000.0
382,28-02-2018,Gaana,Technology,Online Music Streaming,Gurugram,Tencent Holdings Ltd Times Internet,Private Equity,115000000.0
383,28-02-2018,Credy,IT,SaaS,Bengaluru,Y Combinator Khosla Ventures Vy Capital and others,Seed/Angel Funding,1400000.0
386,04-01-2018,EarlySalary,Finance,Online Lending,Pune,Eight Roads Ventures India,Private,15700000.0
389,09-01-2018,Lendingkart,Finance,Online Lending,Ahmedabad,Nederlandse Financierings-Maatschappij voor Ontwikkelingslanden N.V.,Debt Funding,4700000.0
390,09-01-2018,Kinsane Entertainment Inc,Entertainment,Digital Entertainment for Children,Mumbai,,Seed/Angel Funding,2500000.0
391,10-01-2018,Tapzo,Technology,Personal Assistant,Bengaluru,RuNet & Other,Private Equity,1930000.0
392,10-01-2018,Appario Retail Pvt Ltd.,E-commerce,Retail,Delhi,Amazon-Patni JV,Private Equity,18840000.0
393,10-01-2018,Samunnati,Finance,Agricultural Loan,Chennai,responsAbility Elevar Equity and Accel Partners,Private Equity,23500000.0
394,10-01-2018,Sahajanand Medical Technologies,Technology,Medical Devices,Surat,Morgan Stanley Private Equity Asia,Private Equity,36230000.0
395,12-01-2018,Kuants,Technology,Algorithmic Trading,Gurgaon,Pankaj Chopra Ankush Gupta,seed/angel Funding,80000.0
396,12-01-2018,Razorpay,Technology,Payment Gateway,Bengaluru,Tiger Global Y Combinator,Private Equity,20000000.0
397,15-01-2018,Streak,Technology,Algorithmic Trading,Bengaluru,Indian fintech fund Rainmatter,seed/angel Funding,354600.0
398,15-01-2018,pi Ventures,Finance,Venture Capital,Bengaluru,Sunil Kant Munjal Hero Electronixs corporate financing arm Electronic Development Fund,Private Equity,25000000.0
399,15-01-2018,Newgen Software,Technology,IT,New Delhi,Goldman Sachs hedge fund & Others,Private Equity,20000000.0
400,17-01-2018,Rubix,Technology,Education,Pune,Polaris Fund,Private Equity,1000000.0
401,18-01-2018,ShareChat,Technology,Social,Bengaluru,Xiaomi Singapore Shunwei Capital,Private Equity,18200000.0
402,22-01-2018,Paperflite,Technology,IT,Chennai,The Chennai Angels,seed/angel Funding,400000.0
403,22-01-2018,HungerBox,Consumer Internet,Food and Beverages,Bangalore,Lionrock Capital,Private Equity,2500000.0
405,22-01-2018,OptaCredit,Finance,Alternative Lending,Chennai,DMI Finance,Private Equity,4000000.0
406,22-01-2018,AEON Learning,Technology,Education,Bengaluru,Dr. Ranjan Pai,Private Equity,3200000.0
407,23-01-2018,Milkbasket,E-commerce,Online Grocery,Gurugram,Unilever Ventures,Private Equity,3000000.0
408,24-01-2018,NeoGrowth Credit,Finance,Digital Lending,Mumbai,LeapFrog Investments Aspada Investment Quona Capital,Private Equity,47000000.0
409,24-01-2018,Rao IIT Academy,Education,Coaching Services,Mumbai,Avendus Finance,Structured Debt,8600000.0
410,24-01-2018,Aye Finance,Finance,Online Lending,Gurugram,IFMR Capital,Term Loan,6240000.0
412,25-01-2018,GreyAtom,Technology,Education,Mumbai,Pravega Ventures,Private Equity,1000000.0
413,26-01-2018,Axio,Healthcare,Hemostatic Dressing Solutions,Bengaluru,RNT Capital,Private Equity,7400000.0
414,29-01-2018,eKincare,Healthcare,Technology,Hyderabad,Ventureast Endiya Partners Eight Roads Ventures Touchstone Equities BVR Mohan Reddy,Private Equity,1500000.0
415,29-01-2018,The Wedding Brigade,Consumer internet,Online Services,Mumbai,Blume Ventures,Private Equity,1000000.0
416,30-01-2018,PeeSafe,Healthcare,Hygiene,Gurugram,Shivani Singh Rahul Maroli Mitesh Shah Venture Catalysts Alfa Capital Green Shots Capital Real Time Ventures.,Private Equity,1000000.0
417,30-01-2018,BrowserStack,Technology,Browser Testing,Mumbai,Accel Partners,Private Equity,50000000.0
418,30-01-2018,Scapic,Technology,Virtual Reality,Bengaluru,Axilor Ventures Newfort Capital,seed/angel Funding,500000.0
419,30-01-2018,MoneyOnMobile,Technology,Mobile Payment Platform,Mumbai,Undisclosed Investors,Private Equity,7600000.0
420,30-01-2018,CureFit,Healthcare,Fitness,Bengaluru,HDFC Bank Axis Bank,Debt Funding,10000000.0
421,31-01-2018,iNurture,Technology,Education Solutions,Bengaluru,Ventureast,Private Equity,4400000.0
423,05-12-2017,Dunzo,Technology,Daily Task Management Mobile App,Bangalore,Google,Private Equity,12300000.0
424,05-12-2017,Tata Housing,Real Estate,Residential Project,Mumbai,Hines,Private Equity,23000000.0
425,05-12-2017,HandyTrain,Technology,Mobile Learning Management Platform,Goa,NB Ventures,Private Equity,1000000.0
426,05-12-2017,Mobycy,Technology,Bicycle sharing Platform,Gurgaon,Undisclosed Investors,Seed/Angel Funding,500000.0
427,06-12-2017,Greenlight Planet,Technology,Off-grid solar products platform,Mumbai,Apis Partner Eight Roads Ventures Bamboo Capital Partners,Private Equity,60000000.0
428,06-12-2017,Fintobox,Technology,Child Learning & Development Platform,Chennai,Lightbox,Private Equity,7000000.0
429,07-12-2017,Mswipe,Technology,Mobile point of sale services provider,Mumbai,Eduardo Saverin,Private Equity,10000000.0
430,07-12-2017,The Label Life,E-Commerce,Home Decor and Online Fashion Portal,Mumbai,Kalpvriksh,Private Equity,3100000.0
431,07-12-2017,Cygnus Hospitals,Healthcare,Super speciality Hospitals,Gurgaon,Somerset Indus Capital Ventures,Seed/Angel Funding,750000.0
432,07-12-2017,eShakti,E-commerce,Women's Fashion Clothing Online Platform,Chennai,IDG Ventures,Debt Funding,2300000.0
433,08-12-2017,Inshorts,Technology,Mobile News Curation App,Noida,Tiger Global,Private Equity,5000000.0
434,11-12-2017,Vahdam Tea,E-Commerce,Online Platform Selling Indian Tea Globally,Delhi,Singapore Angel Network Mumbai Angel,Private Equity,1500000.0
435,11-12-2017,Logic Roots,Technology,Educational Platform to Learn Mathematics,Mumbai,Village Capital,Seed/Angel Funding,50000.0
436,11-12-2017,Project Mudra,Technology,Assisting Visually Impaired to learn through Braille,Bengaluru,Village Capital,Seed/Angel Funding,50000.0
437,11-12-2017,Furlenco,Technology,Furniture Rental Platform,Bengaluru,Aamir Khan,Debt Funding,1200000.0
438,12-12-2017,I Can Stay,Technology,Hotel Aggregator Platform,Delhi,HT Media,Private Equity,1800000.0
440,12-12-2017,Simility,Technology,Adaptive Fraud Intelligence Platform,Hyderabad,Accel Partners,Private Equity,17500000.0
441,12-12-2017,Shopholix,E-Commerce,Fashion and Lifestyle Coupon Platform,Gurgaon,Munesh Khanna,Seed/Angel Funding,233000.0
442,13-12-2017,MindTickle,Technology,Gamification Platform to train Sales People,Pune,Canaan Partners,Private Equity,27000000.0
443,13-12-2017,Nazara Technologies,Technology,Mobile Games Development Firm,Mumbai,Rakesh Jhunjhunwala,Private Equity,27000000.0
444,13-12-2017,DocsApp,Technology,Mobile Application for Doctor Consultation,Bengaluru,Bessemer Venture Partners,Private Equity,7200000.0
446,14-12-2017,Tea Box,E-Commerce,Fresh Indian Tea Selling Platform across 112 countries,Bengaluru,RB Investments,Private Equity,7000000.0
447,14-12-2017,Transversal Technologies,Technology,Hyperlocal Video Information Sharing Platform,Bengaluru,Matrix Partners,Private Equity,6000000.0
448,14-12-2017,Curofy,Technology,Mobile App for Network of Doctors,Gurgaon,RoundGlass Partners LLC,Seed/Angel Funding,250000.0
449,14-12-2017,HomeLane,E-Commerce,Online Furniture Marketplace,Bengaluru,Accel Partners Sequoia Capital RB Investments,Private Equity,10000000.0
451,15-12-2017,Purplle,E-Commerce,Beauty Products Online Marketplace,Mumbai,Mountain Pain Capital Suncoast Investments,Seed/Angel Funding,537000.0
452,15-12-2017,Cash Suvidha,E-Commerce,Online Micro-Lending Platform,Delhi,,Debt Funding,2700000.0
454,19-12-2017,Springboard,Technology,Online Courses and Mentoring from Experts,Bengaluru,Costanoa Learn Capital Jyoti Bansal,Private Equity,9500000.0
456,19-12-2017,9Stacks,Technology,Online Poker Platform,Delhi,Swati Gupta Purnima Khandelwal Maheshwar Peri Sanjay Singh,Private Equity,1500000.0
457,20-12-2017,Your Quote,Technology,Vernacular and Video Content Platform,Bengaluru,Axilor Ventures E-City VEntures Atul Goel,Private Equity,1000000.0
458,20-12-2017,Spandana Sphoorty,Finance,Micro finance institution providing small ticket unsecured loans to women,Hyderabad,Kedaraa Capital Ontario Teachers,Private Equity,19500000.0
459,21-12-2017,Indus OS,Technology,Regional Operating System for Smartphones,Mumbai,Omidyar Network,Private Equity,4000000.0
460,21-12-2017,EasyEcom,E-Commerce,E-commerce enabler platform,Bengaluru,Ambarish Gupta Aneesh Reddy Bold Ventures Vona Investments,Seed/Angel Funding,150000.0
462,26-12-2017,Specsmakers,E-Commerce,Online Spects Platform for Men and Women,Chennai,Eight Roads Ventures India,Private Equity,10000000.0
464,27-12-2017,Foyr.com,Technology,Realty Tech Startup solving real life Interior Designing problems,Hyderabad,Jones Lang LaSalle,Private Equity,3800000.0
465,02-11-2017,Prest Loans,Finance,Business & SME Loans provider,New Delhi,Manish Poddar Arun Garg Parmeshwar Sharma,Seed Funding,570000.0
468,03-11-2017,Vagupu,Technology,Online Tutorial Marketplace,Bangalore,Undisclosed Investors,Seed Funding,1000000.0
470,03-11-2017,Kalpnik Technologies,Technology,VR based Spiritual platform,Bangalore,Venture Catalysts,Seed Funding,500000.0
471,04-11-2017,Hevo Data,Technology,Real time data analytics & reporting,Bangalore,IDG Ventures India,Private Equity,1000000.0
475,07-11-2017,DocTalk,Technology,Doctor Patient Communication platform,Mumbai,Matrix Partners India Khosla Ventures,Private Equity,5000000.0
476,07-11-2017,CoveIoT,Technology,Wearable tech and Internet of Things platform,Bangalore,Titan Co Ltd Tata Groups watch and jewellery retailing firm,Private Equity,5000000.0
477,08-11-2017,TalentEdge,Technology,Distance Education Learning Platform,Bangalore,Lumis Partners,Private Equity,7600000.0
478,08-11-2017,Fisdom,Finance,Mutual Fund Investment App,Bangalore,Quona Capital Management,Private Equity,3000000.0
479,08-11-2017,FarmLink,E-commerce,Online platform for Agricultural products,Mumbai,Pioneering Ventures Syngenta AG,Private Equity,3000000.0
480,08-11-2017,OpenApp,Technology,IoT based Tech Startup,Bangalore,Axilor Ventures Kumar Vembu,Private Equity,3600000.0
481,09-11-2017,NoPaperForms,Technology,Enrolment Management Platform,Delhi,Info Edge,Seed Funding,872000.0
484,10-11-2017,Qubole,Technology,Big Data based analytics platform,Bangalore,Singtel Innov8 Harmony Partners,Private Equity,25000000.0
486,13-11-2017,Universal Sportsbiz Pvt. Ltd,E-commerce,Celebrity fashion accessories and merchandise,Mumbai,Accel Partners,PrivateEquity,15000000.0
488,14-11-2017,Active AI,Technology,AI based FinTech platform,Bangalore,Vertex Ventures,Private Equity,8250000.0
489,15-11-2017,Sumeru,Technology,Banking Software License Platform,Bangalore,Undisclosed Investors,Seed Funding,900000.0
491,15-11-2017,Omnia Information,Technology,WiFi Analytics Platform,Delhi,Omidyar Network,Private Equity,3000000.0
494,17-11-2017,Kanhaiya,Inspiration,Storytelling platform,Hyderabad,Undisclosed Investors,Seed/Angel Funding,200000.0
496,20-11-2017,ONN Bikes,Technology,Self riding bike rental program,Mumbai,Z Nation Lab,Seed/Angel Funding,692000.0
497,21-11-2017,Rapido,Technology,Bike and Taxi pooling online platform,Hyderabad,Skycatcher Fund Aravind Sanka,Seed/Angel Funding,329230.0
498,21-11-2017,Heckyl,Technology,Big Data Analytics Platform,Mumbai,Notion Capital IDG Ventures,Private Equity,2700000.0
499,21-11-2017,Nuvepro,Technology,Managed Cloud Environment Solutions,Mumbai,1Crowd,Seed/Angel Funding,400000.0
500,21-11-2017,RedBook,Technology,AI based pharmacy drugs insights platform,Mumbai,Vida Ventures Dr. Aniruddha Malpani,Seed/Angel Funding,250000.0
501,21-11-2017,Portea,Healthcare,Healthcare facilities at doorstep,Bangalore,Sabre Partners MEMG CDC,Private Equity,26000000.0
503,21-11-2017,Epiq Capital,Finance,Tech based investor firm,Mumbai,Global Institutional Investors,Private Equity,200000000.0
506,24-11-2017,IDG Ventures,Finance,Venture Capitalist,Bangalore,Uniliver Ventures,Private Equity,10000000.0
507,24-11-2017,TempGo,Technology,IoT and SaaS based transportation platform,Goa,Javelin StartupO Victory Fund,Seed/Angel Funding,250000.0
508,27-11-2017,Edelweiss,Finance,Diversified Financial,Mumbai,Undisclosed investors,Private Equity,270000000.0
509,27-11-2017,ERA,Technology,Identity management platform,Mumbai,Amit Patni,Seed/Angel Funding,39000.0
510,27-11-2017,Smaaash,Technology,Virtual Reality based gaming platform,Mumbai,Sixth Sense Ventures,Private Equity,3800000.0
511,28-11-2017,Chumbak,Lifestyle,Designer-led consumer products,Bangalore,Gaja Capital,Private Equity,13000000.0
512,28-11-2017,FR8,Technology,Online Truck aggregator platform,Chennai,IFMR Capital,Debt Funding,1500000.0
513,28-11-2017,MobieFit,Healthcare,Health and fitness based mobile App,Goa,NB Ventures MediAssist,Seed/Angel Funding,1350000.0
514,28-11-2017,Stanza Living,Technology,Student accommodation platform,Delhi,Matrix PArtners Accel,Private Equity,2000000.0
517,03-10-2017,Ola Cabs,Consumer Internet,App based cab hailing services,Bangalore,Tencent Softbank Group,Private Equity,110000000.0
519,04-10-2017,CollPoll,Consumer Internet,Education collaboration platform,Bangalore,Sprout Angels,Seed Funding,306000.0
520,04-10-2017,PhonePe,Consumer Internet,Digital Wallet,Bangalore,Flipkart,Private Equity,38700000.0
521,05-10-2017,Little Black Book,Consumer Internet,Local Recommendations and Discoveries Platform,New Delhi,Blume Ventures IDG Ventures & Indian Angel Network,Private Equity,1000000.0
522,05-10-2017,Oorjan,Technology,rooftop solar platform,Mumbai,Globevestor,Seed Funding,450000.0
523,05-10-2017,Zefo,E-commerce,E-commerce Portal for Used Goods,Bangalore,Sequoia India Helion Venture Partners Beenext,Private Equity,9200000.0
524,06-10-2017,Yaantra,E-commerce,Mobile repair and Refurbishment platform,New Delhi,Carpediem Capital,Private Equity,3100000.0
525,06-10-2017,Farm Taaza,Technology,Fresh Produce SCM company,Bangalore,Epsilon Venture Partners Tara India Fund IV and others,Private Equity,8000000.0
526,06-10-2017,Drivezy,Consumer Internet,Self Drive car and bike rental platform,Bangalore,Das Capital Axan Partners Das Capital and IT Farm,Private Equity,10000000.0
527,06-10-2017,Slice Pay,Consumer Internet,Student Micro-financing platform,Bangalore,Das Capital Simile Ventures,Private Equity,2000000.0
529,09-10-2017,MyGubbi,E-commerce,Home Interior Designing Seller,Bangalore,Firoze Irani Vipul Parekh Ananda Kallugadde Rajesh K Murthy,Private Equity,2700000.0
532,09-10-2017,OneStepUp,Technology,Education Technology platform,New Delhi,Orient BlackSwan,Seed Funding,336000.0
534,10-10-2017,Parallel Dots,Technology,AI-powered deep learning solutions,Gurgaon,Multipoint Capital,Private Equity,1400000.0
535,10-10-2017,Easy Diner,Consumer Internet,online restaurant reservation platform,Gurgaon,Saama Capital and DSG Consumer Partners,Private Equity,4500000.0
536,11-10-2017,Meesho,E-commerce,Online Reseller Network,Bangalore,SAIF Partners YCombinator Venture Highway,Private Equity,3100000.0
537,11-10-2017,StanPlus,Logistics,Medical Transportation Services,Hyderabad,KStart Capital,Private Equity,1100000.0
538,12-10-2017,UCLID,Technology,Education Network for Institutions teachers & Students,Hyderabad,Undisclosed investors,Seed Funding,235000.0
539,13-10-2017,Policy Bazaar,Consumer Internet,Online insurance policy aggregator,Gurgaon,Wellington Management DG Ventures India True North,Private Equity,77000000.0
540,13-10-2017,Gapoon,Consumer Internet,home maintenance services platform,Bangalore,Vida Ventures Snehal Mantri Anshu Bahadur,Seed Funding,250000.0
541,13-10-2017,Chaayos,E-commerce,Online Chai ordering platform,Gurgaon,Tiger Global Management,Private Equity,2000000.0
542,16-10-2017,KrazyBee,Consumer Internet,Micro-lending platform,Bangalore,Xiaomi Technologies Shunwei Capital,Private Equity,8000000.0
543,16-10-2017,Renew Buy,Consumer Internet,Online Insurance Aggregator,New Delhi,Amicus Capital,Private Equity,9200000.0
544,17-10-2017,Fingerlix,Consumer Internet,Food Ordering Portal,Bangalore,Accel Partners Zephyr Peacock,Private Equity,7000000.0
545,18-10-2017,Bank Bazaar,Consumer Internet,Online Financial Marketplace,Chennai,Experian,Private Equity,7000000.0
547,18-10-2017,BlackBuck,Logistics,B2B Logistics provider,Bangalore,Innoven Capital,Private Equity,7700000.0
548,18-10-2017,LenDen Club,Consumer Internet,Online peer-to-peer lending platform,Mumbai,Undisclosed Investor,Seed Funding,500000.0
549,23-10-2017,Toppr,Consumer Internet,Mobile based learning app,Mumbai,SAIF Partners Helion Ventures FIL Capital Management,Private Equity,7000000.0
550,23-10-2017,RAW Pressery,Food & Beverage,Cold pressed Juice maker,Mumbai,DSG Consumer Partners Sequoia Capital Saama Capital,Private Equity,6000000.0
551,23-10-2017,Cashe,Consumer Internet,app-only lending platform,Mumbai,IFMR Capital,Debt Funding,3100000.0
552,23-10-2017,Park Easy,Consumer Internet,Machine learning based parking discovery,Kolkata,Rockstart Accelerator,Seed Funding,118000.0
554,24-10-2017,FYRE,Food & Beverage,Herbal energy shot maker,Mumbai,Venture Catalysts,Seed Funding,500000.0
555,24-10-2017,ZipLoan,Consumer Internet,SME lending platform,New Delhi,Matrix Partners India WaterBridge Ventures Whiteboard Capital Sarbvir Singh,Private Equity,3000000.0
556,24-10-2017,Skillenza,Consumer Internet,Online Learning Platform,Bangalore,Blume Ventures Indian Angel Network,Seed Funding,722000.0
559,25-10-2017,SpotDraft,Consumer Internet,Contract Automation,Gurgaon,Hunch Ventures Spiral Ventures 500 Startups Singapore Angel Network Citrus Payments,Seed Funding,550000.0
560,26-10-2017,Big Basket,E-commerce,Online Grocery portal,Bangalore,Helion Ventures Partners,Private Equity,5000000.0
561,27-10-2017,OfBusiness,Technology,B2B Finance & Fulfilment Network,Gurgaon,Kotak Mahindra Bank,Debt Funding,3800000.0
563,28-10-2017,CashFree,Technology,Payments Platform for Marketplaces and Fintechs,New Delhi,Y Combinator,Seed Funding,120000.0
564,28-10-2017,Ola Cabs,Consumer Internet,App based cab hailing services,Bangalore,ANI Technologies Pvt. Ltd,Private Equity,7700000.0
565,30-10-2017,GoldFarm,Food & Beverage,Agriculture Technology,Coimbatore,Mahindra & Mahindra and Infuse Ventures,Private Equity,2000000.0
566,31-10-2017,NetMeds,E-commerce,Online Pharmacy,Chennai,TannCam Investment & Sistema Asia Fund,Private Equity,14000000.0
567,31-10-2017,MSE,Finance,Equity Stock Exchange,Mumbai,IL&FS Trust Capital Rosy Blue Securities Radhakrishan Damani and Rakesh Jhunjhunwala,Private Equity,32000000.0
568,01-09-2017,Aahaa Stores,eCommece,Online B2B store for office supplies,Chennai,YourNest Angel Fund,Private Equity,1000000.0
569,01-09-2017,MFine,Consumer Internet,Online Doctor Discovery platform,Bangalore,Stellaris Venture Partners Mayur Abhaya Rohit MA,Private Equity,1500000.0
570,01-09-2017,Canvera,Consumer Internet,Online Photography platform,Mumbai,InfoEdge,Private Equity,1300000.0
571,04-09-2017,PrimaryIO,Technology,Application Performance Acceleration,Pune,Accel Partners Exfinity Ventures Partech Ventures,Private Equity,5600000.0
572,05-09-2017,Shubh Loans,Consumer Internet,online lending platform,Bangalore,SRI Capital BeeNext Pravega Ventures,Private Equity,1500000.0
573,05-09-2017,Nest Education,Technology,EduTech Platform,Gurgaon,Michael and Susan Dell Foundation Anand Mahindra,Seed Funding,600000.0
574,06-09-2017,Lending Kart,Consumer Internet,Online Lending Platform,Ahmedabad,Bertelsmann India Mayfield Capital Saama Capital Darrin Capital,Private Equity,10750000.0
575,06-09-2017,GoFro,Consumer Internet,Online travel booking platform,New Delhi,HIS Co. Ltd MakeMyTrip,Private Equity,10000000.0
576,06-09-2017,OncoStem,Healthcare,Medical Diagnostic Solutions,Bangalore,Sequoia Capital India Artiman Ventures,Private Equity,6000000.0
577,06-09-2017,Power2SME,E-commerce,Buying Club for Small Businesses,Gurgaon,International Finance Corporation (IFC) Inventus Capital Partners Accel Partners Kalaari Capital and Nandan Nilekani,Private Equity,26000000.0
578,07-09-2017,Credit Vidya,Consumer Internet,Online Credit scoring platform,Mumbai,Matrix Partners,Private Equity,5000000.0
580,07-09-2017,OYO Rooms,Consumer Internet,Branded budget hotels marketplace,Gurgaon,SoftBank Group Sequoia Capital India Lightspeed Venture Partners Greenoaks Capital Hero Enterprise,Private Equity,250000000.0
581,07-09-2017,Early Salary,Consumer Internet,Online Unsecured Lending platform,Pune,IFMR Capital,Debt Funding,780000.0
583,07-09-2017,Seniority,E-commerce,E-commerce portal for senior citizens,Pune,RPG Enterprises,Private Equity,1000000.0
584,08-09-2017,AYE Finance,Consumer Internet,Micro Lending Platform,New Delhi,Triodos Investment Management,Debt Funding,6900000.0
586,11-09-2017,Ecom Express,Logistics,Logistics Solutions provider,New Delhi,Warburg Pincus,Private Equity,30000000.0
587,11-09-2017,Call Health,Consumer Internet,Healthcare Services Aggregator,Hyderabad,Sachin Tendulkar P.V SIndhu Pullela Gopichand,Private Equity,6200000.0
589,12-09-2017,3HCare,Consumer Internet,Healthcare services portal,New Delhi,Undisclosed Investor,Seed Funding,100000.0
590,12-09-2017,Tonbo Imaging,Technology,Imaging Technology for Armed Forces,Bangalore,WRV Capital Qualcomm Ventures Edelweiss Private Equity Artiman Ventures,Private Equity,17000000.0
591,12-09-2017,Get My Parking,Consumer Internet,Smart Parking Enabler,New Delhi,IAN Fund Beenext Indian Angel Network,Private Equity,3000000.0
593,13-09-2017,Glowroad,Consumer Internet,women focussed customer-to-customer reseller network,Bangalore,Accel Partners,Private Equity,2000000.0
594,13-09-2017,OYO Rooms,Consumer Internet,budget hotel marketplace,Gurgaon,China Lodging Group,Private Equity,10000000.0
595,13-09-2017,Unacademy,Consumer Internet,Online learning platform,Mumbai,Sequoia Capital India SAIF Partners Nexus Venture Partners and Blume Ventures,Private Equity,11500000.0
596,13-09-2017,Heterogenous,Technology,Telecom & IoT platform,Chennai,Chennai Angels Keiretsu Forum & Others,Seed Funding,780000.0
598,14-09-2017,Smaaash,Technology,Virtual Reality gaming and entertainment platform,Mumbai,ECL Finance,Private Equity,44000000.0
599,14-09-2017,WheelStreet,Consumer Portal,Bike Rental Platform,Bangalore,Y Combinator,Seed Funding,120000.0
601,18-09-2017,The Moms Co,E-commerce,Pregnancy & Baby Care product etailer,Gurgaon,DSG Consumer Partners Saama Capital,Private Equity,1000000.0
603,19-09-2017,High Radius,Technology,Integrated receivables software solutions,Hyderabad,Susquehanna Growth Equity LLC,Private Equity,50000000.0
605,21-09-2017,SaveBC,Finance,financial services firm,Gaya,Incofin Investment Management.,Private Equity,6000000.0
608,21-09-2017,Homergize,E-commerce,Home Furnishing & Building material marketplace,Bangalore,LG Chandrasekhar,Private Equity,1000000.0
609,22-09-2017,Yatra.com,E-commerce,Online Travel Agency,Gurgaon,InnoVen Capital India,Debt Funding,15400000.0
612,25-09-2017,Synup,Technology,SME Marketing Management Solution,Bangalore,Vertex Ventures Prime Venture Partners.,Private Equity,6000000.0
615,25-09-2017,Rapido,Consumer Internet,Bike Aggregator Mobile App,Bangalore,Battery Road Digital Holdings LLC,Seed Funding,422000.0
616,25-09-2017,Sportobuddy,Consumer Internet,Sports & Sport related equipment portal,Mumbai,Mehul Shah,Seed Funding,150000.0
620,27-09-2017,Transerve,Technology,Geospatial Technology-based SaaS solutions,Mumbai,IL&FS Investment Managers Omidyar Network.,Private Equity,1600000.0
622,27-09-2017,Pitstop,Consumer Internet,Car repair and Servicing Platform,Bangalore,Blume Ventures Goldbell Group Anurag Srivastava Shailesh Rao Amiya Pathak Rajesh Yohanan and Rahul Garg,Private Equity,1000000.0
624,27-09-2017,MyUpchar,Consumer Internet,Local Language Health Information portal,New Delhi,LetsVenture,Seed Funding,300000.0
625,28-09-2017,Aadyah,Technology,Defense Tech & Aerospace startup,Bangalore,Keiretsu Forum,Private Equity,1000000.0
626,01-08-2017,TouchKin,Technology,Predictive Care Platform,Bangalore,Kae Capital,Private Equity,1300000.0
629,02-08-2017,Zepo,Consumer Internet,DIY E-commerce platform,Mumbai,Kunal Shah LetsVenture Anupam Mittal Hetal Sonpal,Seed Funding,500000.0
630,02-08-2017,Click2Clinic,Consumer Internet,healthcare service aggregator,Hyderabad,Narottam Thudi Shireesh Palle,Seed Funding,850000.0
631,03-08-2017,SpeedBox,Logistics,On-Demand Logistics Service provider,Mumbai,Cismat Cargo Services Pvt. Ltd.,Seed Funding,300000.0
639,08-08-2017,New Castle Technologies,Technology,Hospital Management Software,Chennai,Undisclosed investors,Seed Funding,243000.0
640,08-08-2017,My Forex Eye,Consumer Internet,foreign exchange services,New Delhi,Rahul Dev Kumar Rajesh Mahajan Ankit Sharma and others,Seed Funding,220000.0
641,09-08-2017,TruxApp,Logistics,Mobile based Logistics Service,New Delhi,Venugopal Dhoot Ajay Bhatia Tarun Khandelwal Ganpat Singhvi Mandhian family & Others,Seed Funding,3100000.0
642,09-08-2017,CroFarm,Technology,Agriculture Supply Chain solutions,Gurgaon,Factor[e] Ventures,Seed Funding,783000.0
645,11-08-2017,Flipkart,E-commerce,Online Marketplace,Bangalore,Softbank,Private Equity,2500000000.0
647,11-08-2017,Ola Cabs,Consumer Internet,App based cab aggregation Service,Gurgaon,Tekne Capital Management,Private Equity,36000000.0
649,14-08-2017,Digilend,Technology,Personal Loans & EMI solutions platform,Mumbai,InCred Finance Fullerton India Credit Company Ltd,Seed Funding,312000.0
650,15-08-2017,KNAB Finance,Consumer Internet,Unsecured Small Business Loans,Bangalore,InCred Krishnakumar Natarajan Ravi Bhardwaj,Seed Funding,385000.0
652,20-08-2017,Rootefy,E-commerce,Building material online store,New Delhi,Abhinav Gupta,Seed Funding,187000.0
653,21-08-2017,Uniphore,Technology,speech recognition startup,Chennai,IDG Ventures,Private Equity,6800000.0
654,21-08-2017,Cerebroz,Consumer Internet,E-Tech platform,Vadodara,Undisclosed HNIs,Seed Funding,734000.0
658,23-08-2017,Dhruva,Technology,Cloud data protection and management solutions,Pune,Riverwood Capital Sequoia Capital India Nexus Venture Partners Tenaya Capital,Private Equity,80000000.0
659,23-08-2017,Bombay Shaving Company,E-commerce,Men Grooming product etailer,New Delhi,Fireside Ventures,Private Equity,2300000.0
661,23-08-2017,Indiez,Technology,Software & Mobile app development platform,Bangalore,Haresh Chawla,Seed Funding,500000.0
662,24-08-2017,Ezetap,Technology,mPOS solutions provider,Bangalore,JS Capital Management Social Capital Horizons Ventures,Private Equity,16000000.0
663,25-08-2017,Ink Monk,Consumer Internet,Online printing marketplace,Chennai,VAMM Ventures Raksul Dena,Seed Funding,750000.0
664,25-08-2017,Medinfi,Consumer Internet,Online Doctor Discovery Platform,Bangalore,PBS Srinivas Vinod Martin,Seed Funding,125000.0
665,28-08-2017,Mobikon,Technology,Restaurant & Hotel CRM platform,Pune,Sistema Asia Fund C31 Ventures Qualgro.,Private Equity,7000000.0
666,29-08-2017,CureFit,Consumer Internet,End to End health and wellness platform.,Bangalore,Accel Partners IDG Ventures Kalaari Capital UC-RNT fund,Private Equity,25000000.0
667,29-08-2017,Doxper,Technology,Healthtech IoT platform,Mumbai,idal Health growx ventures Capier Investments Globevestor & others,Seed Funding,750000.0
669,30-08-2017,Treebo,Consumer Internet,Budget Hotel Aggregator platform,Bangalore,Ward Ferry Management and Karst Peak Capital,Private Equity,34000000.0
670,30-08-2017,MedGenome,Technology,Genomics Research and Diagnostics Solutions,Bangalore,Sequoia India Sofina s.a. Zodius Capital Kris Gopalakrishnan Lakshmi Narayanan,Private Equity,30000000.0
671,01-07-2017,Billion Loans,Consumer Internet,Peer to Peer Lending platform,Bangalore,Reliance Corporate Advisory Services Ltd,Seed Funding,1000000.0
672,03-07-2017,Ecolibriumenergy,Technology,Energy management solutions provider,Ahmedabad,Infuse Ventures JLL,Private Equity,2600000.0
673,04-07-2017,Droom,E-commerce,Online marketplace for automobiles,Gurgaon,Asset Management (Asia) Ltd Digital Garage Inc,Private Equity,20000000.0
674,05-07-2017,Jumbotail,E-commerce,online marketplace for food and grocery,Bangalore,Kalaari Capital Nexus India Capital Advisors,Private Equity,8500000.0
675,05-07-2017,Moglix,E-commerce,B2B marketplace for Industrial products,Noida,International Finance Corporation Rocketship Accel Partners Jungle Ventures Shailesh Rao Venture Highway,Private Equity,12000000.0
676,05-07-2017,Timesaverz,Consumer Internet,Hyperlocal home services provider,Mumbai,BCCL,Private Equity,1000000.0
679,07-07-2017,Clip App,Consumer Internet,Digital Media Video platform,Bangalore,India Quotient Shunwei Capital,Seed Funding,1000000.0
681,10-07-2017,Autorox.co,Technology,Workshop Management Software Platform,Hyderabad,Mitsui & Co.,Private Equity,3000000.0
682,11-07-2017,Fabogo,Consumer Internet,Salon & Spa Aggregation & Discovery platform,Pune,Dunamis Ventures Pte Ltd,Private Equity,2250000.0
683,11-07-2017,Flickstree,Consumer Internet,Video Content Discovery Platform,Mumbai,Venture Catalysts Sourav Ganguly Ankit Aditya Moksh Sports Ventures,Seed Funding,464000.0
685,12-07-2017,Innoviti,Technology,Digital payments solutions,Bangalore,SBI-FMO Fund Bessemer Venture Partners Catamaran Ventures,Private Equity,18500000.0
689,14-07-2017,QwikSpec,Technology,Construction site operations and analytics platform,Bangalore,Brigade Innovations LLP TV Mohandas Pai Suhail Rahman Bobby Reddy M George Oommen,Seed Funding,540000.0
690,14-07-2017,Chumbak,E-commerce,Designer consumer products Marketplace,Bangalore,Blacksoil Capital Pvt. Ltd,Private Equity,1700000.0
691,17-07-2017,Increff,Technology,Sales Solutions for Fashion Brands,Bangalore,Sequoia Capital Grey Orange Rajesh Ramaiah Anshuman Das Rishi Das,Seed Funding,2000000.0
692,17-07-2017,Vayana,Technology,Enterprise Banking Solutions,Pune,IDG Ventures India Advisors Jungle Ventures,Private Equity,4000000.0
697,19-07-2017,Rentomojo,Consumer Internet,Consumer Leasing Platform,Bangalore,ain Capital Ventures Renaud Laplanche,Private Equity,10000000.0
699,19-07-2017,Playablo,Technology,Gamified Learning App,Bangalore,ABI-Showatech (India) Ltd,Seed Funding,600000.0
700,20-07-2017,Trupay,Technology,Online payments platform,Gurgaon,Kae Capital M&S Partners,Seed Funding,700000.0
701,21-07-2017,Brick2Wall,E-commerce,Online Marketplace for Construction Material,Gurgaon,Subramani Somasundaram Sundeep Sahni Mayank Mittal & Others,Seed Funding,200000.0
705,25-07-2017,Noticeboard,Consumer Internet,Mobile-first Enterprise communication platform,Bangalore,Stellaris Venture Partners,Private Equity,1200000.0
706,25-07-2017,byju's,Consumer Internet,Mobile Learning App,Bangalore,Tencent Holdings,Private Equity,35000000.0
708,26-07-2017,Fab Hotels,Consumer Internet,Budget hotels brand & Aggregator Platform,New Delhi,Goldman Sachs,Private Equity,25000000.0
709,26-07-2017,ThinkerBell,Consumer Internet,Assisted Learning Startup,Bangalore,Indian Angel Network Anand Mahindra,Seed Funding,200000.0
710,27-07-2017,1mg,E-commerce,Online Pharmacy,Gurgaon,HBM Healthcare Investments Maverick Capital Ventures Sequoia India Omidyar Network and Kae Capital,Private Equity,15000000.0
712,28-07-2017,BigStylist,Consumer Internet,Beauty Services Marketplace,Mumbai,Info Edge (India) Ltd,Private Equity,1250000.0
715,02-06-2017,RentOnGo,E-commerce,Online Marketplace for Renting Bikes Electronics & Appliances,Bangalore,TVS Motor Company,Seed Funding,234000.0
716,05-06-2017,Goomo,Consumer Internet,Online Travel & Holiday Booking platform,Mumbai,Emerging India,Private Equity,50000000.0
718,06-06-2017,Spinny,E-commerce,Online Used Car marketplace,Gurgaon,Blume Ventures Indian Angel Network Kunal Shah Sandeep Tandon,Private Equity,1000000.0
721,06-06-2017,BHIVE Workspace,Consumer Internet,co-working spaces,Bangalore,Blume Ventures,Private Equity,1200000.0
722,06-06-2017,wayForward,Consumer Internet,Mobile app for Mental Health,New Delhi,Harsh Mahajan Farhan Naqvi Sreepathy Viswanathan,Seed Funding,1000000.0
725,07-06-2017,ZipLoan,Consumer Internet,Online lending platform,New Delhi,WaterBridge Ventures,Seed Funding,650000.0
726,07-06-2017,GrowFitter,Consumer Internet,health and fitness discovery platform,Mumbai,SQue Capital,Seed Funding,600000.0
727,08-06-2017,Stratfit,Consumer Internet,Health coaching programs,Hyderabad,Bodhtree Consulting Limited,Seed Funding,232000.0
728,08-06-2017,Multiplier Solutions,Technology,CRM Software for Healthcare space,Hyderabad,Norwest Venture Partners,Private Equity,1500000.0
729,08-06-2017,ABI Health,Technology,Unified Digital Health Platform,Bangalore,Norwest Venture Partners,Private Equity,1500000.0
730,08-06-2017,Stockal,Consumer Internet,App-based Investment advisory Services,Bangalore,Mohan Alexander R. Natarajan Vikrant Varshney Amit Sinha,Seed Funding,350000.0
731,09-06-2017,Guidoo,Consumer Internet,Travel & adventure planning platform,Mumbai,Pawan Borle Nirmal Singh Manish Prasad Vineet Varma Nick Haulkoury Abhai S. Rao,Seed Funding,300000.0
732,09-06-2017,eSahai.in,Consumer Internet,ambulance aggregator and medical taxi provider,Hyderabad,Dr Ramesh Ayyala Satya Muthyala,Seed Funding,250000.0
734,12-06-2017,LendingKart,Consumer Internet,Online Lending platform,Ahmedabad,Yes Bank,Debt Funding,7800000.0
735,12-06-2017,Boxx.ai,Technology,Artificial Intelligence,Bangalore,Unicorn India Ventures Venky Krishnakumar Suresh Shankar Vivek Bhargava,Private Equity,500000.0
736,12-06-2017,PeeSafe.in,Healthcare,Hygiene care product manufacturer,New Delhi,Venture Catalysts Alfa Capital Green Shots Capital Real Time Ventures,Private Equity,1000000.0
737,12-06-2017,Vista Rooms,Consumer Internet,Online rooms aggregation platform,Mumbai,Artha India Ventures Singularity Holdings Rajan Anandan Girish Mathrubootham,Seed Funding,776000.0
738,12-06-2017,CoverFox,Consumer Internet,Online insurance brokerage platform,Mumbai,Transamerica,Private Equity,15000000.0
740,13-06-2017,Goodera,Technology,CSR and sustainability management platform,Bangalore,Nexus Venture Partners Omidyar Network,Private Equity,5500000.0
742,14-06-2017,Ola,Consumer Internet,Cab Aggregation App,Bangalore,Tekne Capital Management LLC,Private Equity,50000000.0
744,14-06-2017,MrNeeds,Consumer Internet,Micro Food Delivery platform,Noida,undisclosed investors,Seed Funding,500000.0
745,15-06-2017,MoneyTap,Consumer Internet,Money Lending platform,Bangalore,Sequoia India NEA Prime Venture Partners,Private Equity,12300000.0
746,16-06-2017,Goodbox,E-commerce,Mobile SAAS E-commerce platform for SMEs,Bangalore,Nexus Venture Partners Mekin Maheshwari,Private Equity,1000000.0
747,16-06-2017,Fincash,Consumer Internet,Personal Finance platform,Mumbai,Mohammed Khan Sameer Narayan & Others,Seed Funding,100000.0
748,16-06-2017,PortDesk,Technology,Maritime Solutions,Noida,Alphard Maritime Group,Seed Funding,2000000.0
752,19-06-2017,Unbxd,Technology,Cloud-based product discovery platform,Bangalore,Eight Roads Ventures,Private Equity,12500000.0
753,19-06-2017,DarwinBox,Technology,Enterprise human resources management platform,Hyderabad,Lightspeed India Partners Endiya Partners 3one4 Capital Advisors LLP Startupxseed Ventures LLP,Private Equity,4000000.0
754,20-06-2017,ForeverShop,Consumer Internet,Mobile based E-commerce platform,Bangalore,91maker.com,Seed Funding,300000.0
755,20-06-2017,Insider.in,Consumer Internet,Events Ticketing platform,Mumbai,Paytm,Private Equity,5200000.0
756,21-06-2017,Fynd,E-commerce,Fashion etailer,Mumbai,IIFL Seed Ventures Kae Capital FJ Labs Singularity Ventures GrowX Tracxn Labs Axis Capital,Private Equity,2400000.0
757,21-06-2017,Grow Fit,Consumer Internet,Health-Tech platform,Bangalore,Manipal Education and Medical Group (MEMG) SAR Group The Grover Trust,Private Equity,4500000.0
758,21-06-2017,Fabulyst,Technology,Artificial Intelligence based platform,Hyderabad,iBhubs,Seed Funding,215000.0
759,21-06-2017,mSwipe,Technology,Point-of-Sale services,Mumbai,UC-RNT Fund Matrix Partners alcon Edge Capital DSG Consumer Partners,Private Equity,31000000.0
761,22-06-2017,Julia Computing,Technology,Open Source Language for Data Science and Machine Learning,Bangalore,General Catalyst Founder Collective,Private Equity,4600000.0
762,22-06-2017,Kissht,Consumer Internet,Consumer Lending platform,Mumbai,Endiya Partners Ventureast,Private Equity,2000000.0
763,22-06-2017,Explore Life traveling,Consumer Internet,Local homes booking platform,Bangalore,Mekin Maheshwari Bharat Vijay Krish Seshadri Amar Arsikere,Seed Funding,500000.0
764,23-06-2017,Loantap,Consumer Internet,Lending platform for salaried professionals,Mumbai,Kae Capital India Quotient IFMR and MAS Financial Services Ltd,Private Equity,4000000.0
765,23-06-2017,Voxweb,Consumer Internet,Mobile based social networking platform,Mumbai,Undisclosed investors,Seed Funding,1000000.0
766,26-06-2017,HUG Innovations,Technology,Gesture based Smartwatch manufacturer,Hyderabad,Mohit Srivastav Kishore Ganji Venkat Vallabhaneni Rajeev Menon,Private Equity,5000000.0
767,26-06-2017,Flipkart,E-commerce,Online marketplace,Bangalore,Naspers,Private Equity,71000000.0
768,26-06-2017,V Resorts,Consumer Internet,Holiday & Vacation resort aggregator,Noida,Seedfund RB International,Private Equity,4000000.0
769,27-06-2017,Stashfin,Consumer Internet,Personal Finance App,New Delhi,Snow Leopard Ventures Alto Partners,Private Equity,5000000.0
771,27-06-2017,Spares Hub,E-commerce,Automobile parts marketplace,Pune,The Chennai Angels Anthill Scale Ventures Esvee Technologies Inc Inc95 Consulting,Seed Funding,311000.0
773,28-06-2017,Rubique,Consumer Internet,Online Marketplace for financial products,Mumbai,Kalaari Capital Udayan Goyal,Private Equity,3000000.0
774,28-06-2017,Niki.ai,Consumer Internet,AI Based Personal Assistant,Bangalore,SAP.iO Unilazer Ventures,Private Equity,2000000.0
775,29-06-2017,Fitpass,Consumer Internet,Online Fitness Marketplace,New Delhi,Abhinav Bindra Gaurav Marya,Private Equity,1000000.0
777,30-06-2017,Tagos Design,Technology,in-video discovery platform,Bangalore,Undisclosed Investors,Private Equity,5000000.0
778,30-06-2017,UrbanClap,Consumer Internet,Mobile Services Marketplace,Gurgaon,Vy Capital SAIF Partners Accel Partner Bessemer Venture Partners,Private Equity,21000000.0
779,01-05-2017,Ace2three,Consumer Internet,Online Rummy playing Website,Hyderabad,Clairvest Group,Private Equity,73700000.0
780,01-05-2017,Power2SME,E-commerce,Buying portal for SMEs,Gurgaon,International Finance Corporation,Private Equity,10000000.0
781,02-05-2017,Innovapptive,Technology,Enterprise Mobility Solutions,Hyderabad,Hyderabad Angels,Seed Funding,1500000.0
782,02-05-2017,4tigo,Logistics,Truck Network company,Bangalore,Accel Partners Nandan Nilekani,Private Equity,10000000.0
784,02-05-2017,ZippServe,Consumer Internet,Real estate risk assessment platform,Bangalore,undisclosed investors,Seed Funding,390000.0
785,03-05-2017,Ola,Consumer Internet,Cab Aggregation App,Bangalore,Falcon Edge Capital Capital Advisers,Private Equity,104500000.0
786,03-05-2017,Sumeru,Technology,Software & Mobile development services,Bangalore,undisclosed investors,Seed Funding,1000000.0
792,05-05-2017,Balance App,Consumer Internet,Money Savings & Management App,Bangalore,Rainmatter,Seed Funding,233000.0
793,08-05-2017,YepMe,E-commerce,Private Label Fashion etailer,Gurgaon,Rainbow Digital Services Pvt. Ltd ILearnFinance Academy Pvt. Ltd.,Private Equity,700000.0
796,08-05-2017,MyGreens,Food & Beverage,Cold-press Juices manufacturer,New Delhi,Ajay Relan LetsVenture,Seed Funding,1000000.0
797,08-05-2017,Ace Turtle,Technology,Omni-Channel Platform,Bangalore,Vertex Ventures C31 Ventures,Private Equity,5000000.0
798,08-05-2017,CureFit,Technology,Health-Tech Platform,Bangalore,Trifecta Capital Advisors LLP Prathithi Investment Trust RNT Capital Gokul Rajaram Aditya Agarwal Ruchi Sanghvi & others,Private Equity,3200000.0
799,09-05-2017,Curie Labs,Technology,Energy Analytics startup,New Delhi,Satoshi Studios,Seed Funding,50000.0
804,10-05-2017,Vidooly,Consumer Internet,Video Intelligence platform,Noida,Times Internet GVFL,Private Equity,1400000.0
805,10-05-2017,Shopclues,E-commerce,Online marketplace,Gurgaon,InnoVen Capital,Private Equity,7700000.0
806,10-05-2017,Fourth Ambit,Consumer Internet,Community Building platform,Bangalore,1Crowd,Seed Funding,600000.0
808,11-05-2017,Early Salary,Consumer Internet,Online lending platform,Pune,DG Ventures India Dewan Housing Finance Corp,Private Equity,4000000.0
811,12-05-2017,Legal Raasta,Consumer Internet,Legal Services to SMEs & Individuals,New Delhi,Impanix Capital,Private Equity,5000000.0
813,12-05-2017,Remit Guru,Consumer Internet,Digital money transfer platform,Mumbai,Infibeam CCavenue,Private Equity,466000.0
814,12-05-2017,Aequm,E-commerce,Cloud E-commerce platform,Bangalore,undisclosed investors,Seed Funding,1000000.0
815,15-05-2017,Zapty,Technology,Project Management tool,Bangalore,IdeaSpring Capital,Seed Funding,500000.0
818,16-05-2017,Telr,Technology,Online Payment Gateway,Mumbai,Innovations East,Private Equity,3000000.0
819,16-05-2017,Fynd,E-commerce,Fashion E-commerce Portal,Mumbai,Rocketship,Private Equity,500000.0
820,17-05-2017,Genie,Consumer Internet,hyperlocal delivery and logistics mobile app,Chennai,undisclosed investors,Seed Funding,250000.0
821,17-05-2017,Paysense,Consumer Internet,Online Lending platform,Mumbai,Jungle Ventures,Private Equity,5300000.0
822,18-05-2017,The Good Life,E-commerce,Online Luxury Tea etailer,Mumbai,Ayesha Takia Azmi Abu Farhan Azmi,Seed Funding,1000000.0
824,18-05-2017,Paytm,E-commerce,Mobile Wallet & E-commerce platform,Bangalore,SoftBank Group,Private Equity,1400000000.0
825,19-05-2017,EzCred,Consumer Internet,Consumer Lending Platform,Bangalore,Dheeraj Pandey Rajesh Yohannan Akash Garg,Seed Funding,1000000.0
828,22-05-2017,Delhivery,Logistics,E-commerce Logistics provider,New Delhi,Fosun International,Private Equity,30000000.0
829,22-05-2017,ZipGrid,Consumer Internet,Cashless paperless solutions for Housing societies,Mumbai,JLL 1Crowd,Seed Funding,500000.0
831,23-05-2017,Magicpin,Consumer Internet,Hyperlocal discovery platform,Gurgaon,Lightspeed Venture Partners Vy Capital,Private Equity,6600000.0
833,23-05-2017,Box8,Consumer Internet,Food Delivery Platform,Mumbai,Trifecta Capital,Private Equity,1000000.0
834,24-05-2017,GenNext Students,Consumer Internet,Online Tutoring Services,Mumbai,Undisclosed Investors,Seed Funding,580000.0
835,25-05-2017,Aye Finance,Finance,Non-Banking Financial Company,Gurgaon,Blue Orchard,Private Equity,8000000.0
840,29-05-2017,Collateral Medical,E-commerce,Online Medical equipment supplier,Mumbai,Carpediem Capital,Private Equity,3500000.0
843,30-05-2017,Supr Daily,Consumer Internet,Subscription based delivery platform,Mumbai,Soma Capital Great Oaks Ventures 122 West Ventures,Private Equity,1500000.0
844,30-05-2017,Swiggy,Consumer Internet,Online food delivery platform,Bangalore,Nasper Accel India SAIF Partners Bessemer Venture Partners Harmony Partners Norwest Venture Partners,Private Equity,80000000.0
845,31-05-2017,SastaSundar,E-commerce,Online Pharmacy,Kolkata,Rohto Pharmaceutical,Private Equity,5000000.0
846,31-05-2017,Magicpin,Consumer Internet,Hyperlocal Discovery & Rewards platform,Gurgaon,Lightspeed India Partners Waterbridge Ventures,Private Equity,7000000.0
847,01-04-2017,Cashe,Consumer Internet,Online & Mobile based Lending platform,Mumbai,Mathew Cyriac Florintree Advisors,Private Equity,3800000.0
848,03-04-2017,Eruditus,Education,Executive Education Provider,Mumbai,Bertelsmann India,Private Equity,8200000.0
850,03-04-2017,Healthcare at Home,Healthcare,Home Healthcare Provider,Noida,Quadria Capital Advisors,Private Equity,40000000.0
853,04-04-2017,WayCool,Food & Beverage,Fresh-Produce Distribution Platform,Chennai,Aspada Investments,Private Equity,2700000.0
854,04-04-2017,Perfios,Technology,Fin-Tech Solutions,Bangalore,Bessemer Venture Partners,Private Equity,6100000.0
855,04-04-2017,Whatfix,Technology,Interactive Tech-Support Guides,Bangalore,Stellaris Venture Partners Helion Venture Partners Powerhouse Ventures Gokul Rajaram Girish Mathrubootham Aneesh Reddy Vispi Daver,Private Equity,3690000.0
856,04-04-2017,ElastiRun,Technology,App based Logistics & Distribution platform,Pune,Kalaari Capital Norwest Venture Partners,Private Equity,7000000.0
857,04-04-2017,Trukky,Consumer Internet,Online Truck Aggregator & Booking platform,Ahmedabad,Keyur Joshi Pavan Bakeri,Seed Funding,500000.0
858,04-04-2017,Konsult App,Consumer Internet,App based Doctor Consulting platform,New Delhi,Koen Bouwers Lomesh Agarwal Jeroen Mensen Pablo van den Bosch & Others,Seed Funding,500000.0
860,05-04-2017,Fingerlix,Consumer Internet,Food Delivery Platform,Mumbai,Zephyr Peacock India,Private Equity,3000000.0
862,06-04-2017,Medwell Ventures,Healthcare,Home-Based Healthcare provider,Bangalore,Mahindra Partners Eight Roads Ventures F-Prime Capital Partners,Private Equity,21000000.0
863,06-04-2017,Mech Mocha,Consumer Internet,Mobile gaming startup,Bangalore,Accel Partners Shunwei Capital,Private Equity,5000000.0
867,07-04-2017,PharmEasy,E-commerce,Online Pharmacy,Mumbai,Bessemer Venture Partners Orios Venture Partners Trifecta Capital,Private Equity,18000000.0
869,08-04-2017,FastFox,Consumer Internet,Online rental discovery platform,Gurgaon,Lightspeed India Partners Blume Ventures CyberAgent Ventures GrowX Ventures IMJ Investment Partners,Private Equity,4600000.0
870,10-04-2017,Omnify,Technology,SaaS platform for SMEs,Bangalore,Rajan Anandan L.D Sharma Saurabh Arora,Seed Funding,150000.0
871,10-04-2017,Capital Float,Consumer Internet,Online Lending Platform for SME,Bangalore,Mahindra and Mahindra Financial Services,Private Equity,2300000.0
872,11-04-2017,Ninjacart,E-commerce,B2B agri-marketing platform,Bangalore,Accel Partners Nandan Nilekanis NRJN Trust Mistletoe Qualcomm Ventures M&S Partners,Private Equity,5500000.0
873,11-04-2017,MergerWare,Technology,Software solutions for M&As,Bangalore,Philippe Bouchet,Seed Funding,100000.0
875,12-04-2017,Clovia,E-commerce,Online lingerie & Sleepwear etailer,New Delhi,Ivycap Ventures Advisors Singularity Ventures and Ravi Dhariwal,Private Equity,4000000.0
876,12-04-2017,Emiza,Logistics,Third Party Logistics provider,Mumbai,Mayfield Nishant Rao Dileep Nath,Private Equity,4500000.0
877,12-04-2017,HackerEarth,Consumer Internet,Online Skill Assessment Platform,Bangalore,DHI Group Inc Prime Venture Partners Beenext Beenos Digital Garage BizReach,Private Equity,4500000.0
878,12-04-2017,Squadrun,Technology,Software-As-a-Service Platform,Noida,Blume Ventures Contrarian Capital 91springboard Emergent Ventures Abstract Ventures Anthill Ventures Axilor Ventures,Private Equity,2100000.0
882,13-04-2017,WeAreHolidays,Consumer Internet,Travel Packages & Planner marketplace,Gurgaon,Urrshila Kerkar,Private Equity,7700000.0
883,14-04-2017,Ola Cabs,Consumer Internet,Cab Aggregator App,Bangalore,SIMI Pacific Pte,Private Equity,260000000.0
884,15-04-2017,Myly,Consumer Internet,Mobile App for Schools,Jaipur,mall Industries Development Bank of India (SIDBI),Seed Funding,310000.0
885,17-04-2017,CrediHealth,Consumer Internet,Online Medical Assistance platform,Gurgaon,Tolaram Inc Mountain Pine Capital,Private Equity,1500000.0
888,17-04-2017,Snackible,Food & Beverages,Healthy Snacks manufacturer,Mumbai,Nibhrant Shah Anandbir Singh Anirudh Sheth Pratik Singhi Vikram Mehta Murali Nair,Seed Funding,175000.0
889,17-04-2017,Be U Salons,Consumer Internet,Online Salon discovery & Booking Services,New Delhi,Gaurav Kachru Sundeep Singh Sahni Jatin Aneja Arun Malhotra,Seed Funding,620000.0
891,17-04-2017,LendingKart,Consumer Internet,Lending platform for small businesses,Ahmedabad,Anicut Capital,Private Equity,4650000.0
892,18-04-2017,Innefu Security Consulting,Technology,Cyber Security solutions using AI,New Delhi,IndiaNivesh Venture Capital Fund,Private Equity,2000000.0
893,18-04-2017,Whodat,Technology,Markerless AR platform,Bangalore,Ideaspring Capital,Private Equity,600000.0
894,18-04-2017,Absentia VR,Technology,Virtual Reality Startup,Bangalore,Exfinity Venture Partners,Private Equity,1250000.0
895,19-04-2017,IOTrek,Technology,IoT Platform for Bus,New Delhi,Undisclosed Investor,Seed Funding,155000.0
896,20-04-2017,HolaChef,Consumer Internet,Online Food Delivery,Mumbai,SIDBI Venture Capital Ltd Kalaari Capital,Private Equity,3000000.0
898,21-04-2017,Video Ken,Consumer Internet,Video Based Collaborative Learning,Bangalore,Ravi Garikipati Surot Chatterjee Ashish Agrawal LG Chandrasekhar Sashi Reddi,Seed Funding,1000000.0
899,24-04-2017,Faasos,Food & Beverage,QSR chain and online food delivery,Pune,Ligthbox Ventures II Lightbox Expansion Fund Sequoia Capital India RuNet South Asia RB Investments,Private Equity,6300000.0
900,24-04-2017,Oyo Rooms,Consumer Internet,Branded Budget Hotels Aggregator,Gurgaon,SoftBank Vision Fund Lightspeed Venture Partners Sequoia Capital India Advisors Greenoaks Capital Partners,Private Equity,250000000.0
901,24-04-2017,Toppr,Consumer Internet,Learning mobile app for students,Mumbai,WGG International,Private Equity,3200000.0
903,25-04-2017,The Office Pass,Consumer Internet,CoWorking Spaces booking platform,Gurgaon,Arun Tadanki Aditya Verma,Seed Funding,245000.0
904,25-04-2017,UrbanClap,Consumer Internet,Mobile Services Marketplace,Gurgaon,Trifecta Capital,Private Equity,3100000.0
905,26-04-2017,Awfis,Consumer Internet,Collaborative co-Working Spaces,Mumbai,Sequoia India,Private Equity,20000000.0
907,26-04-2017,Flytxt,Technology,Customer data analytics software,Mumbai,DAH Beteiligungs GmbH,Private Equity,11000000.0
908,26-04-2017,Howdy Ventures,Consumer Internet,Public and Private Events creation app,Chennai,S. Xavier Britto,Seed Funding,1500000.0
909,26-04-2017,StalkBuyLove,E-commerce,Online fashion marketplace,New Delhi,Trifecta Capital,Private Equity,1000000.0
911,27-04-2017,Scootsy,Consumer Internet,On-Demand Food Delivery,Mumbai,Agnus Capital Khattar Holdings,Private Equity,3600000.0
914,27-04-2017,iNurture,Consumer Internet,Online Educational courses,Bangalore,BlackSoil Capital Pvt. Ltd,Private Equity,1500000.0
915,28-04-2017,Sepalika,Consumer Internet,Healthcare related content platform,New Delhi,Accel Partners,Seed Funding,750000.0
918,01-03-2017,Ola,Consumer Internet,App based cab aggregator,Bangalore,SoftBank Group Corp,Private Equity,330000000.0
919,01-03-2017,Belong,Consumer Internet,Online Jon Portal,Bangalore,Sequoia Capital India,Private Equity,10000000.0
922,02-03-2017,Celes Care,Consumer Internet,Women Healthcare & Information portal,Hyderabad,Ventureast Endiya Partners Eight Roads Ventures F-Prime Capital Partners,Private Equity,1500000.0
923,02-03-2017,Karomi,Technology,Packaging Artwork Management software,Chennai,Ideaspring Capital,Seed Funding,500000.0
924,02-03-2017,Red Carpet,Consumer Internet,Micro Lending platform,Gurgaon,Lightspeed Venture Partners,Private Equity,2500000.0
926,02-03-2017,CreditMantri,Consumer Internet,Online Credit score & lending platform,Chennai,Quona Capital,Private Equity,7600000.0
928,03-03-2017,Tydy,Technology,Employee Onboarding and Engagement platform,Bangalore,Bhupen Shah Jayesh Parekh Sanjay Sathe,Seed Funding,275000.0
930,03-03-2017,Oho Shop,Technology,E-commerce Mobile App Builder,Ahmedabad,Bennett Coleman and Company Ltd,Private Equity,6700000.0
932,03-03-2017,Paytm Marketplace,E-commerce,E-commerce Marketplace,Bangalore,Alibaba,Private Equity,200000000.0
933,04-03-2017,iGenetics,Healthcare,Health Diagnostic Solutions,Mumbai,CDC Group Plc,Private Equity,19500000.0
934,06-03-2017,Juno Clinic,Consumer Internet,Online Counseling Platform,Mumbai,Atul Nishar,Seed Funding,1200000.0
935,06-03-2017,Summerlabel,Consumer Internet,Fashion and Lifestyle discovery platform,Gurgaon,Aneesh Seth Tushar Mittal,Seed Funding,150000.0
936,06-03-2017,PickMe,Consumer Internet,Gadget Insurance & Repair Services platform,Mumbai,SIDBI Venture Capital Fund,Private Equity,1790000.0
937,07-03-2017,Agrostar,Technology,Direct-to-Farmer Mobile-Based Retail platform,Pune,Accel Partners,Private Equity,10000000.0
938,07-03-2017,Zapr,Technology,DSP TV Analytics & Cross-Platform advertising,Bangalore,Star India Pvt Ltd,Private Equity,10000000.0
939,07-03-2017,Data Resolve,Technology,Cyber Security Solutions,Noida,IDFC Parampara Early Stage Opportunities Fund,Private Equity,1000000.0
940,07-03-2017,Book Servicing,Consumer Internet,Online Vehicle Services Booking platform,New Delhi,National Science and Technology Entrepreneurship Development Board,Seed Funding,30000.0
941,07-03-2017,Blowhorn,Consumer Internet,Intra-City Logistics provider,Bangalore,IDG Ventures India Michael & Susan Dell Foundation Draper Associates Unitus Seed Fund,Private Equity,3650000.0
942,08-03-2017,Rivigo,Logistics,Technology Enabled Logistics Company,Gurgaon,Private Sector Banks (Debt Funding),Private Equity,15000000.0
943,08-03-2017,PipeCandy,Technology,Intelligent Sales Prospecting Platform,Chennai,IDG ventures Axilor Ventures Emergent Ventures Indian Angel Network,Seed Funding,1100000.0
944,08-03-2017,Supr Daily,Consumer Internet,Subscription based Home Delivery Platform,Mumbai,Y Combinator,Seed Funding,120000.0
946,09-03-2017,AppBrowzer,Consumer Internet,Instant Mobile Apps Store,Bangalore,Deepak Gurnani,Seed Funding,500000.0
947,09-03-2017,MagicBricks,Consumer Internet,Online Real Estate Portal,Mumbai,Times Internet Ltd,Private Equity,4500000.0
948,10-03-2017,PeeBuddy,Healthcare,Female Hygiene product manufacturer,New Delhi,Indian Angel Network,Seed Funding,443000.0
950,10-03-2017,Lavelle Networks,Technology,SDN Solutions,Bangalore,Ideaspring Capital,Seed Funding,600000.0
953,15-03-2017,LatestOne,E-commerce,Tech Accessories e-tailer,Hyderabad,Florintree Mathew Cyriac Chidambaram Palaniappan Bharat Sheth,Private Equity,3350000.0
954,15-03-2017,Frapperz,Consumer Internet,On-demand home services provider,Kolkata,Undisclosed Investor,Seed Funding,100000.0
955,16-03-2017,mPaani,Consumer Internet,Loyalty rewards app,Mumbai,IDG Ventures Blume Ventures Saha Fund,Private Equity,1350000.0
957,16-03-2017,POPxo,Consumer Internet,Digital Media publication for women,New Delhi,GREE Ventures Kalaari Capital and IDG Ventures India Summit Media Atul Goel and Gurpreet Singh,Private Equity,3100000.0
958,16-03-2017,Fitso,Consumer Internet,Fitness Mobile App,Gurgaon,Sujeet Kumar Bhupender Singh Yashish Dhaiya,Seed Funding,200000.0
960,21-03-2017,Flipkart,E-commerce,E-commerce Marketplace,Bangalore,Microsoft eBay Tencent Holdings,Private Equity,1400000000.0
961,21-03-2017,Airpay,Technology,Online payment Gateway,Mumbai,Kalaari Capital Rakesh and Rajesh Jhunjhunwala,Private Equity,3670000.0
962,21-03-2017,MyGlamm,Consumer Internet,On-Demand Beauty Services,Mumbai,LOccitane,Private Equity,5300000.0
964,22-03-2017,Haqdarshak,Consumer Internet,Tech-Enabled Social Enterprise,Bangalore,Ravi Saxena Sandeep Raju,Seed Funding,191000.0
965,23-03-2017,Ixigo,Consumer Internet,Online Travel Search Engine,Gurgaon,Sequoia Capital Kinzon Capital,Private Equity,15000000.0
966,23-03-2017,Markets and Markets,Technology,Marketing Research Company,Pune,FTV Capital Zodius Capital,Private Equity,56000000.0
967,24-03-2017,Bizom,Technology,supply chain automation platform,Bangalore,Ojas Ventures,Seed Funding,382000.0
969,24-03-2017,Delhivery,Technology,Tech enabled Fulfilment & Logistics Solutions,New Delhi,Carlyle Group Tiger Global,Private Equity,100000000.0
971,28-03-2017,Fynd,E-commerce,Online fashion marketplace,Mumbai,Venture Catalysts,Private Equity,500000.0
973,28-03-2017,DoneThing,Consumer Internet,On-demand Personal Assistant service,Gurgaon,Brand Capital,Private Equity,300000.0
975,29-03-2017,Ithaka,Consumer Internet,Vacation Trip Planning platform,Mumbai,Ankit Gupta Puneet Motihar,Seed Funding,325000.0
976,29-03-2017,perpule,E-commerce,Self-Checkout E-commerce App,Bangalore,KStart Capital,Seed Funding,650000.0
978,29-03-2017,Licious,E-commerce,Online Meat Ordering platform,Bangalore,Mayfield India 3one4 Capital Sistema Asia Fund Neoplux Technology Fund,Private Equity,10000000.0
979,29-03-2017,Medinfi,Consumer Internet,Doctor & Hospital search Platform,Bangalore,Vinod Martin Hemant Kaul Prof. Ram Kumar Kakani & Others,Seed Funding,50000.0
983,31-03-2017,Jhakaas,Consumer Internet,Offline Business Aggregator App,Mumbai,Malini Patel Stelcore Management Services Anjani Prasad,Seed Funding,155000.0
984,31-03-2017,Oriano Solar,Technology,Turnkey Solar Solutions,Mumbai,Samridhi Fund,Private Equity,3000000.0
985,31-03-2017,BigBasket,E-commerce,Online Grocer,Bangalore,Trifecta Capital,Private Equity,7000000.0
988,31-03-2017,Icertis,Technology,ERP solutions provider,Pune,B Capital Group Ignition Partners Greycroft e.ventures Eight Roads Ventures,Private Equity,25000000.0
991,06-02-2017,Capital Float,Consumer Internet,Online lending platform,Bangalore,IFMR Capital Finance,Private Equity,2500000.0
993,07-02-2017,Inner Hour,Consumer Internet,Online Counselling Platform,Mumbai,Batlivala & Karani Securities Venture Works,Seed Funding,450000.0
994,07-02-2017,Travel Triangle,Consumer Internet,Online travel agent marketplace,Noida,RB Investments SAIF Partners Bessemer Venture Partners,Private Equity,10000000.0
995,08-02-2017,Wandertrails,Consumer Internet,Online Travel Adventure & Activities Portal,Bangalore,Earlsfield Capital,Seed Funding,1000000.0
996,08-02-2017,Zenatix,Technology,IoT Based Energy Monitoring & Control,Gurgaon,pi Ventures Blume Ventures,Private Equity,1200000.0
997,08-02-2017,Cartrade,Consumer Internet,Automobile Classifieds Portal,Mumbai,Temasek Holdings,Private Equity,55000000.0
999,08-02-2017,Edurev,Consumer Internet,Online Education Portal,Gurgaon,Facebook FB Start programme,Seed Funding,40000.0
1000,09-02-2017,Voonik,E-commerce,Women Apparel & Lifestyle etailer,Bangalore,RB Investments Sequoia Capital,Private Equity,6000000.0
1002,09-02-2017,Wooplr,E-commerce,Women Fashion Portal,Bangalore,Sistema Asia Fund Amereus Group Helion Ventures,Private Equity,8000000.0
1003,10-02-2017,48East,E-commerce,Online Food Delivery Platform,Bangalore,Al Dhaheri family,Private Equity,500000.0
1005,13-02-2017,Sigtuple,Technology,Medical Automation platform,Bangalore,Accel Partners IDG Ventures Endiya Partners pi Ventures VH Capital Axilor Partners,Private Equity,5800000.0
1006,13-02-2017,Flutura,Technology,Decision Sciences Analytics Solutions,Bangalore,Vertex Ventures Lumis Partners,Private Equity,7500000.0
1007,13-02-2017,Wassup,Consumer Internet,On Demand Laundry & Dry Cleaning Services,Chennai,Anil Jain & other HNIs,Private Equity,3200000.0
1008,13-02-2017,Better Mortgage,Consumer Internet,Mortgage Offering Platform,Gurgaon,Kleiner Perkins Goldman Sachs Pine Brook,Private Equity,15000000.0
1009,13-02-2017,Nurturey,Consumer Internet,Parenting Mobile App,New Delhi,Mohit Joshi & Others,Seed Funding,330000.0
1010,13-02-2017,Fyle,Technology,Expense Management Solution,Bangalore,Pravega Ventures,Seed Funding,400000.0
1011,14-02-2017,GoBumpr,Consumer Internet,Online Bike & Car Services provider,Chennai,Mahalingam K Girish Mathrubootham,Seed Funding,300000.0
1012,14-02-2017,CCAvenue,Consumer Internet,Online Payment Gateway,Mumbai,Infibeam,Private Equity,22400000.0
1015,15-02-2017,ZestMoney,Consumer Internet,Online Consumer Lending platform,Bangalore,PayU Ribbit Capital Omidyar Network,Private Equity,6500000.0
1016,15-02-2017,AirZaar,Technology,Drone operations management platform,Missourie,Quake Capital,Seed Funding,350000.0
1017,16-02-2017,Truebil,Consumer Internet,Online Marketplace for Used Cars,Mumbai,Shunwei Capital,Private Equity,3000000.0
1018,16-02-2017,YourStory,Consumer Internet,Online Media,Bangalore,Kalaari Capital Partners Qualcomm 3ONE4 Capital Advisors UC-RNT,Private Equity,3000000.0
1019,17-02-2017,Imaginate,Technology,AR & VR platform,Hyderabad,SRI Capital,Seed Funding,500000.0
1020,17-02-2017,The Ken,Consumer Internet,Online Media Platform,Bangalore,Aprameya Radhakrishna Deepak Natraj Girish Mathrubootham Mahesh Murthy Pallav Nadhani Pavan Ongole Sandeep Mathur Vijay Shekhar Sharma & Others,Seed Funding,400000.0
1021,17-02-2017,Urban Ladder,E-commerce,Online Furniture Store,Bangalore,Kalaari Capital SAIF Partners Steadview Capital Sequoia Capital,Private Equity,15200000.0
1024,17-02-2017,Leopetra,E-commerce,Solution provider for pet needs,Mumbai,Facebook FBStart,Seed Funding,40000.0
1025,18-02-2017,Blood n Care,Consumer Internet,First Aid care app,Gurgaon,Facebook FBStart,Seed Funding,40000.0
1026,20-02-2017,Flipkart,E-commerce,Online Marketplace,Bangalore,Bennett Coleman and Co. Ltd (BCCL),Private Equity,38700000.0
1027,21-02-2017,True Balance,Consumer Internet,Mobile balance Checking App,Gurgaon,Softbank Ventures Korea IMM Investment,Private Equity,15000000.0
1028,22-02-2017,Vebbler,Consumer Internet,Photo Sharing for Groups,Bangalore,Facebook FBStart,Seed Funding,40000.0
1029,23-02-2017,Get My Parking,Consumer Internet,Smart Parking Platform,New Delhi,Indian Angel Network (IAN) BEENEXT The Chennai Angels Sunil Munjal,Private Equity,1100000.0
1033,27-02-2017,Biryani By Kilo,Consumer Internet,Online Food Ordering & Delivery Portal,Gurgaon,Chandigarh Angels Ashish Gupta Rohit Ashish Chand Sunil Singh & Others,Seed Funding,375000.0
1034,27-02-2017,Johari Shop,E-commerce,Online Jewellery etailer,Bangalore,Undisclosed Investors,Seed Funding,94000.0
1035,28-02-2017,NeoStencil,Consumer Internet,Live Online Coaching Classes,New Delhi,Brand Capital Paragon Trust,Private Equity,1000000.0
1036,28-02-2017,Blackbuck,Logistics,Online freight aggregator,Bangalore,Sands Capital IFC Accel Partners Flipkart Sanjiv Rangrass,Private Equity,70000000.0
1037,02-01-2017,TaxSutra,Consumer Internet,Online Tax Filing platform,Pune,TV Mohandas Pai V Balakrishnan PV Srinivasan,Seed Funding,366000.0
1038,03-01-2017,TempoGo,Technology,IoT & SAAS Solutions for Transportation Industry,Panaji,K2 Capital,Seed Funding,825000.0
1044,06-01-2017,Leap India,Logistics,Supply Chain Solutions Provider,Mumbai,India Nivesh Growth Fund Sixth Sense TCI Ventures,Private Equity,13000000.0
1045,07-01-2017,FreeCharge,Consumer Internet,Mobile Wallet,Mumbai,Jasper Infotech Pvt Ltd,Private Equity,57000000.0
1046,09-01-2017,TicketNew,Consumer Internet,Movie Ticket Booking platform,Chennai,Alibaba Pictures,Private Equity,35000000.0
1047,10-01-2017,Intelligence Node,Technology,SAAS Based Retail Analytics Solutions,Mumbai,BlackSoil Capital Pvt Ltd,Private Equity,800000.0
1048,10-01-2017,Securens,Technology,e-surveillance services provider,Mumbai,Mayfield India Trifecta Capital,Private Equity,5000000.0
1049,10-01-2017,Loan Frame,Consumer Internet,Small Business Loans Marketplace platform,Gurgaon,Vedanta Capital William Campbell Toos N Daruvala,Private Equity,2250000.0
1051,10-01-2017,Medinfi,Consumer Internet,Doctor & Clinic Discovery portal,Bangalore,Vinod Martin Evan Lim Kanchan Ghoshal Ram Kumar Kakani,Seed Funding,100000.0
1052,10-01-2017,LensKart,E-commerce,Online eyewear retailer,Bangalore,Ronnie Screwvala,Private Equity,3500000.0
1054,12-01-2017,Hansel.io,Consumer Internet,Real-time Mobile App Management Platform,Bangalore,IDG Ventures Endiya Partners,Private Equity,1350000.0
1055,12-01-2017,Square Yards,Consumer Internet,Property Search Aggregator platform,Gurgaon,Lohia Group Andre Hoffman,Private Equity,10000000.0
1056,13-01-2017,Roambee,Technology,IoT smart Logistics and Asset Management Company,Mumbai,Deutsche Telekom Strategic Investments & Others,Private Equity,4100000.0
1058,13-01-2017,iService,Consumer Internet,Gadgets Repair & Service Booking platform,Bangalore,Blume Ventures Girish Mathrubootham Aprameya Radhakrishna,Seed Funding,440000.0
1059,14-01-2017,Unacademy,Consumer Internet,Online learning platform,Bangalore,Nexus Venture Partners Blume Ventures,Private Equity,4500000.0
1062,16-01-2017,ZoloStays,Consumer Internet,Branded PG Accomodation booking platform,Bangalore,Nexus Venture Partners Innoven Capital,Private Equity,5000000.0
1064,16-01-2017,HipCouch,Consumer Internet,Custom & Modular Furniture platform,Mumbai,Undisclosed Investors,Seed Funding,700000.0
1065,17-01-2017,Curiositi,Consumer Internet,Online Learning Platform,Bangalore,Menterra Social Impact Fund Unitus Seed Fund,Private Equity,800000.0
1066,17-01-2017,TinyStep,Consumer Internet,Parenting Info & Social Network,Bangalore,Flipkart,Private Equity,2000000.0
1067,17-01-2017,Practo,Consumer Internet,Online Healthcare platform,Bangalore,Tencent ru-Net RSI Fund Thrive Capital,Private Equity,55000000.0
1068,17-01-2017,Ketchupp,Consumer Internet,Food Discovery Platform,New Delhi,India Quotient and others,Seed Funding,441000.0
1069,17-01-2017,Hoopy,Consumer Internet,Online Car Service Platform,Gwalior,undisclosed investors,Seed Funding,500000.0
1070,17-01-2017,Ezytruk,Consumer Internet,Logistics and truck aggregator platform,Bangalore,Ajith Nair Anish K,Seed Funding,147000.0
1073,18-01-2017,Vahdam Teas,E-commerce,Online Tea etailer,New Delhi,Mumbai Angels Network Fireside Ventures Singapore Angel Network,Seed Funding,650000.0
1074,18-01-2017,Qwikspec,Technology,Cloud-based construction,Bangalore,Undisclosed Investors,Seed Funding,300000.0
1076,19-01-2017,Weddingz.in,Consumer Internet,Online Marketplace for Wedding Venues and vendors,Mumbai,Singularity Ventures,Private Equity,1000000.0
1083,22-01-2017,MessaGif,Consumer Internet,social messaging platform,New Delhi,Undisclosed investor,Seed Funding,50000.0
1086,23-01-2017,CueMath,Technology,Maths Learning program,New Delhi,CapitalG Sequoia India,Private Equity,15000000.0
1089,24-01-2017,Khel Now,Consumer Internet,Mobile-based Social Platform for Sports,Bangalore,Indochine International,Private Equity,500000.0
1090,24-01-2017,NowFloats,Consumer Internet,Platform to take businesses online,Hyderabad,Iron Pillar and IIFL Blume Ventures Omidyar Network,Private Equity,10000000.0
1091,24-01-2017,Lets Transport,Consumer Internet,Online transport vehicle booking platform,Bangalore,GMO Japan Neelesh Bhatnagar,Private Equity,4000000.0
1094,25-01-2017,RML Agtech,Technology,Agri Decision Support Solution for farmers,Pune,IvyCap Ventures,Private Equity,4000000.0
1096,25-01-2017,InstaSafe,Technology,Security-as-a-Service solution provider,Bangalore,ABM Knowledgeware,Private Equity,2200000.0
1097,25-01-2017,Infibeam,E-commerce,E-commerce Marketplace,Ahmedabad,Bennett Coleman and Company Ltd,Private Equity,8800000.0
1099,26-01-2017,AirMed Labs,Consumer Internet,Health Tests Booking platform & ePharmacy,Ahmedabad,Brand Capital,Private Equity,1400000.0
1100,26-01-2017,99PerHour,Consumer Internet,Hyper-local Handyman Service provider,Chennai,V Aanand R,Seed Funding,300000.0
1102,30-01-2017,Intuit Things,Technology,IoT solutions for home automation applications,Mumbai,Sanjay Mehta & Others ( The Ten Minute Million),Seed Funding,106000.0
1103,30-01-2017,Cloudrino,Technology,Cloud based Virtual Servers,New Delhi,The Ten Minute Million,Seed Funding,22500.0
1104,30-01-2017,FabX,E-commerce,Used Furniture Marketplace,Mumbai,The Ten Minute Million,Seed Funding,68000.0
1105,30-01-2017,Maptags,Consumer Internet,Smart Online address tags,Bangalore,The Ten Minute Million,Seed Funding,18000.0
1107,31-01-2017,Heads Up For Tails,E-commerce,Online Pet Products Store,New Delhi,Undisclosed Investors,Private Equity,2000000.0
1109,01-12-2016,SidQam,Technology,Healthcare Software System,Noida,SQue Capital Grace Capital Ventures Soham Vencaps,Private Equity,1200000.0
1110,01-12-2016,India Lends,Consumer Internet,Online Instant personal Loan provider,New Delhi,DSG Consumer Partners American Express Ventures Cyber Carrier VC AdvantEdge Partners,Private Equity,4000000.0
1111,01-12-2016,Slide App,Consumer Internet,Lock screen Rewards mobile app,New Delhi,Songhyun Investment,Private Equity,3600000.0
1112,02-12-2016,Badiyajobs,Consumer Internet,Entry-Level job Seekers platform,New Delhi,Undisclosed,Seed Funding,100000.0
1114,02-12-2016,TYGR,Technology,Transport and logistics mobile App,Mumbai,Franchise India,Private Equity,3000000.0
1116,05-12-2016,UrDoorStep,E-commerce,Online Grocery Store,Bangalore,Lakshmi Vilas Bank & undisclosed HNIs,Private Equity,1400000.0
1118,06-12-2016,Diro Labs,Consumer Internet,Mobile Contacts Management app,New Delhi,Info Edge (India),Seed Funding,147000.0
1124,07-12-2016,Revv,Consumer Internet,Self-Driven Car Services booking portal,New Delhi,Edelweiss Private Equity,Private Equity,9000000.0
1125,07-12-2016,WealthApp,Consumer Internet,Online Investment Advisory platform,Bangalore,Venk Krishnan MJ Aravind Vikram Kotak Jayant Davar Ramkumar Nishtal Arjun Sharmaa,Seed Funding,440000.0
1127,08-12-2016,Zest Money,Consumer Internet,Online Consumer Lending platform,Mumbai,PayU,Private Equity,6500000.0
1128,08-12-2016,GoMechanic,Consumer Internet,Online Car servicing Booking platform,Gurgaon,Venture Catalysts,Seed Funding,250000.0
1129,09-12-2016,Stalk Buy Love,E-commerce,Fashion Apparel eTailer,New Delhi,Kalaari Capital,Private Equity,6000000.0
1131,09-12-2016,Wittyparot,Technology,Content Management & Productivity platform,Bangalore,Mumbai Angels,Seed Funding,450000.0
1132,09-12-2016,NeuroEquilibrium,Technology,Health-Tech platform,Jaipur,Unicorn India Ventures,Seed Funding,250000.0
1133,12-12-2016,Xseed Education,Technology,Education & learning Tech platform,Bangalore,Verlinvest SA,Private Equity,10000000.0
1134,12-12-2016,Rupaiya Exchange,Consumer Internet,P2P Lending platform,New Delhi,Undisclosed Investors,Seed Funding,200000.0
1135,12-12-2016,Doctor Insta,Consumer Internet,Online Doctor Consulting platform,Gurgaon,RoundGlass Partners,Private Equity,2000000.0
1137,12-12-2016,Fresh Food Concepts,Food & Beverage,Cold Press Juice manufacturer & seller,New Delhi,Siddhartha Gupta Ashvin Chadha,Seed Funding,2000000.0
1138,13-12-2016,Indifi,Consumer Internet,Online lending platform,Gurgaon,Omidyar Network,Private Equity,10000000.0
1140,13-12-2016,OfBusiness,E-commerce,Online business-to-business (B2B) marketplace,Gurgaon,Zodius Technology Opportunities Fund Matrix Partners,Private Equity,11100000.0
1142,14-12-2016,Qacco,Consumer Internet,Hotel Booking platform,Gurgaon,Lead Angels Network Anbu Pandian Prabhakar MR & Others,Seed Funding,150000.0
1143,14-12-2016,Fitpass,Consumer Internet,Fitness center aggregator & Booking mobile app,New Delhi,Mumbai Angels,Seed Funding,1000000.0
1146,14-12-2016,Trading Bells,Consumer Internet,Online Share & Commodity Broking platform,Indore,Swastika Investmart Ltd,Seed Funding,297000.0
1147,15-12-2016,SERVD,Consumer Internet,Financial Services For Unorganized Workforce,Pune,Digital Financial Service Lab,Seed Funding,100000.0
1148,15-12-2016,IdeaForge,Technology,Drone Manufacturing,Mumbai,WRV Capital and IndusAge Partners Infosys Innovation Fund,Private Equity,10000000.0
1149,15-12-2016,Amagi Media Labs,Technology,Media Technology Solutions,Mumbai,Emerald Media Premji Invest,Private Equity,35000000.0
1150,15-12-2016,Pocket Aces,Technology,Digital Entertainment Company,Mumbai,Sequoia Capital India North Base Media Aarin Capital 3one4 Capital Axilor Ventures Kunal Shah Sandeep Tandon,Private Equity,3000000.0
1151,16-12-2016,Pi Data Centers,Technology,Cloud Data Center Solutions provider,Hyderabad,Epsilon Venture Partners,Private Equity,23000000.0
1152,16-12-2016,TripShelf,Consumer Internet,Holiday Packages provider,New Delhi,GEMS Advisory Quarizon,Seed Funding,123000.0
1154,19-12-2016,NoBroker,Consumer Internet,Rental property search portal,Bangalore,KTB Network SAIF Partners BEENEXT Digital Garage,Private Equity,7400000.0
1155,20-12-2016,VivoCarat,E-commerce,Online jewellery marketplace,Mumbai,Undisclosed Investors,Seed Funding,50000.0
1158,20-12-2016,byju's,Consumer Internet,Online Learning platform,Bangalore,International Financial Corporation,Private Equity,15000000.0
1160,21-12-2016,The BlueBook,Consumer Internet,online to offline marketing platform,Bangalore,Indian Angel Network Lets Venture,Seed Funding,500000.0
1162,21-12-2016,Vegetall,E-commerce,Online Vegetable eTailer,Chennai,The Chennai Angels,Seed Funding,162000.0
1164,22-12-2016,Mindler,Consumer Internet,Career Planning & Assessment platform,New Delhi,Taxmann,Seed Funding,324000.0
1165,22-12-2016,MCaffeine,E-commerce,Personal care product etailer,Bangalore,Kaushal Agarwal Harminder Sahani KK Mehra Pranay Jivrajka Navjot Saini,Seed Funding,300000.0
1166,23-12-2016,enKast,Technology,Cloud based CRM for Agencies,Bangalore,Ivy League Alumni Angel Network,Private Equity,2000000.0
1173,26-12-2016,Dekkho,Consumer Internet,Video Streaming platform,Mumbai,undisclosed investors,Seed Funding,1200000.0
1174,26-12-2016,Shadowfox,Logistics,On-Demand Delivery Service,Gurgaon,Eight Roads Ventures,Private Equity,10000000.0
1175,27-12-2016,ShopX,E-commerce,SAAS E-commerce Retail app,Bangalore,Nandan Nilekani,Private Equity,5000000.0
1177,29-12-2016,Healthifyme,Consumer Internet,Fitness Mobile App,Bangalore,NB Ventures,Private Equity,1000000.0
1181,01-11-2016,PickMyLaundry,Consumer Internet,On-Demand Washing & Dry Cleaning Services,New Delhi,Kedar Lele GHV Accelerator,Seed Funding,200000.0
1182,02-11-2016,FreshDesk,Consumer Internet,SAAS Based HelpDesk Services,Chennai,Sequoia Capital India Accel Partners,Private Equity,55000000.0
1183,02-11-2016,LaundryAnna,Consumer Internet,On-Demand Washing & Dry Cleaning Services,Bangalore,Undisclosed Investors,Seed Funding,150000.0
1186,03-11-2016,Zarget,Technology,SaaS-based web optimisation and marketing platform,Chennai,Sequoia India,Private Equity,6000000.0
1188,03-11-2016,EasyPolicy,Consumer Internet,Online insurance Portal,Noida,Unilazer Ventures,Private Equity,10000000.0
1190,04-11-2016,Connect India,Logistics,Last mile Delivery Network,Bangalore,Aavishkaar Venture Management,Private Equity,1000000.0
1191,04-11-2016,Corseco,Technology,AI-based Software as a Service Solution provider,New Delhi,Ameera Shah Vivek Bhargava,Seed Funding,150000.0
1194,05-11-2016,Medzin,E-commerce,Online ordering & Delivery of medicines,New Delhi,A M Sikander,Seed Funding,45000.0
1195,05-11-2016,Bizongo,E-commerce,Packaging Material Marketplace,Mumbai,IDG Ventures Accel Partners,Private Equity,3000000.0
1196,07-11-2016,Rivigo,Technology,Technology based Logistics platform,Gurgaon,Warburg Pincus,Private Equity,75000000.0
1197,07-11-2016,JustRide,Consumer Internet,Online Car Sharing platform,Mumbai,Justin Kan Qasar Younis Paul Bucche Susa Ventures Kima Ventures Axan Venture SCM Holdings,Private Equity,3000000.0
1198,09-11-2016,IIM Jobs,Consumer Internet,Online Job Portal,New Delhi,India Quotient,Private Equity,2000000.0
1199,09-11-2016,Square Yards,Consumer Internet,Online Property Search Portal,Gurgaon,ADAG Reliance Private Equity,Private Equity,12000000.0
1200,10-11-2016,GolfLAN,Consumer Internet,Golf Session Online Bookings platform,New Delhi,YourNest Angel Fund iSON,Private Equity,1000000.0
1204,14-11-2016,Active.ai,Technology,Banking & Fintech Platform,Singapore,Kalaari Capital IDG Ventures India,Private Equity,3000000.0
1205,14-11-2016,ElasticRun,Technology,Tech driven Logistic & distribution platform,Pune,Kalaari Capital Norwest Venture Partners,Private Equity,2000000.0
1207,15-11-2016,Zefo,E-commerce,Used Furniture & Appliances Marketplace,Bangalore,Sequoia India BEENEXT Helion Ventures,Private Equity,6000000.0
1208,15-11-2016,PlaySimple,Technology,Mobile Gaming portal,Bangalore,SAIF Partners IDG Ventures India,Private Equity,4000000.0
1209,16-11-2016,Stasis Labs,Technology,Cloud based health monitoring platform,Bangalore,RTP-HC Wonder Ventures Techstars Ventures & Others,Private Equity,5000000.0
1211,17-11-2016,Koovs,E-commerce,Fashion eTailer,New Delhi,Times of India Group & Existing investors,Private Equity,13500000.0
1214,17-11-2016,Pictor Imaging,Consumer Internet,Product Photography Mobile App,Mumbai,Quarizon,Seed Funding,147000.0
1215,18-11-2016,GramCover,Finance,Insurance Marketplace for the Rural Sector,New Delhi,Omnivore Capital,Seed Funding,1000000.0
1218,21-11-2016,Bats on delivery,Consumer Internet,Online food Grocery ordering & Delivery,Gurgaon,Devdeep Singh,Seed Funding,90000.0
1219,21-11-2016,numberz.in,Technology,Cash Flow Management Solution for Businesses,Gurgaon,Kae Capital Khosla Impact,Seed Funding,650000.0
1220,22-11-2016,Housing.com,Consumer Internet,Real Estate Portal,Mumbai,Softbank Group,Private Equity,5000000.0
1221,22-11-2016,Awesummly,Consumer Internet,Short News Mobile App,Bangalore,Vivek Bhargava Ameera Shah,Seed Funding,147000.0
1223,22-11-2016,Vymo,Technology,SaaS-based predictive analytics platform,Bangalore,Sequoia India,Private Equity,5000000.0
1225,22-11-2016,Noddapp,Consumer Internet,App based networking platform,Mumbai,Undisclosed multiple investors,Seed Funding,147000.0
1226,23-11-2016,Knowlarity,Consumer Internet,Cloud Telephony Platform,Bangalore,Delta Partners Sequoia India Mayfield Blacksoil Trifecta Capital,Private Equity,20000000.0
1227,23-11-2016,Infisecure,Technology,Bot Protection Solutions,Mumbai,IDG Ventures Axilor Ventures,Seed Funding,600000.0
1228,23-11-2016,Udaan,E-commerce,B2B Marketplace,Bangalore,Lightspeed Venture Partners India Lightspeed US,Private Equity,10000000.0
1231,24-11-2016,ShareChat,Consumer Internet,Local Language Social Networking Platform,Mumbai,Lightspeed India Partners SAIF Partners India Quotient Venture Highway,Private Equity,4000000.0
1238,28-11-2016,Kloseby,Consumer Internet,proximity based Rewards platform,Bangalore,Undisclosed Investor,Seed Funding,100000.0
1239,28-11-2016,WholeSaleBox,E-commerce,B2B Wholesale Apparel Marketplace,Jaipur,Manish Maheshwari Contrarian Vriddhi Fund,Private Equity,2000000.0
1241,29-11-2016,Affordplan,Consumer Internet,Savings platform for Medical Expenses,New Delhi,Prime Venture Partners Kalaari Capital,Private Equity,3000000.0
1242,30-11-2016,HandyTrain,Consumer Internet,Mobile App for SAAS based Training,Goa,Silver Range Investments Lumina Datamatics Shun Yoshida & Others,Private Equity,1000000.0
1243,30-11-2016,ShopsUp,E-commerce,Hyperlocal Shopping App,Bangalore,Anand Sankeshwar Yang Shu,Seed Funding,963000.0
1244,30-11-2016,Indofash,E-commerce,Ethnic Indian Fashion Marketplace,Bangalore,Shekhar Sahu Nitesh Pant,Seed Funding,150000.0
1245,30-11-2016,Entropika,Technology,AI Machine learning Solutions,Bangalore,Dileep Bhatt Milind Chaudhary,Seed Funding,200000.0
1246,30-11-2016,MarianaIQ,Technology,AI-driven B2B marketing platform,Bangalore,Exfinity Venture Partners,Private Equity,2000000.0
1247,30-11-2016,Chai Thela,Food & Beverage,Quick Service Restaurants,Noida,Quarizon,Seed Funding,218000.0
1248,30-11-2016,Interviewpad,Technology,Engineering Interview facilitation platform,Pune,Krishna Rokhale,Seed Funding,100000.0
1249,30-11-2016,Math Buddy,Consumer Internet,Online Math Learn,Vadodara,Menterra Social Impact Fund,Seed Funding,440000.0
1250,30-11-2016,Pulse,Consumer Internet,Campus Social Networking App,Bangalore,SAIF Partners,Private Equity,500000.0
1252,30-11-2016,Carcrew.in,Consumer Internet,Online Car repair Marketplace,Mumbai,TVS Group,Seed Funding,500000.0
1254,03-10-2016,Mystifly,Consumer Internet,Airline Ticket Aggregator,Bangalore,Recruit Holdings,Private Equity,5000000.0
1256,03-10-2016,Uniphore,Technology,Speech Recognition Solutions,Chennai,IDG Ventures Indian Angel Network (IAN) YourNest Angel Fund,Private Equity,2000000.0
1257,03-10-2016,World Art Community,E-commerce,Art & Craft Marketplace,Gurgaon,Viraj Tyagi & Others,Seed Funding,200000.0
1258,04-10-2016,Giftxoxo,E-commerce,Online Gifting platform,Bangalore,Mahindra Holidays & Resorts India Ltd,Private Equity,450000.0
1261,04-10-2016,India Gifts Portal,E-commerce,Online Gifting platform,Noida,Naveen Arya Tarun Joshi,Private Equity,2000000.0
1262,04-10-2016,Moglix,E-commerce,Industrial & Home products marketplace,Noida,Accel Partners Jungle Ventures SeedPlus,Private Equity,4200000.0
1263,04-10-2016,NetLinx,Consumer Internet,Internet Service Provider,Hyderabad,Xchange Investors NV TransGlobal FZC,Private Equity,3000000.0
1265,04-10-2016,Remitr,Consumer Internet,Foreign Currency Payments Platform,Mumbai,Vijay Shekhar Sharma Pravin Gandhi Smart Start Fund; Kunal Shah Sandeep Tandon Vishal Gondal & Others,Seed Funding,1000000.0
1266,04-10-2016,InnerChef,Consumer Internet,Online food ordering platform,Gurgaon,Mistletoe M&S Partners,Private Equity,2500000.0
1267,04-10-2016,AppsDaily,Consumer Internet,Mobile Phone Theft Damage Protection platform,Mumbai,Zodius Capital Kalaari Capital Qualcomm Ventures Russian venture capital fund Ru-Net Mumbai Angels,Private Equity,3750000.0
1271,05-10-2016,UE LifeSciences,Technology,Mobile Health Technology Solutions,Mumbai,Kiran Mazumdar-Shaw Unitus Seed Fund,Private Equity,1200000.0
1273,06-10-2016,RealBox,Technology,Data Sciences Platform,Noida,Hyderabad Angels,Seed Funding,300000.0
1275,06-10-2016,GoZefo,E-commerce,Used Furniture & Appliances Marketplace,Bangalore,Helion Venture Partners BeeNext,Private Equity,1050000.0
1276,07-10-2016,RayIOT,Technology,Baby Monitoring Devices manufacturer,Bangalore,HAX Accelerator,Seed Funding,100000.0
1277,07-10-2016,KOOH Sports,Technology,Sports Training & Technology,Mumbai,HDFC Faering Capital Elevate Sports,Private Equity,2200000.0
1278,07-10-2016,Flexiloans,Consumer Internet,Online Funds Raising Platform,Mumbai,Sanjay Nayar Vikram Sud Anil Jaggia Narayan Seshadri,Private Equity,15000000.0
1280,10-10-2016,Vithi.com,E-commerce,Online Hair Extension etailer,New Delhi,undisclosed investor,Seed Funding,375000.0
1281,11-10-2016,Yupp TV,Consumer Internet,Internet-based TV streaming service provider,Bangalore,Emerald Media,Private Equity,50000000.0
1282,11-10-2016,Deyor Camps,Consumer Internet,Branded Camping location Aggregator,Gurgaon,Nitin Passi Manickam Mahalingam Udaan Angels Rajesh Arora Arkas Industries,Seed Funding,500000.0
1284,13-10-2016,FabAlley,E-commerce,online fashion brand store,Noida,India Quotient FAO Ventures Indian Angel Network Tushar Singh Ranjan Sharma,Private Equity,2000000.0
1287,13-10-2016,RoboVac,Technology,waterless car washing solution,Ahmedabad,Virendra Patel,Seed Funding,450000.0
1288,14-10-2016,Newspatrolling,Consumer Internet,Online News portal,New Delhi,Undisclosed,Seed Funding,25000.0
1289,14-10-2016,Postman,Consumer Internet,API Platform,Bangalore,Nexus Venture Partners,Private Equity,7000000.0
1290,14-10-2016,ISFC,Finance,Education Sector Lending,Hyderabad,Gray Matters Capital,Private Equity,6000000.0
1294,15-10-2016,DailyHunt,Consumer Internet,Vernacular content mobile app,Bangalore,ByteDance Arun Sarin Matrix Partners Sequoia Capital India Omidyar Network Falcon Edge,Private Equity,25000000.0
1295,15-10-2016,Tazzo Bikes,Consumer Internet,Motorbike rental platform,Hyderabad,DSG Consumer Partners,Seed Funding,227000.0
1296,15-10-2016,MyKindofJob,Consumer Internet,Internet & Fresher Job platform,Mumbai,Mayank Shah Shreyans Shah,Seed Funding,1000000.0
1299,17-10-2016,Yumigo,Consumer Internet,App based Travel Discovery and Transactions platform,Gurgaon,Hemant Sahni,Seed Funding,300000.0
1300,17-10-2016,Rentalpha,Others,equipment rental and leasing company,Mumbai,Bravia Capital,Private Equity,16000000.0
1301,18-10-2016,3Dexter,Technology,3D Printing Solutions for Edu space,New Delhi,Newbie Promoters,Seed Funding,150000.0
1304,18-10-2016,MySUN,Technology,Solar Energy harnessing products marketplace,Noida,General Catalyst Partners,Private Equity,2500000.0
1306,19-10-2016,Furlenco,Consumer Internet,Online Furniture Rental platform,Bangalore,Lightbox Ventures Axis Capital & Others,Private Equity,30000000.0
1307,19-10-2016,Fisdom,Consumer Internet,Personal Wealth Management Platform & App,Bangalore,Saama Capital Raghunandan G Aprameya Radhakrishna,Private Equity,1100000.0
1308,19-10-2016,Actofit,Technology,Wearable Technology platform & devices,Mumbai,Next Orbit Ventures Fund,Private Equity,750000.0
1312,21-10-2016,ChatOnGo,Consumer Internet,Hyperlocal Communication Mobile app,Mumbai,Janak Jain,Seed Funding,300000.0
1314,24-10-2016,Healthians,Consumer Internet,Health Test Discovery & Ordering service,Gurgaon,BEENEXT,Private Equity,3000000.0
1315,24-10-2016,Box8,Consumer Internet,Online Food Ordering platform/App,Mumbai,IIFL Seed Ventures Fund Mayfield Ventures,Private Equity,7500000.0
1316,25-10-2016,Kredx,E-commerce,Invoice discounting marketplace,Bangalore,Sequoia Capital,Private Equity,6000000.0
1317,25-10-2016,CreditMate,Consumer Internet,Credit Report Info platform,Mumbai,India Quotient,Seed Funding,500000.0
1320,25-10-2016,SooperMO,Technology,Android utility app suite creator,Gurgaon,Lalit Vase,Seed Funding,100000.0
1321,26-10-2016,OrangeTwig,Consumer Internet,Social Media Marketing platform,New Delhi,Undisclosed investor,Seed Funding,1000000.0
1323,26-10-2016,The Kettlery,E-commerce,Online Tea Etailer,Ahmedabad,hooting Starts Sports LLP Franchise India Brands,Private Equity,1000000.0
1324,27-10-2016,Idea Bubbles,Consumer Internet,Doctor Consulting platform,Bangalore,1Crowd Eureka Forbes Ltd Shapoorji Pallonji & Co. Ltd.,Private Equity,700000.0
1325,27-10-2016,FR8,Technology,Truck Fleet Operation platform,Chennai,Omnivore Partners,Private Equity,971000.0
1326,27-10-2016,Ather Energy,Technology,Electric Vehicle Manufacturer,Bangalore,Hero MotoCorp,Private Equity,27000000.0
1328,29-10-2016,Velmenni,Technology,LiFi based wireless communication provider,New Delhi,Kalaari Capital,Seed Funding,100000.0
1329,29-10-2016,Volta Motors,Technology,Electric Bike Manufacturer,Chennai,Kalaari Capital,Seed Funding,100000.0
1330,29-10-2016,Cyclops,Technology,Clinical and Wearable Diagnostic Product creator,Bangalore,Kalaari Capital,Seed Funding,100000.0
1331,30-10-2016,Impact Analytics,Technology,Business intelligence and data science Startup,Bangalore,Aarin Capital Michael Herzig Ashish Lakhanpal,Private Equity,750000.0
1332,31-10-2016,Talent Next,Consumer Internet,Talent Discovery & Audition management platform,Mumbai,Karanpal Singh & Others,Seed Funding,1000000.0
1334,01-09-2016,Mihup,Technology,Personal Digital Assistant,Kolkata,Accel Partners,Private Equity,6700000.0
1340,06-09-2016,eShakti,E-commerce,Womens Fashion Apparel eTailer,Chennai,Infina Finance Pvt. Ltd Uday Kotak,Private Equity,1350000.0
1341,06-09-2016,CheersOye!,Consumer Internet,Online Gift Vouchers platform,Mumbai,Undisclosed Investors,Seed Funding,500000.0
1343,06-09-2016,BigStylist,Consumer Internet,Hyperlocal doorstep Beauty Services provider,Mumbai,Info Edge (India) Ltd,Private Equity,900000.0
1344,07-09-2016,Zilingo,E-commerce,Online Fashion Retailer,Bangalore/Bangkok,Venturra Capital Sequoia India Susquehanna International Group. Wavemaker Partners Beenext Beenos Digital Garage,Private Equity,8000000.0
1345,07-09-2016,Alternacare,Consumer Internet,Online Doctor Consulting platform,New Delhi,Eros Labs,Seed Funding,500000.0
1346,07-09-2016,Simplilearn,Education,Online Certification programs,Bangalore,InnoVen Capital India,Private Equity,6000000.0
1347,07-09-2016,Prozo,E-commerce,Study Material Marketplace,Gurgaon,Earlsfield Capital Sailender Solanki Rajiv Solanki,Seed Funding,315000.0
1348,08-09-2016,TopRankers,Education,Online Test Preparation platform,Bangalore,CareerNet Consulting Pvt. Ltd Ideation Initiative Pvt. Ltd,Seed Funding,670000.0
1349,08-09-2016,BuildTraders,E-commerce,Online Construction Materials Marketplace,Bangalore,Idein Ventures,Seed Funding,200000.0
1350,09-09-2016,byju's,Education,Online Learning App,Bangalore,Chan Zuckerberg Initiative Times Internet Ltd Sequoia Capital Sofina Lightspeed Ventures,Private Equity,50000000.0
1353,10-09-2016,CureInstant,Consumer Internet,Social Health Networking Platform,New Delhi,Dr. Rameshwar Kumar,Seed Funding,150000.0
1354,10-09-2016,Poshtic,Consumer Internet,Online health & Wellness platform,Noida,havya Sharma Amit Nagar,Seed Funding,450000.0
1356,12-09-2016,Purple Style Labs,Consumer Internet,Personal Styling Online platform,Mumbai,Augment Ventures Rahul Kayan Nikhil Golcha Shubham Gupta Roy Kwan,Seed Funding,448000.0
1357,12-09-2016,Inuxu,Technology,Online Advertising Solutions,Pune,Fork Media,Private Equity,3000000.0
1358,12-09-2016,Nykaa,E-commerce,Online Beauty products eTailer,Mumbai,Sunil Munjal Mariwala family,Private Equity,12300000.0
1359,12-09-2016,Glam Studios,Consumer Internet,Beauty Salon Aggregator,Noida,Pradeep Mirani Aqeel Ahmed Anand Ladsariya Nitin Agarwal,Seed Funding,300000.0
1363,13-09-2016,NearBuy,Consumer Internet,Online Deals & Discount platform,Gurgaon,BlackSoil Capital Pvt. Ltd.,Private Equity,2500000.0
1365,14-09-2016,Flocareer,Consumer Internet,Jobs & Skill Validation platform,Bangalore,Balasubramanian Krishnamurthy Sidhartha Hazarika & Others,Seed Funding,150000.0
1367,15-09-2016,infeedo,Consumer Internet,Employee engagement platform,Gurgaon,Dheeraj Jain Palash Jain Anupam Mittal Ameera Shah Vivek Bhargava Rahul Singh Ambarish Gupta,Seed Funding,200000.0
1368,15-09-2016,Furlenco,E-commerce,Online furniture rental startup,Bangalore,Lightbox Ventures and others,Private Equity,5000000.0
1369,15-09-2016,GoPigeon,Consumer Internet,on-demand logistics service provider,Bangalore,Nexus Venture Partners,Private Equity,1500000.0
1370,16-09-2016,NewsDistill,Consumer Internet,City based News Aggregator App,Hyderabad,Ganesh Narasimhan Ramana Thumu Sudhir Mallem,Seed Funding,100000.0
1371,16-09-2016,DoctorInsta,Consumer Internet,Online Doctor Consultations,Gurgaon,RoundGlass Partners,Private Equity,1000000.0
1372,19-09-2016,Milofy,Consumer Internet,Couple Socialization App,Bangalore,Accel Partners,Seed Funding,750000.0
1374,19-09-2016,Swiggy,Consumer Internet,Online Food Ordering & Delivery,Bangalore,Bessemer Venture Partners,Private Equity,15000000.0
1376,20-09-2016,JustLikeNew,E-commerce,Online gadget Repair Services Marketplace,Hyderabad,LetsVenture,Seed Funding,500000.0
1378,21-09-2016,Co Life,Consumer Internet,shared living and working spaces platform,Bangalore,Undisclosed Investors,Seed Funding,1000000.0
1380,21-09-2016,Pepperfry,E-commerce,Furniture eTailer,Mumbai,Goldman Sachs Group Zodius Technology Fund Norwest Venture Partners Bertelsmann India,Private Equity,31300000.0
1381,21-09-2016,eQuickies,E-commerce,Online Book etailer,Ahmedabad,Lothal Angel Ventures,Seed Funding,298000.0
1382,21-09-2016,Khel Now,Consumer Internet,Mobile-based social networking platform,New Delhi,Anglian Omega Network,Seed Funding,350000.0
1383,22-09-2016,Gadgetwood,Consumer Internet,On-Demand Gadget repair services platform,New Delhi,Carpediem Capital,Private Equity,6000000.0
1385,22-09-2016,Flixy Games,Technology,Mobile Game Publisher for Indian audience,Bangalore,Rebright Partners,Seed Funding,425000.0
1386,22-09-2016,HashTaag,Technology,Mobile App Development company,Bangalore,Undisclosed investors,Seed Funding,1000000.0
1387,22-09-2016,PharmaRack,Technology,SAAS application for Pharma Industry,Pune,Currae Healthtech Fund Unicorn India Ventures,Private Equity,745000.0
1388,23-09-2016,CloudCherry,Technology,CRM SAAS Platform,Chennai,Vertex Ventures Cisco Ventures IDG Ventures,Private Equity,6000000.0
1394,27-09-2016,TinyStep,Consumer Internet,Parenting Network Platform,Bangalore,Flipkart Logistics Pvt. Ltd,Private Equity,1580000.0
1396,28-09-2016,Beardo,E-commerce,Mens Grooming products etailer,Ahmedabad,Venture Catalysts,Seed Funding,500000.0
1397,28-09-2016,Instacar,Consumer Internet,Out-Station Taxi Rental Platform,Indore,Swastika Co Ltd.,Seed Funding,1000000.0
1398,28-09-2016,Celes Care,Consumer Internet,Virtual Health Clinic for Women,Hyderabad,Endiya Partners,Seed Funding,1000000.0
1399,28-09-2016,Druva,Technology,Cloud Based Data Protection Solution,Pune,Sequoia India EDBI Blue Cloud Ventures Hercules Capital,Private Equity,51000000.0
1400,29-09-2016,Promon,E-commerce,Local Commerce Platform,New Delhi,Now Capital,Seed Funding,180000.0
1402,29-09-2016,Unocoin,Consumer Internet,Bitcoin Wallet,Bangalore,Blume Ventures Mumbai Angels ah! Ventures Digital Currency Group Boost VC Bank to the Future and Funders Club,Private Equity,1500000.0
1404,30-09-2016,Zeta,Technology,Enterprise Cloud Solutions,Mumbai,Bhavin Turakhia,Private Equity,19000000.0
1406,01-08-2016,HealthKart,E-commerce,Online Pharmacy & Health Marketplace,Gurgaon,Sequoia Capital India Omidyar Network Kae Capital,Private Equity,12000000.0
1407,01-08-2016,Medinfi,Consumer Internet,Doctor & Clinic Discovery Platform,Bangalore,Mudit Saxena Evan Lim,Seed Funding,200000.0
1408,01-08-2016,RepairEasy,Consumer Internet,Gadget Repair Services Platform,Pune,Undisclosed HNIs,Seed Funding,275000.0
1409,01-08-2016,Voonik,E-commerce,Online Womens Fashion Marketplace,Bangalore,InnoVen Capital,Private Equity,3000000.0
1410,01-08-2016,Tokri,Consumer Internet,Hyperlocal Grocery Delivery platform,Pune,Syska LED group,Private Equity,2500000.0
1411,02-08-2016,Sheroes,Consumer Internet,Online Job and Career Platform for Women,Noida,Lumis Partners The HR Fund Rajul Garg Quintillion Media,Private Equity,1800000.0
1413,02-08-2016,Yumlane,Food & Beverage,Retail Food & Snack Offline centres,Mumbai,Binny Bansal Anupam Mittal Sachin Bhatia Darius Pandole Kunal Khattar Dheerag Jain,Seed Funding,1000000.0
1415,03-08-2016,ExtraCarbon,Consumer Internet,Waste Recycle Management platform,Gurgaon,Brand Capital,Seed Funding,225000.0
1416,03-08-2016,FlickBay,Consumer Internet,Mobile Based Bollywood Discovery platform,Mumbai,Paul Roy,Seed Funding,890000.0
1417,04-08-2016,Petoo,Consumer Internet,Food Delivery Platform,Bangalore,Existing Investors,Seed Funding,500000.0
1420,06-08-2016,VST Travels,Technology,Travel Ticket Booking Software,Kerala,Promatus Group,Seed Funding,27000.0
1422,08-08-2016,Wefly Indoor Skydiving,Others,Indoor Skydiving Sports Provider,Mumbai,Swastika Company Ltd.,Seed Funding,40000.0
1423,08-08-2016,Mojarto,E-commerce,Original Art Digital Prints etailer,Gurgaon,Undisclosed Investors,Seed Funding,445000.0
1424,08-08-2016,Zipgrid,Consumer Internet,Community services platform,Mumbai,1Crowd (through crowd funding),Seed Funding,200000.0
1427,10-08-2016,Vebbler,Consumer Internet,Photo Sharing Mobile App,Bangalore,Anupam Mittal Sharad Sharma & 14 others,Seed Funding,500000.0
1428,10-08-2016,Bombay Shaving Company,E-commerce,Mens Grooming Product etailer,New Delhi,Noshir Kaka Subramanian Ramadorai Kiran Deshpande Pankaj Gupta Ravi Nigam & Others,Seed Funding,600000.0
1429,11-08-2016,Travelyaari,Consumer Internet,Online ticket booking platform,Bangalore,Gujarat Venture Finance Limited (GVFL) Bennett Coleman & Co. Ltd,Private Equity,7000000.0
1431,11-08-2016,Genextstudents,Consumer Internet,Online Tutoring Service provider,Mumbai,1Crowd (through crowdfunding),Seed Funding,209000.0
1432,11-08-2016,Zenoti,Technology,Cloud Based Software Solutions Provider,Hyderabad,Norwest Venture Partners Accel India,Private Equity,15000000.0
1433,12-08-2016,Crofarm,Technology,Agri-Tech supply chain Solution provider,Gurgaon,Mukul Singhal Rohit Jain Himanshu Aggrawal Sunil Goyal Ashish Gupta,Private Equity,1500000.0
1434,12-08-2016,Faircent.com,Consumer Internet,peer-to-peer lending platform,Gurgaon,Brand Capital,Private Equity,1500000.0
1435,12-08-2016,Innovaccer,Technology,Integrated Enterprise Analytics Platform,Noida,Westbridge Capital Partners,Private Equity,15600000.0
1436,12-08-2016,Cuberoot,Technology,Data Analytics & Audience Management Platform,Gurgaon,Undisclosed Investors,Seed Funding,500000.0
1440,16-08-2016,OyoRooms,Consumer Internet,Budget Hotels Aggregator,New Delhi,SoftBank Group,Private Equity,62000000.0
1441,16-08-2016,Hike,Consumer Internet,Mobile Messaging App,New Delhi,Tencent Holdings Foxconn Technology Group Tiger Global SoftBank Group Bharti Enterprises,Private Equity,175000000.0
1442,16-08-2016,Joolz,E-commerce,Online Jewellery Store,Mumbai,Powerhouse Ventures M&S Partners,Private Equity,500000.0
1443,16-08-2016,SaleBhai,E-commerce,Sweets Dry Fruits & Handicrafts etailer,Ahmedabad,Brand Capital,Private Equity,1500000.0
1444,16-08-2016,Makkajai,Technology,Online & Mobile learning for kids,Pune,Anand Chandrasekaran Ananth Narayanan Mekin Maheshwari Ravi Garikipati Divyesh Shah Swastika Company Ltd,Seed Funding,250000.0
1446,17-08-2016,MaalGaadi,Logistics,Online Logistics Marketplace,Indore,Swan Angel NetworkSachin Khandelwal and others,Seed Funding,375000.0
1448,17-08-2016,Appknox,Technology,Mobile security solutions,Bangalore,SeedPlus Infocomm Investments Accel Partners RNT Associates,Private Equity,675000.0
1452,19-08-2016,Quikr,Consumer Internet,Classified Listings platform,Mumbai,Brand Capital,Private Equity,20000000.0
1453,19-08-2016,Digio,Technology,Aadhar based Document Signing platform,Bangalore,Rainmatter,Private Equity,375000.0
1456,22-08-2016,Puro Wellness,healthcare,Organic Natural Food substitute manufacturer,Mumbai,Torrent Group,Private Equity,37000000.0
1459,23-08-2016,Notesgen,Consumer Internet,Online Notes Sharing Portal,New Delhi,Riju Gupta Kamal Chabra,Seed Funding,100000.0
1461,23-08-2016,Octo.ai,Technology,Artificial Intelligence based marketing platform,New Delhi,Outbox Ventures Jaspreet Bindra Arjun Malhotra Rohan Malhotra Sidharth Rao Rakesh Agrawal,Seed Funding,200000.0
1463,24-08-2016,UnaAcademy,Consumer Internet,Free Interactive education platform,Bangalore,Blume Ventures Sachin Bansal Vijay Shekhar Sharma Binny Bansal Kunal Shah Sandeep Tandon Ashish Tulsian,Private Equity,1000000.0
1464,24-08-2016,Advenio,Technology,Clinical Imaging Solution Provider,Chandigarh,Kalaari Capital,Seed Funding,100000.0
1465,24-08-2016,Guarented,E-commerce,Home Furnishing rental marketplace,Bangalore,Kalaari Capital,Seed Funding,500000.0
1467,24-08-2016,Uber Dreams,E-commerce,Dreams fulfilling marketplace,Mumbai,Mohit Lalvani,Seed Funding,500000.0
1468,24-08-2016,Convegenius,Education,Edutainment platform,Noida,Michael and Susan Dell Foundation,Private Equity,900000.0
1469,24-08-2016,UrbanLadder,E-commerce,Online Furniture Store,Mumbai,Trifecta Capital,Private Equity,3000000.0
1472,25-08-2016,Cult,Healthcare,Health and Fitness Centres,Bangalore,CureFit,Private Equity,3000000.0
1475,25-08-2016,ZoomCar,Consumer Internet,Self-driven car booking platform,Bangalore,Ford Smart Mobility Llc,Private Equity,24000000.0
1476,26-08-2016,Plix,Consumer Internet,Photo and Video Sharing App,Gurgaon,Instalabs,Seed Funding,500000.0
1477,26-08-2016,Mobikwik,Consumer Internet,Digital Wallet platform,Gurgaon,Net1 UEPS Technologies Inc,Private Equity,40000000.0
1478,26-08-2016,MyDidi,Consumer Internet,on-demand hyper-local Cleaning services provider,Mumbai,Undisclosed Ex Mckinsey Directors and Partners,Seed Funding,550000.0
1480,29-08-2016,LoanTap,Consumer Internet,Lending platform for Salaried professionals,Mumbai,Dr. Abhishek Pandey Jaysukh Sapra,Private Equity,3000000.0
1481,29-08-2016,Runnr,Consumer Internet,hyperlocal Logistics services provider,Bangalore,Nexus Venture Partners Blume Ventures,Private Equity,7000000.0
1483,29-08-2016,Notion Press,Consumer Internet,Self-Publishing books platform,Chennai,Undisclosed HNI investors,Private Equity,1000000.0
1484,29-08-2016,LivSpace,Consumer Internet,Online portal for Home Design,Bangalore,Bessemer Venture Partners Jungle Ventures Helion Ventures,Private Equity,15000000.0
1485,30-08-2016,iAugmentor Labs,Technology,Assessment & Learning Platform,Gurgaon,Rajasthan Angel Investor Network & Others,Seed Funding,149000.0
1486,30-08-2016,DayBox,Consumer Internet,Fruit & Vegetable Delivery platform,New Delhi,Ashutosh Lawania Rajul Jain Badal Malick Rishi Gupta & Others,Seed Funding,104000.0
1487,30-08-2016,Paytm,E-commerce,Mobile Wallet & E-commerce platform,Bangalore,MediaTek Inc.,Private Equity,60000000.0
1488,30-08-2016,CropIn,Technology,Agriculture Technology Solutions,Bangalore,Sophia Investment ApS,Private Equity,2000000.0
1489,30-08-2016,Canvera,Consumer Internet,Photographer Discovery & Information platform,Bangalore,Info Edge (India) Ltd,Private Equity,3000000.0
1491,31-08-2016,Flyrobe,E-commerce,Online fashion rental platform,Mumbai,IDG Ventures Sequoia Capital GREE Ventures,Private Equity,5300000.0
1495,01-07-2016,Venture Catalysts,Consumer Internet,Seed Investment & Innovation Platform,Mumbai,Zaffiro Ventures,Seed Funding,500000.0
1497,02-07-2016,Playment,Consumer Internet,Mobile Marketplace for Crowdsourced Work,Bangalore,SAIF Partners,Private Equity,700000.0
1499,04-07-2016,Curefit,Consumer Internet,Online Preventive Healthcare Platform,Bangalore,Accel Partners IDG Ventures Kalaari Capital,Private Equity,15000000.0
1500,04-07-2016,StitchWood,E-commerce,Custom Furniture Online,Mumbai,Deepak Gupta,Seed Funding,200000.0
1501,04-07-2016,Grab.in,Logistics,hyperlocal logistics service,Mumbai,Aramex Ventures Llc,Private Equity,2000000.0
1503,04-07-2016,NeoGrowth,Finance,SME Lending platform,Mumbai,IIFL Wealth Management Seed Venture Fund Omidyar Network Khosla Impact Aspada,Private Equity,16000000.0
1504,05-07-2016,SeeDoc,Consumer Internet,Video Based Doctor Consulting platform App,Gurgaon,YourNest Angel Fund & Others,Private Equity,1000000.0
1505,05-07-2016,BookMyShow,Consumer Internet,Event & Movie Ticketing platform,Mumbai,Stripes Group Network 18 Accel Partners SAIF Partners,Private Equity,82000000.0
1506,05-07-2016,Flyrobe,E-commerce,Online fashion rental platform,Mumbai,Sequoia Capital Rohit Bansal Kunal Bahl Sandeep Tandon Kunal Shah Zishaan Hayath Abhishek Jain,Seed Funding,1700000.0
1507,06-07-2016,HappilyUnmarried,E-commerce,Online Merchandize etailer,New Delhi,Info Edge (India) Ltd,Private Equity,740000.0
1508,06-07-2016,Dont Scratch Your Head,Technology,Full Stack Offline & Online ERP Solution,Ahmedabad,Gaurav Singhvi Zaffiro Ventures,Seed Funding,250000.0
1509,06-07-2016,Wedding Wishlist,Consumer Internet,Wedding Wishlist Gifts & Registry Creation platform,Chennai,Kirthiga Reddy Renuka RamanathCherry Tin,Seed Funding,297000.0
1510,07-07-2016,AppDaily,Technology,Mobile Security App development & Distribution,Mumbai,Kalaari Capital Qualcomm Ventures ru-Net Zodius Technology Opportunities Fund,Private Equity,2000000.0
1511,07-07-2016,Adytude,Consumer Internet,Gamified Consumer Insights Portal,New Delhi,Indian Angel Network,Private Equity,1000000.0
1515,08-07-2016,HolaChef,Consumer Internet,Online Food Ordering & Delivery Platform,Mumbai,Kalaari Capital India Quotient,Private Equity,1950000.0
1516,11-07-2016,Purplle,E-commerce,Beauty Products Marketplace,Mumbai,JSW Ventures Blume Ventures & IvyCap Ventures,Private Equity,6000000.0
1517,11-07-2016,Trak N Tell,Technology,Car Tracking & Safety System,Gurgaon,Brian Acton,Private Equity,3500000.0
1518,11-07-2016,Overcart.com,E-commerce,Unboxed & refurbished electronic products marketplace,Gurgaon,JSW Ventures Omidyar Network Sattva Capital Venture Works,Private Equity,3000000.0
1519,12-07-2016,SirionLabs,Technology,SAAS based Service Agreement Management,Gurgaon,Sequoia Capital,Private Equity,12250000.0
1524,13-07-2016,YAAP,Consumer Internet,Online Content Discovery Creation & Distribution Platform,New Delhi,Rainmaker Ventures,Private Equity,5000000.0
1526,13-07-2016,Twigly,Consumer Internet,Online Food Ordering & Delivery Startup,Gurgaon,Tracxn Labs Hyderabad Angels Kunal Shah Gaurav Bhalotia,Seed Funding,600000.0
1527,13-07-2016,ShareChat,Consumer Internet,Vernacular Language Content Creation & Sharing App,Bangalore,SAIF Partners India Quotient,Private Equity,1350000.0
1529,13-07-2016,RentMojo,Consumer Internet,Online Furniture Renting Platform,Bangalore,Accel Partners IDG Ventures India,Private Equity,5000000.0
1532,14-07-2016,Augrav,E-commerce,Personalized precious Jewellery etailer,Coimbatore,Keiretsu Forum,Seed Funding,450000.0
1533,14-07-2016,ShoppinPal,Technology,M-Commerce Solutions for Retail Stores,Pune,Plug and Play Tech Center Steelhead Ventures & Others,Private Equity,1070000.0
1535,15-07-2016,WorkApps,Technology,Enterprise Work Management Software,Pune,SRI Capital,Seed Funding,1000000.0
1536,15-07-2016,BankerBay,Consumer Internet,Online Investment Banking platform,Bangalore,undisclosed investors,Private Equity,2000000.0
1538,15-07-2016,TripShelf,E-commerce,Travel Package Marketplace,New Delhi,GEMS group,Seed Funding,250000.0
1540,15-07-2016,Ridlr,Consumer Internet,Public Transport Mobile App,Mumbai,Times Internet Innoven Capital Matrix Partners India Qualcomm Ventures,Private Equity,6000000.0
1541,18-07-2016,Yellowdig,Consumer Internet,Online Learning Platform,Pune,SRI Capital,Seed Funding,650000.0
1542,18-07-2016,Zuppler,Consumer Internet,Online Food Ordering platform,New Delhi,SRI Capital,Seed Funding,650000.0
1543,18-07-2016,BlueStone,E-commerce,Jewellery Etailer,Mumbai,IIFL and Accel Partners Kalaari Capital IvyCap Ventures RB Investments,Private Equity,30000000.0
1546,19-07-2016,Sagacito,Technology,Cloud-Based Enterprise Solutions,New Delhi,Star India Pvt. Ltd,Private Equity,10000000.0
1547,19-07-2016,Deal4Loans/Wishfin,Consumer Internet,Loans Comparison platform,Noida,Franklin Templeton International Services Pvt. Ltd,Private Equity,150000.0
1548,19-07-2016,NiYO Solutions,Technology,Payroll & Benefits Software solutions,Bangalore,Prime Venture Partners,Private Equity,1000000.0
1549,19-07-2016,AppLop,Consumer Internet,Mobile Apps SaaS Platform,Gurgaon,Green House Ventures Accelerator,Seed Funding,250000.0
1550,20-07-2016,Tax2Win,Consumer Internet,Online Tax Filing Portal,Jaipur,Undisclosed Investors,Private Equity,1000000.0
1551,20-07-2016,Truckola,Logistics,Tech-focused cargo transport startup,Mumbai,Abhishek Agarwal Krishnakumar Nataraj Sarath Sura Shanti Mohan Sarthak and Nihit Agarwal Suramya Gupta,Seed Funding,595000.0
1553,21-07-2016,MyTaxiIndia,Consumer Internet,Online Car rental booking platform,New Delhi,Nihon Kotsu Co,Private Equity,1000000.0
1555,21-07-2016,Wiwigo,Consumer Internet,Inter-City Taxi Booking platform,Bangalore,Indian Angel Network,Seed Funding,595000.0
1561,02-06-2016,Atomberg,Technology,smart energy efficient home appliance manufacturer,Mumbai,Parampara Capital,Private Equity,1000000.0
1563,02-06-2016,Limo,Consumer Internet,Bus Aggregator Mobile app,Mumbai,Rainmaker Ventures,Private Equity,1000000.0
1565,03-06-2016,GoGo Truck,Consumer Internet,Truck Aggregator & Booking platform,Chennai,Undisclosed Investor,Seed Funding,75000.0
1566,03-06-2016,Vyome Biosciences,Healthcare,Treatment Development for Antibiotic-resistant diseases,New Delhi,Romulus Capital,Private Equity,2000000.0
1567,06-06-2016,SillyMonks,Consumer Internet,Digital Media and Entertainment Startup,Hyderabad,Sreenivasa Reddy Musani,Seed Funding,448000.0
1568,07-06-2016,CueMath,Education,K-12 Maths Learning Courses,Bangalore,Sequoia Capital Unitus Seed Fund,Private Equity,4000000.0
1569,07-06-2016,KrazyBee,Consumer Internet,Student Micro-Loan platform,Bangalore,Yeahmobi Fenqile,Private Equity,2000000.0
1570,07-06-2016,Intgrea,Technology,Post merger Integration Partners,Bangalore,Undisclosed Investor,Seed Funding,100000.0
1571,07-06-2016,HelpShift,Technology,Mobile CRM Platform,Pune,Microsoft Ventures Salesforce Ventures,Private Equity,23000000.0
1572,07-06-2016,CreditVidya,Technology,Credit Scoring Platform,Mumbai,Kalaari Capital,Private Equity,1000000.0
1573,08-06-2016,Grey Campus,Consumer Internet,Online Learning Platform,Hyderabad,Sarath Sura,Seed Funding,1000000.0
1574,08-06-2016,ListUp,E-commerce,Location based Classified Mobile app,Mumbai,Kae Capital Kunal Shah Sandeep Tandon,Seed Funding,500000.0
1575,08-06-2016,6Degree,Technology,Tech-enabled Fashion Talent platform,Mumbai,Indian Angel Network,Seed Funding,200000.0
1578,08-06-2016,StoreKing,E-commerce,Connecting Small Town Consumers to E-Commerce,Bangalore,Axiata Digital,Private Equity,16000000.0
1580,08-06-2016,MySeniorDoctor,Consumer Internet,Online medical support platform,Gurgaon,BlackJag Partners,Seed Funding,200000.0
1583,09-06-2016,EPayLater,Technology,Fin-Tech Platform,Mumbai,3 undisclosed HNIs,Seed Funding,2000000.0
1585,10-06-2016,Paytunes,Consumer Internet,Mobile based rewards platform,New Delhi,CIO Angel Network Indian Angel Network,Private Equity,500000.0
1593,13-06-2016,Bombay Shirt Company,E-commerce,Online custom Shirt retailer,Mumbai,undisclosed investor,Private Equity,1000000.0
1594,13-06-2016,Matrubharti,Consumer Internet,e-Book Publisher,,Viridian Capital,Seed Funding,30000.0
1598,14-06-2016,Jivox,Technology,Data Driven Advertising platform,Bangalore,You & Mr Jones Fortisure Ventures Diaz Nesamoney,Private Equity,6000000.0
1599,14-06-2016,Sminq,Consumer Internet,Queue management Mobile app,Pune,Saama Capital Blume Ventures & Vaibhav Domkundwar,Seed Funding,1000000.0
1600,14-06-2016,CureJoy,Consumer Internet,Online Alternative health community platform,Bangalore,Accel Partners India,Private Equity,4400000.0
1601,15-06-2016,Oneway.cab,Consumer Internet,Taxi Rental Platform,Vadodara,Indian Angel Network,Seed Funding,450000.0
1603,16-06-2016,Diro Labs,Consumer Internet,Contact Management Mobile App,New Delhi,Info Edge (India) Ltd,Private Equity,450000.0
1604,16-06-2016,Unnati Helpers,Consumer Internet,Help Hiring Platform,Gurgaon,Info Edge (India) Ltd,Private Equity,600000.0
1607,16-06-2016,Voonik,E-commerce,Online Womens Fashion Marketplace,Bangalore,Sequoia Capital,Private Equity,20000000.0
1609,17-06-2016,Cleartax,Consumer Internet,Online Tax Filing Platform,New Delhi,Ravi Adusumalli SAIF Partners,Private Equity,12000000.0
1610,17-06-2016,Silvan Innovation Labs,Technology,Home Automation Solutions,Bangalore,Infuse Ventures,Private Equity,900000.0
1611,17-06-2016,GreytHR,Technology,Payroll & HR Software Developer,Bangalore,New Enterprise Associates (NEA) Blume Ventures,Private Equity,5200000.0
1617,21-06-2016,Onspoon,Consumer Internet,Online Platform for Event Sponsorship,Mumbai,Swan Angel Network,Seed Funding,150000.0
1621,21-06-2016,Celerix,Technology,Fintech Product Development & Services Startup,Bangalore,Bitkemy Ventures,Seed Funding,400000.0
1622,21-06-2016,NatureNama,Consumer Internet,Online Outdoors & travel,Mumbai,Unicorn Venture,Seed Funding,225000.0
1624,21-06-2016,Syona Cosmetics,FMCG,Beauty Products & Training to Salons & Spas,Chennai,The Chennai Angels,Seed Funding,150000.0
1625,21-06-2016,PrettySecrets,E-commerce,Women Lingerie Store,Mumbai,RB Investments PTE Ltd Orios Venture Partners,Private Equity,6000000.0
1626,22-06-2016,SpiderG,Consumer Internet,Online invoice app for SMEs,Pune,Rahul Kirloskar Fusion Tech Ventures Adi Saravanan Pravin Dongre Mahendra Doshi,Seed Funding,150000.0
1627,23-06-2016,FarEye,Technology,Logistics Management Software,New Delhi,Saif Partners,Private Equity,3500000.0
1628,23-06-2016,The Uolo,Consumer Internet,School Parent Communication App,Bangalore,Purvi Ventures Rajul Garg Vipin Arora,Seed Funding,210000.0
1631,24-06-2016,Drivify,Consumer Internet,Professional Driver discovery & Booking Mobile app,Mumbai,Jitendra Gupta Pankaj Tripathi,Seed Funding,50000.0
1633,24-06-2016,ParaBlu,Technology,Cloud Data Security & Privacy Solutions,Bangalore,Kalaari Capital,Seed Funding,500000.0
1634,24-06-2016,Schedulers Logistics,Logistics,Cold Storage Logistics solutions,Mumbai,GVFL,Private Equity,6000000.0
1635,24-06-2016,LEAP India,Others,Supply Chain Equipment & Services provider,Mumbai,Mayfield Ventures,Private Equity,3000000.0
1636,24-06-2016,KabadiExpress,Others,Free Door Step Scrap Pickup Service,New Delhi,Undisclosed investor,Seed Funding,148000.0
1637,27-06-2016,YourDost,Consumer Internet,Online counselling & Personal coaching platform,Bangalore,SAIF Partners Aprameya Radhakrishnan Phanindra Sama Subba Rao Telidevara Vibhu Garg Paula Ravindra Mariwala Gaurav Bhalotia,Seed Funding,1200000.0
1638,27-06-2016,Gomalon,Consumer Internet,Online Spa & Salon discovery & Booking platform,Bangalore,Undisclosed investor,Seed Funding,100000.0
1640,27-06-2016,Travelyaari,Consumer Internet,Online ticket booking platform,Bangalore,GVFL Ltd,Private Equity,3000000.0
1641,28-06-2016,FabHotels,Consumer Internet,Online Hotel aggregator & Booking platform,Gurgaon,Accel Partners RB Investments,Private Equity,8000000.0
1642,28-06-2016,Locanix,Technology,GPS based SaaS Solutions,Ahmedabad,Undisclosed investors,Seed Funding,300000.0
1643,28-06-2016,LendingKart,Consumer Internet,Online Working Capital Business Loans Platform,Ahmedabad,Bertelsmann India Investments Mayfield India Saama Capital India Quotient,Private Equity,32000000.0
1644,28-06-2016,Hello Tax,Consumer Internet,Online Tax Filing Platform,New Delhi,Sanjeev Sinha,Seed Funding,295000.0
1647,29-06-2016,LetReach,E-commerce,E-commerce SAAS Solutions,New Delhi,vCommission,Private Equity,100000.0
1648,29-06-2016,TrendieApp,Technology,Visual Content Marketing,Kolkata,Harsh Vardhan Hada,Seed Funding,50000.0
1650,29-06-2016,Velvetcase,E-commerce,Online designer jewellery marketplace,Mumbai,Uniqorn Ventures Fund TV Mohandas Pai S Somasegar,Private Equity,1500000.0
1651,30-06-2016,Meru Cabs,Consumer Internet,Online/Mobile Tax Cab booking,Mumbai,Brand Capital,Private Equity,25000000.0
1652,30-06-2016,Campus Diaries,Consumer Internet,Student focussed Content Discovery portal,Bangalore,Aarin Capital,Seed Funding,220000.0
1654,30-06-2016,Biryani Blues,Food & Beverage,QSR Chain,Gurgaon,Carpediem Capital & Others,Private Equity,368000.0
1656,01-05-2016,Get My Parking,Technology,Parking Technology Platform,New Delhi,The Chennai Angels,Seed Funding,376000.0
1657,01-05-2016,Prescribez,Consumer Internet,Health Service Aggregator Platform,Pune,Ankush Mehta,Seed Funding,145000.0
1659,03-05-2016,Mobikwik,Consumer Internet,Mobile & Digital Wallet,Gurgaon,GMO Payment Gateway MediaTek,Private Equity,50000000.0
1661,03-05-2016,Zwayam,Consumer Internet,Online Recruitment Platform,Bangalore,Undisclosed investors,Seed Funding,250000.0
1663,03-05-2016,Zuver,Consumer Internet,Car driver Discovery App,Mumbai,Shruth & Smith Group Hermes Group,Seed Funding,180000.0
1665,04-05-2016,EasyRoads,Consumer Internet,Road Trip planning Mobile app,Mumbai,Rohan Angrish Hrishi Oberoi Rahul Mehta Kapil Hetamsaria Pranav Dedhia,Seed Funding,200000.0
1666,04-05-2016,Lenskart,E-commerce,Eyewear & Accessories etailer,New Delhi,International Finance Corp TPG Growth Adveq Management IDG Ventures Ratan Tata Kris Gopalakrishnan,Private Equity,60000000.0
1667,04-05-2016,Seclore,Technology,Enterprise Security Technology platform,Mumbai,Sistema Asia Fund Helion Venture VentureEast India Alternatives,Private Equity,12000000.0
1668,04-05-2016,SolarTown,Technology,Solar Rooftop system installation company,Chennai,Grex.in,Seed Funding,200000.0
1669,04-05-2016,Comarete,Technology,Telecom & Media IT services company,Pune,Grex.in,Seed Funding,200000.0
1670,04-05-2016,MyDentistChoice,E-commerce,Medical Supplies eTailer,Hyderabad,Undisclosed investors,Seed Funding,150000.0
1671,04-05-2016,Active.ai,Technology,Intelligent Tech platform for Finance vertical,Singapore,Kalaari Capital Accelerator Program,Seed Funding,500000.0
1672,04-05-2016,Affordplan,Technology,Affordable non-emergency medical service health plans,New Delhi,Kalaari Capital Accelerator Program,Seed Funding,500000.0
1673,04-05-2016,Indee,Consumer Internet,Web Video Streaming Platform,Bangalore,Kalaari Capital Accelerator Program,Seed Funding,500000.0
1675,05-05-2016,WebAlligator,Consumer Internet,Cloud Based Software Solutions,Bangalore,Group of undisclosed Angel Investors & HNIs,Seed Funding,375000.0
1676,06-05-2016,EduAce Services,Education,Education Workshops & mentoring programs,Lucknow,MoMagic Technologies,Private Equity,1000000.0
1678,07-05-2016,Zebroads,Logistics,Logistics and Warehousing services,Hyderabad,Undisclosed investors,Seed Funding,75000.0
1679,09-05-2016,Locus,Technology,Logistics Intelligence platform,Bangalore,Exfinity Venture Partners Blume Ventures BeeNext Rajesh Ranavat,Private Equity,2750000.0
1680,09-05-2016,Toko Innovations,Consumer Internet,Childrens Entertainment Portal,Bangalore,Roopak Saluja Vishal Khare,Seed Funding,450000.0
1681,09-05-2016,Rentickle,E-commerce,Furniture appliances Portal,New Delhi,Manish Kheterpal Vinay Mittal Dinesh Mittal Sandeep Gupta,Seed Funding,250000.0
1682,10-05-2016,HealthifyMe,Consumer Internet,Health & Fitness App,Bangalore,IDG Ventures India Inventus Capital Blume Ventures,Private Equity,6000000.0
1683,10-05-2016,Zarget,Consumer Internet,Conversion Rate Optimization Platform,Chennai,Accel Partners Matrix Partners Girish Mathrubootham,Private Equity,1500000.0
1684,10-05-2016,InnoNano Research,Technology,Clean Water Technology,Chennai,NanoHoldings,Private Equity,18000000.0
1685,10-05-2016,SchoolWear,E-commerce,School Uniform & Supplies Marketplace,Mumbai,Undisclosed investors,Seed Funding,1500000.0
1686,10-05-2016,Swiggy,Consumer Internet,Food Delivery Platform,Bangalore,Norwest Venture Partners DST Global Accel Partners,Private Equity,7000000.0
1687,11-05-2016,Zenify,Consumer Internet,Home rental Discovery & Booking Portal,Bangalore,Undisclosed Investors,Private Equity,900000.0
1689,11-05-2016,Fractal Analytics,Technology,Data Analytics Company,Mumbai,Khazanah Nasional Berhad,Private Equity,100000000.0
1690,12-05-2016,Unacademy,Consumer Internet,Free Online Education Platform,Bangalore,Blume Ventures Rajan Anandan Sumit Jain Aprameya Radhakrishna Sujeet Kumar Phanindra Sama,Seed Funding,500000.0
1691,12-05-2016,Capital Float,Consumer Internet,Online Lending Platform,Bangalore,Creation Investments Capital Management SAIF Partners Sequoia Capital Aspada Ventures,Private Equity,25000000.0
1692,12-05-2016,Life Circle,Healthcare,Senior Healthcare Services,Hyderabad,GROUPE SOS,Private Equity,150000.0
1697,13-05-2016,StayZilla,Consumer Internet,Budget Room Aggregator Booking platform,Chennai,Matrix Partners Nexus Ventures,Private Equity,13500000.0
1698,13-05-2016,WoW Express,Logistics,E-Commerce Logistics Solutions,Mumbai,Undisclosed Investors & Tamarind Family Private Trust,Private Equity,2200000.0
1699,16-05-2016,Smartivity,E-commerce,Smart Learning products,Delhi,S Chand AdvantEdge Partners,Private Equity,1000000.0
1704,18-05-2016,TheSmartQ,Consumer Internet,Food Ordering Mobile App,Bangalore,YourNest Angel Fund,Seed Funding,250000.0
1705,18-05-2016,PurpleHealth,Consumer Internet,Online health-on-demand platform,Trivandrum,Katabole Technology Venture,Seed Funding,100000.0
1707,18-05-2016,EduPristine,Education,Online Certification Courses,Mumbai,Kaizen Management Advisors DeVry Inc,Private Equity,10000000.0
1708,18-05-2016,BhiveWorkspace,Reality,Co-Working Spaces,Bangalore,Blume Ventures,Private Equity,1000000.0
1710,19-05-2016,Appie,Consumer Internet,Location-based offline retail discovery platform,Mumbai,Undisclosed investors,Seed Funding,1000000.0
1712,19-05-2016,TaxiVaxi,Consumer Internet,Cab Aggregating Platform,New Delhi,Undisclosed HNIs,Seed Funding,500000.0
1713,19-05-2016,Veqta,Consumer Internet,On Demand Digital Sports Network,New Delhi,Chatsworth Management ITW Digital,Seed Funding,500000.0
1714,20-05-2016,i2ifunding,Consumer Internet,Online Peer to Peer Funding,Noida,Undisclosed Investors,Seed Funding,300000.0
1716,23-05-2016,Hoppingo,Consumer Internet,Fashion Discovery platform,New Delhi,vCommission,Seed Funding,89000.0
1718,24-05-2016,Goalwise,Consumer Internet,Online investment platform,Bangalore,Undisclosed HNIs,Seed Funding,1000000.0
1720,25-05-2016,Address Health,Healthcare,Pediatric Primary Healthcare Network,Bangalore,Gray Matters Capital,Private Equity,1500000.0
1721,25-05-2016,Arcatron Mobility,Technology,Mobility Devices for differently abled,Pune,Sudhir Mehta,Seed Funding,100000.0
1723,26-05-2016,Cleartax,Consumer Internet,Online Income Tax Filing platform,Bangalore,FF Angel Sequoia Capital,Private Equity,2000000.0
1725,26-05-2016,mChamp,Consumer Internet,Celebrity Entertainment Contest App,New Delhi,MoMagic Technologies,Seed Funding,475000.0
1727,30-05-2016,Vahanalytics,Technology,Safe driving Analytics platform,Mumbai,Anirudh Damani Vikram Lakhotia,Seed Funding,200000.0
1729,31-05-2016,Koovs,E-commerce,Apparel & Lifestyle eTailer,New Delhi,HT Media Ltd,Private Equity,4400000.0
1730,31-05-2016,CCavenue,Consumer Internet,Payment Gateway,Mumbai,NSI Infinium Global Pvt. Ltd,Private Equity,8900000.0
1733,31-05-2016,MachaDalo,Consumer Internet,Hyperlocal Advertising Platform,Mumbai,Undisclosed Investors,Seed Funding,175000.0
1734,01-04-2016,Dil Mil,Consumer Internet,Matchmaking Mobile App,SFO/Bangalore,Nelstone Ventures Transmedia Capital Maiden Lane Ventures CSC Upshot & Angel investors,Private Equity,2700000.0
1739,04-04-2016,Hungama,Consumer Internet,Digital Media Entertainment Portal,Mumbai,Xiaomi Inc,Private Equity,25000000.0
1744,06-04-2016,Shipsy,Logistics,Logistics Solutions,Gurgaon,DTDC Express Ltd,Private Equity,1000000.0
1745,06-04-2016,gear6,Consumer Internet,Online bike service and repairs platform,Bangalore,Ninestarter,Seed Funding,500000.0
1746,06-04-2016,MyGlamm,Consumer Internet,Mobile based on-demand Beauty Services platform,Mumbai,LOccitane,Private Equity,6000000.0
1747,06-04-2016,Petoo,Consumer Internet,Online Food Delivery Platform,Bangalore,Axilor Ventures,Private Equity,1000000.0
1751,08-04-2016,imedilane,Consumer Internet,Online Health Diagnosis platform,New Delhi,Mahendra Patel Nilender Chauhan,Seed Funding,40000.0
1752,11-04-2016,Living Local,Consumer Internet,Social discovery platform,Mumbai,Rattan Chadha,Seed Funding,200000.0
1754,11-04-2016,Oyo,Consumer Internet,Online Branded Budget Room Booking Service,New Delhi,Softbank Sequoia Capital Lightspeed Venture Partners Greenoaks Capital DSG Consumer Partners and Venture Nursery,Private Equity,100000000.0
1755,11-04-2016,PriceRaja,Consumer Internet,Price Comparison Portal,Gurgaon,Prashant Puri,Seed Funding,300000.0
1756,12-04-2016,MagicX,Consumer Internet,On-Demand Task Management App,Bangalore,Kris Gopalakrishnan Dr. Ranjan Pai,Seed Funding,1000000.0
1760,13-04-2016,Legalraasta,Consumer Internet,Online legal Services for Startups,New Delhi,Pravin Khandelwal Yatin Kumar Jain,Seed Funding,1000000.0
1761,13-04-2016,RainCan,Consumer Internet,Subscription-based grocery delivery Mobile App,Pune,Dr. Aniruddha Malpani,Seed Funding,150000.0
1762,13-04-2016,Hippily,E-commerce,Fashion E-commerce App,Mumbai,Dr. Sridhar Ramaswamy Rakesh Mathur,Seed Funding,250000.0
1763,13-04-2016,kredX,E-commerce,Invoice discounting Marketplace,Bangalore,Prime Venture Partners,Seed Funding,750000.0
1765,14-04-2016,BeaconsTalk,Technology,contextual mobile advertising,Mumbai,Rajeev Agrawal Prashant Gooty,Seed Funding,100000.0
1767,15-04-2016,RenewBuy,Consumer Internet,Online Car & Bike Insurance Comparison portal,New Delhi,Mount Nathan Advisors,Seed Funding,1000000.0
1769,15-04-2016,Vyomo,Consumer Internet,On-Demand Beauty Service provider,New Delhi,Naturals Salon Chain,Private Equity,15000000.0
1772,15-04-2016,NestAway,Consumer Internet,Furnished Home Rental Platform,Bangalore,Tiger Global,Private Equity,30000000.0
1773,15-04-2016,Tapchief,Consumer Internet,Expert Advice Platform,Bangalore,Vijay Shekhar Sharma,Seed Funding,150000.0
1778,18-04-2016,Jugnoo,Consumer Internet,On-demand Delivery & Logistics platform,Chandigarh,Paytm & existing investors,Private Equity,10000000.0
1780,19-04-2016,Betaout,E-commerce,customer intelligence and marketing automation platform,Noida,Stanford Angels LetsVenture Chennai Angels Hyderabad Angels Mumbai Angels,Private Equity,1500000.0
1781,19-04-2016,DriversCart,Consumer Internet,on-demand chauffeur provider,Chennai,ah! Ventures,Seed Funding,450000.0
1783,19-04-2016,CollegeDekho,Consumer Internet,College & Student information platform,New Delhi,Man Capital,Private Equity,2000000.0
1787,20-04-2016,1mg,E-commerce,Online Pharmacy,Gurgaon,Maverick Capital Ventures Sequoia Capital Omidyar Network,Private Equity,15000000.0
1794,22-04-2016,Licious,E-commerce,Mobile based Meat ordering App,Bangalore,Mayfield India II Management Ltd,Private Equity,3000000.0
1797,22-04-2016,TOKO Innovation Studios,Consumer Internet,Childrens Entertainment Games & Products,New Delhi,Indian Angel network,Seed Funding,450000.0
1798,25-04-2016,Commut,Consumer Internet,Shuttle Service Provider,Hyderabad,50K Ventures,Seed Funding,200000.0
1800,25-04-2016,Dropkaffe,Food & Beverage,Ready-to-Drink Beverage Producer,Bangalore,GrowthStory Apurva Salapuria Hitesh Oberoi Sidharth Pansari Nirupa Shankar,Seed Funding,550000.0
1801,26-04-2016,Transerv,Consumer Internet,Digital Payments platform,Mumbai,IDFC SPICE Fund Micromax Informatics,Private Equity,15000000.0
1802,26-04-2016,ClearTax,Consumer Internet,Online filing of Tax returns,Bangalore,Max Levchin Scott Banister,Private Equity,1300000.0
1803,26-04-2016,Roposo,E-commerce,Social Fashion E-commerce Discovery platform,Gurgaon,Bertelsmann India Investments,Private Equity,15000000.0
1804,27-04-2016,MilkBasket,Consumer Internet,Micro Grocery Delivery Platform,Gurgaon,EVC Ventures,Seed Funding,500000.0
1807,27-04-2016,ICHR,Consumer Internet,Mobile based Children health Information app,New Delhi,Undisclosed,Seed Funding,450000.0
1809,28-04-2016,The Wedding Brigade,Consumer Internet,Online Wedding Information Portal,Mumbai,Blume Ventures & Other unnamed Investors,Seed Funding,600000.0
1810,28-04-2016,DocsApp,Consumer Internet,Online Doctor Discovery & Chat platform,Bangalore,Rebright Partners Anand Rajaraman Venky Harinarayan,Private Equity,1200000.0
1811,29-04-2016,Impact Guru,Consumer Internet,Online Crowdfunding platform for NGOs & Social Projects,Mumbai,RB Investments Fundnel,Seed Funding,500000.0
1812,29-04-2016,LetReach,E-commerce,E-commerce SAAS Solutions,New Delhi,vCommission,Private Equity,100000.0
1817,02-03-2016,MoMark,Consumer Internet,Mobile Wallet Aggregation platform,Noida,YourNest Angel Fund,Private Equity,600000.0
1819,02-03-2016,Systemantics,Technology,Industrial robots maker,Bangalore,Nandan Nilekani Accel Partners,Private Equity,1400000.0
1821,03-03-2016,Imarticus Learning,Education,Financial Services & Analytics Education Institute,Mumbai,Blinc Advisors Amit Nanavati Tashwinder Singh Taranjit Jaswal Amit Khanna,Private Equity,1000000.0
1822,03-03-2016,Shouut,Consumer Internet,Social Discovery Mobile app,New Delhi,Undisclosed investor,Seed Funding,500000.0
1824,04-03-2016,Aahaa,E-commerce,Office Products Super Store,Chennai,YourNest Angel Fund,Private Equity,1000000.0
1826,04-03-2016,FTCash,Consumer Internet,Mobile Payments Platform,Kolkata,IvyCap Ventures,Seed Funding,150000.0
1828,04-03-2016,Zappka,Consumer Internet,Mobile App discovery and review platform,Gurgaon,Daman Soni Rajat Gupta & Others,Seed Funding,100000.0
1830,04-03-2016,medECUBE,Healthcare,Healthcare related Services provider,Gurgaon,Artiman Ventures,Private Equity,4000000.0
1831,07-03-2016,N.O.W,Consumer Internet,Bike Taxi Service & Hyperlocal Delivery App,Noida,Ruchirans Jaipuria Anuj Sanghi,Seed Funding,500000.0
1832,07-03-2016,Ninjacart,E-commerce,B2B marketplace for Farmers & Retailers,Bangalore,Accel Partners Qualcomm Ventures M&S Partners Zop Smart,Private Equity,3000000.0
1833,07-03-2016,Reach,Consumer Internet,Cross Platform P2P file sharing mobile app,Bangalore,Rebright Partners Sol Primero Sudhir Anandarao Ankur Warikoo Ankur Singla,Seed Funding,500000.0
1834,07-03-2016,Vanity Cube,Consumer Internet,Hyperlocal Beauty Services platform,New Delhi,Unicorn Ventures,Seed Funding,250000.0
1836,07-03-2016,Medidaili,Consumer Internet,Medical Support service platform,Bangalore,Undisclosed private investors,Seed Funding,100000.0
1840,08-03-2016,LoveCycles,Consumer Internet,Womens health Tracker,Bangalore,Prime Venture Partners,Seed Funding,750000.0
1841,08-03-2016,Kartrocket,E-commerce,E-commerce SAAS platform,New Delhi,Undisclosed Japanese investor Bertelsmann India Investments Nirvana Digital India Fund Nirvana Digital Investment Holding Co Ltd 500 Start-Ups,Private Equity,8000000.0
1842,08-03-2016,dunzo,Consumer Internet,Daily Task Management App,Bangalore,Aspada Investment Advisors Blume Ventures.,Seed Funding,650000.0
1844,09-03-2016,SmartVizX,Technology,Virtual Reality Solutions,Noida,Indian Angel Network Stanford Angels Entrepreneurs India,Seed Funding,500000.0
1845,09-03-2016,MyGubbi,Real Estate,Interior Design & Home Decor Solutions,Bangalore,Vipul Parekh ajesh K Murthy,Seed Funding,2500000.0
1846,09-03-2016,Nukkad Shops,Consumer Internet,Hyperlocal Grocery Delivery Service,Hyderabad,PurpleTalk Inc,Seed Funding,1000000.0
1848,09-03-2016,Justride,Consumer Internet,Self Drive Car Rental,Mumbai,Dheeraj Jain & Other angel investors,Seed Funding,400000.0
1850,10-03-2016,Big Fish Ventures,Food & Beverage,premium dining lounges Chain,New Delhi,Undisclosed investors,Private Equity,11100000.0
1852,10-03-2016,Icertis,Technology,Contract Management Software Solutions platform,Pune/Seattle,Ignition Partners Greycroft Partners Fidelity Growth Partners India,Private Equity,15000000.0
1853,10-03-2016,Supplified,E-commerce,Construction material eTailer,New Delhi,Mohit Goel,Seed Funding,1000000.0
1855,14-03-2016,PinkBlue,E-commerce,Medical Supplies eTailer,Bangalore,Hari Krishna Ajay Modani Dr V Ravinder Anirudh Rastogi Abhishek Jain Rakesh Gakhar Rajeev Mudumba Nagendra Prasad Bhanuprakash,Seed Funding,223608.0
1856,14-03-2016,TruckingCube,Logistics,Domestic Commercial and Industrial Goods Movers,New Delhi,Agarwal Movers Group,Private Equity,14900000.0
1858,15-03-2016,FlipClass,Consumer Internet,Tutor Search Platform,Bangalore,S Chand and Co Pvt Ltd Blume Ventures,Private Equity,1000000.0
1859,15-03-2016,Proximit,Technology,Advertising Technology,Pune,Funding through 1Crowd platform,Seed Funding,150000.0
1860,15-03-2016,WithMe,Consumer Internet,Personalized Fashion App,Gurgaon,Alex Kuruvilla Pradeep Guha Saket Dhankar Rajan Pandhare,Seed Funding,250000.0
1861,16-03-2016,Gapoon,Consumer Internet,Hyperlocal Home Maintenance services,Bangalore,Chandrashekar Tallapragada Pankaj Kapoor,Seed Funding,180000.0
1864,16-03-2016,Wealthy,Consumer Internet,Online Investment management portal,Bangalore,Zishaan Hayath Abhishek Goyal Arjun and Rohan Malhotra Harpreet Singh Grover Gagan Dugal,Seed Funding,250000.0
1865,17-03-2016,Pramati,Healthcare,Specialized Patient Care platform,Noida,Undisclosed investors,Seed Funding,200000.0
1866,17-03-2016,Qlivery,Consumer Internet,Ondemand Concierge Service,Gurgaon,Swastika Company Ltd,Seed Funding,230000.0
1867,17-03-2016,HealthEnablr,Consumer Internet,Doctor Discovery and booking platform,Mumbai,Undisclosed investors,Seed Funding,800000.0
1868,17-03-2016,Liftiee,Consumer Internet,Car/bike Pooling App,Mumbai,Rannvijay Singh Anita Hassanandani,Seed Funding,108000.0
1869,18-03-2016,Hello Curry,Food & Beverage,Quick Service Restaurant Chain,Hyderabad,Sashi Reddi & Other unnamed investors,Private Equity,1500000.0
1870,19-03-2016,goSporto,Consumer Internet,Online Sports discovery and booking platform,New Delhi,Naveen Gupta,Seed Funding,30000.0
1873,21-03-2016,Room On Call,Consumer Internet,Budget hotel aggregator,Gurgaon,CASHurDRIVE Marketing Pvt Ltd,Private Equity,2000000.0
1874,22-03-2016,byju's,Consumer Internet,Educational Video Content Creator,Bangalore,Sequoia India Sofina,Private Equity,75000000.0
1875,22-03-2016,BigBasket,E-commerce,Online Grocery Shop,Bangalore,Abraaj Group,Private Equity,150000000.0
1876,22-03-2016,DrivoJoy,Consumer Internet,On-demand 2-wheeler Servicing platform,Bangalore,Indian Angel Network Tracxn Labs & Others,Seed Funding,600000.0
1879,22-03-2016,CreditSeva,Consumer Internet,Online Credit management tools,Hyderabad,Pix Vine Capital Infocomm Development Authority of Singapore,Seed Funding,360000.0
1881,23-03-2016,Endless Robotics,Technology,Interior Painting Automation,Hyderabad,Devidas Desai Vipul Gautam Singapore Angel Network,Seed Funding,100000.0
1882,23-03-2016,SP Robotics,Technology,Robotic Classes for Students,Chennai,Indian Angel Network,Seed Funding,300000.0
1884,23-03-2016,eKincare,Consumer Internet,Healthcare related solutions,Hyderabad,BitChemy Ventures Maheshwari Investments Pvt Ltd Anshoo Gaur Rama Krishna Reddy Sandeep Seerapu,Private Equity,330000.0
1886,23-03-2016,Wheelstreet,Consumer Internet,Online Bike Rental platform,Bangalore,Broadbean Capital services,Private Equity,500000.0
1887,24-03-2016,Horntell,Consumer Internet,Unified Push Notification service,Gurgaon,Bharanidharan Viswanathan Sanjiv Mittal Shobhit Shukla Rahul Agarwal,Seed Funding,150000.0
1888,28-03-2016,Schoolkart,E-commerce,Online Marketplace for Schools,Noida,Undisclosed investors,Seed Funding,300000.0
1890,29-03-2016,Babygogo,Consumer Internet,Child healthcare experts aggregator mobile app,New Delhi,Rajul Garg Daljit Singh Aditya Vij Kishore Kumar Shuchin Bajaj,Seed Funding,300000.0
1891,29-03-2016,Veritas Finance,Finance,Asset Based Lending platform,Chennai,Sarva Capital,Private Equity,4700000.0
1892,29-03-2016,QikShip,Consumer Internet,Mobile based Logistics provider,New Delhi,undisclosed investors,Seed Funding,200000.0
1893,29-03-2016,FixNix,Consumer Internet,GRC SAAS Platform,Chennai,Jay Vijayan,Seed Funding,500000.0
1895,30-03-2016,Touchkin,Healthcare,Predictive Healthcare platform,Bangalore,Alok Mittal Amit Gupta Anuj Srivastava Himanshu Aggarwal Raghunandan G Puneet Agarwal,Seed Funding,400000.0
1899,02-02-2016,Altizone,Technology,IoT & M2M Solutions,Pune,Wipro Ventures Lumis Partners,Private Equity,4000000.0
1901,02-02-2016,Strike,Consumer Internet,Mobile Email productivity tool,Bangalore,Multiple investors through Ten Minute Million competition,Seed Funding,22500.0
1902,02-02-2016,MaaxMarket,Consumer Internet,Marketing Automation platform,,Multiple investors through Ten Minute Million competition,Seed Funding,22500.0
1903,02-02-2016,Gamooz,Technology,Augmented Reality Solutions,Gurgaon,Multiple investors through Ten Minute Million competition,Seed Funding,22500.0
1904,02-02-2016,SoundSurround,Technology,Audio Technology Solutions,Mumbai,Multiple investors through Ten Minute Million competition,Seed Funding,22500.0
1905,03-02-2016,Mazkara,Consumer Internet,Beauty & Wellness Platform,Pune/Dubai,Dunamis Ventures Pte Ltd.,Seed Funding,1000000.0
1906,03-02-2016,RoadGods,E-commerce,Auto Spare Parts eTailer,New Delhi,Green House Ventures (GHV),Seed Funding,100000.0
1907,03-02-2016,Pindropmusic,Consumer Internet,Music Discovery Mobile App,Noida,Green House Ventures (GHV),Seed Funding,100000.0
1908,03-02-2016,Woodpie,Consumer Internet,Book Recommendation Service,Bangalore,Ingram Content Group,Seed Funding,30000.0
1909,04-02-2016,Perfumery,E-commerce,Fragrances & Perfume eTailer,New Delhi,Oranda Global & Others,Seed Funding,30000.0
1911,05-02-2016,ZenDrive,Technology,Safe Driving Data & Analytics platform,Bangalore/SFO,Sherpa Capital Nyca Partners and Thomvest Ventures,Private Equity,13500000.0
1915,05-02-2016,Gingercrush,E-commerce,Personalized Products & Merchandize eTailer,Vadodara,Saha Fund TV Mohandas Pai Zia Mody Mumbai Angels Ananda Kallugadde Rakesh Desai Rakesh Malhotra,Private Equity,1000000.0
1916,05-02-2016,American Vision,Consumer Internet,Optical Store Aggregator Platform,Pune,Undisclosed investors,Seed Funding,81000.0
1917,05-02-2016,DawaiLelo,Consumer Internet,Healthcare Services & Online Pharmacy Mobile App,Varanasi,Undisclosed investors,Seed Funding,52000.0
1918,06-02-2016,Heads Up For Tails,E-commerce,Pet Products eTailer,New Delhi,Undisclosed investors,Seed Funding,1000000.0
1921,08-02-2016,iStyleYou,Consumer Internet,Personal Fashion Stylist App,Gurgaon,Green House Ventures (GHV),Seed Funding,100000.0
1922,08-02-2016,AdUrCup,Consumer Internet,Ad Network,New Delhi,Green House Ventures (GHV),Seed Funding,100000.0
1926,08-02-2016,Xpressbees,E-commerce,E-commerce Logistics solutions,Pune,SAIF Partners IDG Ventures India Vertex Ventures Valiant Capital,Private Equity,12500000.0
1931,10-02-2016,Capzest,Consumer Internet,Digital Lending Platform,Mumbai,Lion Ventures,Seed Funding,200000.0
1933,10-02-2016,Affimity,Consumer Internet,Social Networking platform,Bangalore,undisclosed investors,Seed Funding,1200000.0
1934,10-02-2016,Anandakanda,Technology,Medicine Intake Reminder System,Pune,undisclosed investors,Seed Funding,150000.0
1939,12-02-2016,ActOnMagic,Technology,Cloud Analytics and Management Products,Bangalore,Jayabalan Subramanian,Seed Funding,125000.0
1940,12-02-2016,Bonhomia,Food & Beverage,premium Tea and Coffee,New Delhi,Alok Rawat Grey Orange Robotics,Seed Funding,1000000.0
1941,12-02-2016,iGrenEnergi,Technology,Solar Power Solutions,Mumbai,Sunil Mehta,Seed Funding,1000000.0
1942,12-02-2016,RKSV,Consumer Internet,Online Stock Trading Platform,Mumbai,Kalaari Capital,Private Equity,4000000.0
1943,15-02-2016,Aasaanjobs,Consumer Internet,Online Recruitment Marketplace,Mumbai,Aspada Advisors IDG Ventures Inventus Capital,Private Equity,5000000.0
1944,15-02-2016,Snapdeal,E-commerce,Horizontal Online Marketplace,New Delhi,Ontario Teachers Pension Plan & Others,Private Equity,200000000.0
1947,15-02-2016,GoYaNo,Consumer Internet,Events & Restaurant Discovery Marketplace App,Gurgaon,Mukesh Kumar Gupta,Seed Funding,50000.0
1948,15-02-2016,RentSher,Consumer Internet,Online Household Product Rental platform,Bangalore,Vaibhav Doshi Abhay Singhal Vibhu Garg Joby Babu Abhishek Acharya Manish Shah,Seed Funding,300000.0
1949,15-02-2016,Buddy,Finance,Micro Lending Platform for E-commerce purchases,Bangalore,Blume Ventures Tracxn Labs,Seed Funding,500000.0
1951,16-02-2016,TableHero,Consumer Internet,Dynamic Restaurant Website creator,Bangalore,GrowX Ventures Kunal Shah Sandeep Tandon Haresh Chawla Powai Lake Ventures Globevestor,Seed Funding,1000000.0
1952,16-02-2016,BetterPlace,Technology,Data analytics based Verification services Platform,Bangalore,Unitus Seed Fund,Seed Funding,970000.0
1954,16-02-2016,icustommadeit,E-commerce,Professional Custom creators Marketplace,Pune,Brand Capital Siddhivinayak Skyscrapers Dinesh R. Challa,Private Equity,4000000.0
1958,17-02-2016,GameZop,Technology,Mobile Gaming Platform,New Delhi,KWAN Entertainment & Marketing Solutions Powerhouse Ventures & Others,Seed Funding,350000.0
1960,17-02-2016,The Viral Fever,Consumer Internet,Independent Online Video production company,Mumbai,Tiger Global,Private Equity,10000000.0
1961,17-02-2016,Avanti Learning,Education,Private Coaching Classes,New Delhi,Michael & Susan Dell Foundation,Private Equity,5000000.0
1964,18-02-2016,HealthKumbh,Consumer Internet,Health related Information portal,Ahmedabad,Undisclosed investor,Seed Funding,73000.0
1967,18-02-2016,Careongo,E-commerce,Online Pharmacy store,New Delhi,Farooq Oomerbhoy & Other angel investors,Seed Funding,300000.0
1968,18-02-2016,Ark Robot,Technology,Warehouse Automation,Bangalore,Qualcomm (Through QPrize Contest),Seed Funding,350000.0
1969,19-02-2016,Jaypore,E-commerce,Ethnic Products marketplace,New Delhi,Aavishkaar,Private Equity,5000000.0
1972,19-02-2016,Advantage Club,Consumer Internet,mobile platform for corporate employee benefits,Gurgaon,Purvi Ventures & Others,Seed Funding,400000.0
1974,22-02-2016,Baby Berry,Consumer Internet,Parenting Mobile app,Bangalore,Nitin Bagmane & Other undisclosed investors,Seed Funding,1000000.0
1975,22-02-2016,Magicpin,Consumer Internet,Hyperlocal Discover Mobile App,New Delhi,Lightspeed India,Private Equity,3000000.0
1976,22-02-2016,First Eat,Consumer Internet,Healthy Food Delivery platform,New Delhi,Undisclosed investor,Seed Funding,100000.0
1978,22-02-2016,Taskbob,Consumer Internet,Hyperlocal Handyman services platform,Mumbai,IvyCap Ventures Orios Venture Partners Mayfield India,Private Equity,4500000.0
1979,22-02-2016,Styledotme,Consumer Internet,Mobile Fashion App,New Delhi,Indian Angel Network,Seed Funding,37000.0
1981,23-02-2016,CupoNation,Consumer Internet,Deals and Discount platform,Gurgaon,Rocket Internet AG Holtzbrink Ventures New Enterprise Associates (NEA) e.ventures ru-Net Deutsche Telekom Strategic Investments (DTSI) Silicon Valley Bank,Private Equity,11000000.0
1983,24-02-2016,Sayfix,Consumer Internet,Hyperlocal Home Services Provider,Bangalore,Yajnanarayana Kammaje,Seed Funding,160000.0
1985,24-02-2016,NoBroker,Consumer Internet,Peer to peer property listing platform,Bangalore,Beenext Digital Garage Beenos Qualgro Mamoru Taniya SAIF Partners,Private Equity,10000000.0
1986,24-02-2016,AppilyEver,Consumer Internet,Online wedding services marketplace,Hyderabad,Varun Aggarwal Suresh Venkat Raj Y,Seed Funding,400000.0
1987,24-02-2016,Pocketin,Consumer Internet,Hotel reservations & Deal platform,Noida,Swastika Company Ltd,Seed Funding,150000.0
1989,25-02-2016,OfBusiness,E-commerce,B2B commerce Marketplace,Gurgaon,Matrix Partners India,Private Equity,5000000.0
1991,25-02-2016,Juspay,Consumer Internet,Digital Payments solutions,Bangalore,Accel Partners Ashish Hemrajani Parikshit Dar Rajesh Balpande,Private Equity,5800000.0
1992,25-02-2016,Funcart,E-commerce,Party Supplies Etailer,New Delhi,Undisclosed HNIs,Seed Funding,70000.0
1993,26-02-2016,Freedom Smart Labs,Technology,IoT retail solutions,New Delhi,Kapil Goel,Seed Funding,145000.0
1994,26-02-2016,EduBridge,Consumer Internet,Skill development and vocational training platform,Mumbai,Insitor Impact Asia Fund Acumen Fund,Private Equity,2500000.0
1996,29-02-2016,Hopscotch,E-commerce,Baby & Kids Products Online Flash sales platform,Mumbai,Eduardo Saverin,Private Equity,13000000.0
2002,04-01-2016,B9 Beverages,Food & Beverage,Craft Beer manufacturing company,New Delhi,Sequoia Capital Kunal Bahl Rohit Bansal Deepinder Goyal Ashish Dhawan Mayank Singhal,Private Equity,6000000.0
2004,05-01-2016,MyChild App,Education,Child Disorder Information & Education,Bhopal,Samir Bangara Anisha Mittal Amit Gupta Pallav Nadhani Lalit Mangal Arihant Patni Dr. Ritesh Malik Deobrat Singh Saurab Paruthi Singapore Angel Network.,Seed Funding,100000.0
2006,05-01-2016,360Ride,Consumer Internet,Ride Sharing platform,Bangalore,Undisclosed,Seed Funding,150000.0
2007,05-01-2016,Alef Mobitech,Consumer Internet,Cloud Mobility Solutions,Mumbai,Tata Capital Innovation Fund,Private Equity,5000000.0
2010,06-01-2016,Sensara,Technology,TV Search Guide and Remote mobile app,Bangalore,Lalitesh Katragadda Ganayantrika Systems,Seed Funding,750000.0
2011,06-01-2016,Zebpay,Consumer Internet,Bitcoin Buying & Selling Mobile App,Ahmedabad,Arjun Handa Amit Jindal Nagendra Chaudhary,Private Equity,1000000.0
2012,06-01-2016,PlanMy MedicalTrip,Healthcare,Medical Tourism platform,Pune,Bhanu Vikram Parsotam Rohan Desai and Paras Patel,Seed Funding,150000.0
2013,06-01-2016,MyCity4Kids,Education,Children Education & Information platform,Gurgaon,SIDBI Venture Capital Limited YourNest Angel Fund,Private Equity,3000000.0
2014,06-01-2016,Justdakhila.com,Education,School Student admissions platform,New Delhi,Ankur Gupta,Seed Funding,750000.0
2017,07-01-2016,Infurnia,Consumer Internet,Online Furniture Customization platform,Bangalore,Idein Ventures,Seed Funding,160000.0
2018,07-01-2016,Myly,Education,Mobile Based Education platform,Jaipur,Newbie Promoter Pvt Ltd,Seed Funding,100000.0
2019,07-01-2016,MakeMyTrip,Consumer Internet,Online Travel/Hotel Booking platform,Gurgaon,Ctrip.com International Ltd,Private Equity,180000000.0
2020,08-01-2016,Melorra,E-commerce,Online/Mobile Jewellery Retailer,Bangalore,Lightbox Ventures,Private Equity,5000000.0
2021,08-01-2016,ConfirmTKT,Consumer Internet,Train PNR Status Prediction Platform,Bangalore,Krishna Jhujhunwala Dr. Apoorv Ranjan Sharma Anirudh Damani Anand Ladsariya Sanjay Mehta & Others,Seed Funding,250000.0
2022,08-01-2016,Gyaanzone,Education,Career Planning and Education Advisory Platform,Mumbai,GBIM Technologies Pvt Ltd,Seed Funding,45000.0
2025,11-01-2016,Koovs,E-commerce,Online Fashion Apparel Retailer,Gurgaon,Nahata Family Waheed Alli,Private Equity,5400000.0
2027,11-01-2016,FreshMenu,Consumer Internet,Online/Mobile Food Ordering platform,Bangalore,Zodius Capital Lightspeed Venture Partners,Private Equity,16500000.0
2028,11-01-2016,SavvyMob,E-commerce,Last Minute Hotel Bookings mobile marketplace,Bangalore,TV Mohandas Pai LetsVenture,Seed Funding,1000000.0
2030,12-01-2016,Shopclues,E-commerce,E-commerce Marketplace,Gurgaon,GIC Tiger Global Management Nexus Venture Partners,Private Equity,100000000.0
2032,12-01-2016,iBus Networks,Technology,Next Generation in-building connectivity,Bangalore,Vallabh Bhanshali N Squared Management LLC Jagdish & Sandeep Mehta Family Office,Private Equity,2300000.0
2033,12-01-2016,Happy2Refer,Consumer Internet,Mobile based Referral Platform,Mumbai,Equity Crest Vinners Sparknext,Seed Funding,250000.0
2034,13-01-2016,CarTrade,Consumer Internet,Auto Classifieds Portal,Mumbai,Temasek Holdings March Capital Warburg Pincus,Private Equity,145000000.0
2035,13-01-2016,Rentomo,Consumer Internet,peer-to-peer renting Marketplace,Bangalore,Shiva Ashok & Other unnamed investors,Seed Funding,100000.0
2036,13-01-2016,Roder,Consumer Internet,inter-city cab aggregator,New Delhi,Unicorn India Ventures,Seed Funding,240000.0
2038,13-01-2016,Care24,Healthcare,Professional Health Services Platform,Mumbai,SAIF Partners India Quotient,Private Equity,4000000.0
2042,14-01-2016,Orahi,Consumer Internet,Carpooling Mobile App,Gurgaon,Indian Angel Network,Seed Funding,520000.0
2045,15-01-2016,Fitso,Consumer Internet,Fitness related Social Networking App & Forum,Gurgaon,Varun Khurana Samar Singla Vinay Bansal,Seed Funding,200000.0
2051,18-01-2016,Kartrocket,Consumer Internet,SAAS DIY E-commerce Platform,New Delhi,Bertelsmann India Investments Nirvana Digital India Fund Nirvana Digital Investment Holding 500 Startups,Private Equity,6000000.0
2052,19-01-2016,Swiggy,Consumer Internet,Online/Mobile food ordering platform,Bangalore,Harmony Partners RB Investments & existing investors,Private Equity,35000000.0
2056,19-01-2016,DailyObjects,E-commerce,Mobile Accessories etailer,New Delhi,Unilazer Fund Phanindra Sama Peyush Bansal,Private Equity,1400000.0
2057,19-01-2016,Indus OS,Technology,Local language Mobile OS,Mumbai,Omidyar Network,Private Equity,5000000.0
2058,19-01-2016,CollegeDunia,Consumer Internet,Educational College Search platform,New Delhi,Umang Kumar,Seed Funding,445000.0
2059,19-01-2016,Villgro,Finance,Social Business Incubator & Fund,Chennai,Lemelson Foundation Michael and Susan Dell Foundation,Private Equity,3500000.0
2061,20-01-2016,IndustryBuying,E-commerce,B2B Industrial Goods Marketplace,New Delhi,Trifecta Capital,Private Equity,1800000.0
2062,20-01-2016,Just Buy Live,E-commerce,B2B Marketplace for Distributors,Mumbai,Alpha Capital,Private Equity,20000000.0
2063,20-01-2016,IMbesharam,E-commerce,Adult Products Etailers,New Delhi/US,Undisclosed US Based Investors,Private Equity,4000000.0
2064,20-01-2016,Moodoo,Consumer Internet,Social Meeting organizer App,Mumbai/UK,Saafd Business School Seed Fund.,Seed Funding,40000.0
2067,21-01-2016,Fisdom,Consumer Internet,Personal Finance Mobile App,Bangalore,Rob Chandra,Seed Funding,500000.0
2068,21-01-2016,Easypolicy,Consumer Internet,Online insurance policy aggregator,Noida,Unilazer Ventures,Private Equity,2200000.0
2069,21-01-2016,Housing.com,Consumer Internet,Online Real Estate Portal,Mumbai,SoftBank Corp,Private Equity,15000000.0
2070,21-01-2016,CREO,Technology,Smartphone OS Developer,Bangalore,Sequoia Capital Beenext Ventures India Quotient Anand Chandrasekaran,Private Equity,3000000.0
2071,22-01-2016,ShabdaNagari,Consumer Internet,Hindi Language Social Networking Portal,Kanpur,Kanpur Angels & Others,Seed Funding,200000.0
2073,22-01-2016,SnapBizz,E-commerce,Mobile based Retail Market Ecosystem,Bangalore,Jungle Ventures Taurus Value Creation Konly Venture Blume Ventures,Private Equity,7200000.0
2076,22-01-2016,Silvan,Technology,Home Automation & Security Solutions,Bangalore,The Chennai Angels,Seed Funding,515000.0
2077,22-01-2016,EPS,Technology,Electronic Payments Solution Company,Mumbai,APIS Partners,Private Equity,35000000.0
2078,22-01-2016,Qubole,Technology,Enterprise Cloud Based Data Processing,Bangalore,Institutional Venture Partners Norwest Venture Partners Lightspeed Venture Partners CRV,Private Equity,30000000.0
2080,25-01-2016,SIFTR Labs,Consumer Internet,Photography curation & Aggregator platform,Mumbai,Venture Catalysts,Seed Funding,150000.0
2081,25-01-2016,Power2SME,Consumer Internet,SME Online Buying Hub,Gurgaon,Nandan Nilekani Accel Partners Kalaari Capital and Inventus Capital,Private Equity,21000000.0
2084,27-01-2016,Buildzar,E-commerce,Construction Material ETailer,Gurgaon,Puneet Dalmia,Private Equity,4000000.0
2085,27-01-2016,Applicate,Technology,Sales Market Distribution & Data Analytics Platform,Bangalore,Undisclosed investors,Seed Funding,1000000.0
2087,28-01-2016,Zebi (yet to launch),Technology,Data Intelligence & Analytics,Hyderabad,Un disclosed investors,Seed Funding,1000000.0
2088,28-01-2016,Truce,FMCG,Vegetables & Fruits Supply Chain,Mumbai,Anupam Mittal Amit Gupta Utsav Somani Neeraj Goenka Farooq Adam Mukadam,Seed Funding,370000.0
2092,29-01-2016,Qriyo,Consumer Internet,Online Fitness & Educational information Aggregator,Jodhpur,Idein Ventures,Seed Funding,160000.0
2094,29-01-2016,Aisle,Consumer Internet,Indians focused Matchmaking App,Bangalore,TermSheet ah! Ventures,Seed Funding,185000.0
2095,29-01-2016,FreshMenu,Consumer Internet,Fresh Food Delivery platform,Bangalore,Zodius Technology Fund Lightspeed Venture Partners,Private Equity,17000000.0
2096,29-01-2016,Truebil,E-commerce,Online marketplace for cars,Mumbai,Kalaari Capital Inventus Capital Tekton Ventures Kae Capital,Private Equity,5150000.0
2097,29-01-2016,Rare Media,Technology,Mobile & Cloud based App developer,New Delhi,Info Edge (India) Ltd,Private Equity,1100000.0
2102,01-12-2015,CollegeDekho,Online Education Information platform,,Jaipur,GirnarSoft,Seed Funding,1000000.0
2105,01-12-2015,Patel Logistics,Transportation & Logistics Platform,,Mumbai,Frontline Strategy,Private Equity,5600000.0
2106,01-12-2015,Wigzo,Enterprise Marketing Automation platform,,New Delhi,Aarin Capital Partners TV Mohandas Pai,Seed Funding,500000.0
2108,01-12-2015,Godof Hospitals,Digital Healthcare,,New Delhi,Pankaj Gupta,Seed Funding,2000000.0
2109,02-12-2015,RoomsTonite,Last Minute Hotel Booking App,,Bangalore,Lashit Sanghvi Nikhil Vora Venkat VardhanMohammed Bin Abdul Rehman Al Khalifa Ralph Berezan Vissal Mathew Balamurali Krishna,Seed Funding,1500000.0
2112,03-12-2015,EasyKhaana,Online Food ordering & Delivery platform,,New Delhi,Undisclosed investors,Seed Funding,100000.0
2113,03-12-2015,Shuttl,App based Bus Pooling Services,,Gurgaon,Sequoia Capital Times Internet Ltd & One more Fund,Private Equity,20000000.0
2116,04-12-2015,Applop,On Demand Mobile app developer,,Kolkata,GHV Accelerator,Seed Funding,100000.0
2117,04-12-2015,CaRPM,Car Maintenance & Management mobile app,,Gurgaon,GHV Accelerator,Seed Funding,100000.0
2118,04-12-2015,NDTV Wedding portal,Online Wedding Marketplace,,New Delhi,CerraCap,Private Equity,20000000.0
2121,07-12-2015,Customfurnish,Custom Made furniture e-tailer,,Hyderabad,Agnus Capital,Private Equity,4500000.0
2122,07-12-2015,Faasos,QSR Chain,,Pune,ru-Net Sequoia Capital Lightbox Ventures,Private Equity,30000000.0
2124,07-12-2015,Leaf Wearables,Smart Safety Wearable Devices,,New Delhi,Ajeet Khurana Jinesh Shah Vikram Chachra Dr. Aniruddha Malpani,Seed Funding,250000.0
2125,07-12-2015,Coolshare,Cab Sharing service Mobile app,,Mumbai,Gopal Aggarwal,Seed Funding,100000.0
2128,08-12-2015,Yumist,Home Cooked Food Order & Delivery platform,,Gurgaon,Unilazer Ventures Orios Venture Partners Steven Lurie,Private Equity,2000000.0
2129,09-12-2015,Jigsaw Academy,Online School for Analytics learning,,Bangalore,Manipal Global Education Services,Private Equity,3000000.0
2131,09-12-2015,Voxweb,Picture creation & Social mobile app,,Mumbai,Undisclosed Investor,Seed Funding,350000.0
2132,09-12-2015,Aye Finance,Nonbanking finance company,,New Delhi,SAIF Partners Accion,Private Equity,3000000.0
2134,10-12-2015,BlackBuck,Online Freight Services Aggregator,,Bangalore,Tiger Global Management Yuri Milner Apoletto Accel Partners Flipkart,Private Equity,25000000.0
2135,10-12-2015,HomeStudio,Online Branded Furniture etailer,,Bangalore,Bren Corporation,Private Equity,5000000.0
2136,10-12-2015,PropheSee,Digital Analytics Platform,,New Delhi,Indian Angel Network Stanford Angels Entrepreneurs India,Seed Funding,500000.0
2137,10-12-2015,i2e1,Internet Network Infrastructure Services,,New Delhi,GrowX Ventures,Seed Funding,500000.0
2138,10-12-2015,Holisol Logistics,Supply Chain & Logistics Solutions,,New Delhi,CLSA Capital Partners ARIA IV Funds,Private Equity,10000000.0
2140,10-12-2015,Paynear,Mobile Point of Sale solutions,,Hyderabad,Mitesh Majithia,Private Equity,2500000.0
2141,10-12-2015,Chillr,Peer-to-Peer Money Transfer & Recharge App,,Mumbai,Sequoia Capital Blume Ventures Uniqorn Ventures and other,Private Equity,70000000.0
2142,11-12-2015,EureQa,Test Automation SAAS platform,,Hyderabad/USA,Sashi Reddi Gabriel Investments,Seed Funding,600000.0
2146,11-12-2015,OnlineRTI,Online RTI application services,,Bangalore,LetsVenture Mohandas Pai,Seed Funding,150000.0
2148,11-12-2015,Weddingz.in,Wedding Venues & Vendors Marketplace,,Mumbai,Rajan Anandan Zoya Akhtar Reema Kagati Ruchi Narain Amrish Kumar Hrishikesh Parandekar,Seed Funding,1000000.0
2150,14-12-2015,Capricoast,Modular Furnishings Marketplace,,Bangalore,Accel Partners India RB Investments,Private Equity,3500000.0
2152,14-12-2015,Cabsguru,Cab search Comparison & Booking platform,,New Delhi,Prashanth Ranganathan,Seed Funding,200000.0
2153,14-12-2015,Whoop,Performance Optimization Platform for athletes,,Boston,Infosys,Private Equity,3000000.0
2156,15-12-2015,Streamoid,visual search and discovery platform,,Bangalore/Palo Alto,Undisclosed,Seed Funding,1000000.0
2157,16-12-2015,Housejoy,Home services marketplace,,Bangalore,Amazon Vertex Ventures Qualcomm Ru-Net Technology Partners Matrix Partners,Private Equity,22500000.0
2158,16-12-2015,Bluebirch,End to End reverse logistics Solution platform,,Bangalore,Chicago Capital Ventures Sanjay Mehta Others,Seed Funding,2000000.0
2159,16-12-2015,MeraDoctor,Virtual Health consultation app,,Mumbai,Unilazer,Private Equity,1200000.0
2161,17-12-2015,Rivigo,Logistics Services Provider,,Gurgaon,SAIF Partners and others,Private Equity,30000000.0
2162,17-12-2015,Springboard,Data Science & UX design Learning platform,,Bangalore,Allen Blue John Katzman Naveen Tewari Kartik Hosanagar Kashyap Deorah 500 Startups Blue Fog Capital,Seed Funding,1700000.0
2164,18-12-2015,Ampere Vehicles,Electric Bike Manufacturers,,Coimbatore,Kris Gopalakrishnan & Others,Seed Funding,1200000.0
2167,18-12-2015,CBREX,International Hiring Platform,,Mumbai/NY,Prahlad Rao Sundara Rajan Vikram Chachra,Seed Funding,200000.0
2168,21-12-2015,TruckMandi,Logistics Service Provider Marketplace,,New Delhi,Ritesh Dwivedy Ramakant Sharma Mount Nathan Advisors,Private Equity,2000000.0
2169,21-12-2015,Peppertap,Hyperlocal Grocery Delivery Service,,Gurgaon,Innoven Capital,Private Equity,4000000.0
2170,21-12-2015,KOOH Sports,Sports Education Platform,,Mumbai,TCS HDFC Faering Capital Elevate Sports,Private Equity,2000000.0
2174,22-12-2015,LatestOne,Mobile accessories online store,,Hyderabad,Palred Technologies Ltd,Private Equity,3000000.0
2176,22-12-2015,Arya.ai,Artificial Intelligence platform,,Mumbai,YourNest Angel Fund Venture Nursery,Private Equity,750000.0
2177,22-12-2015,Doctor Insta,Medical Consultation & Doctor appointment booking platform,,Gurgaon,Rishi Parti BrahmaX Ventures,Private Equity,500000.0
2178,22-12-2015,MobieFit,Mobile Fitness App,,Goa,Medi Assist,Private Equity,1000000.0
2180,23-12-2015,Mech Mocha,Mobile Game development & Design platform,,Bangalore,Blume Ventures Flipkart,Seed Funding,1000000.0
2181,23-12-2015,Shotang.com,B2B E-commerce Marketplace,,Bangalore,Exfinity Venture Partners Unitus Impact Livelihoods Fund,Private Equity,5000000.0
2183,24-12-2015,Black White Orange,B2B Merchandize platform,,Mumbai,Collaborative Licensing Ventures LLP,Seed Funding,303000.0
2185,24-12-2015,Canvera,Photographer Online search & booking platform,,Bangalore,Info Edge (India) Ltd,Private Equity,2200000.0
2186,28-12-2015,Town Essentials,Grocery Delivery platform,,Bangalore,Sharad Hegde Girish Reddy Siddharth Patil Shrikant Patil,Seed Funding,1000000.0
2187,28-12-2015,Bumper,Mobile Car Servicing appointment app,,Bangalore,SAIF Partners,Seed Funding,500000.0
2188,29-12-2015,Hotify,New Curation Mobile App,,Bangalore,Mahavir Pratap Sharma,Seed Funding,150000.0
2189,29-12-2015,MobiKwik,Mobile Wallet,,Gurgaon,Sequoia Capital Tree Line Asia Innoven Capital,Private Equity,6600000.0
2191,02-11-2015,Twigly,Online Food Ordering & Delivery platform,,Gurgaon,Amit Gupta Sahil Barua Mukul Singhal Tracxn Labs,Seed Funding,200000.0
2192,02-11-2015,CityFlo,Bus Aggregation and rental mobile app,,Mumbai,IDG Ventures,Seed Funding,750000.0
2195,03-11-2015,Pokkt,Alternate Mobile Monetization platform,,Mumbai,Segnel Venture Shinji Kimura Sundar Chanrai JAFCO Asia SingTels Innov8 Jungle Ventures K Ganesh,Private Equity,5000000.0
2196,03-11-2015,oibanit,Online Food Ordering Marketplace,,Vadodara,Varun Ahuja Anubhav Verma,Seed Funding,150000.0
2197,03-11-2015,Stuffed,Quick Service Restaurant & Online Delivery,,Mumbai,Riqueza Capital,Seed Funding,385000.0
2198,03-11-2015,LoanBaba,Online Loans Marketplace,,Mumbai,,Seed Funding,320000.0
2199,03-11-2015,Deyor Rooms,Budget Hotels Aggregator,,New Delhi,Dheeraj Jain & Others,Seed Funding,500000.0
2200,03-11-2015,Bidgely,Efficient Energy Management platform,,USA/India,Constellation Technology Ventures (Exelon Corporation) E.ON RWE Khosla Ventures,Private Equity,16600000.0
2201,04-11-2015,Shirsa Labs,Digital Intelligent learning platform,,Mumbai,ah! Ventures,Seed Funding,250000.0
2203,04-11-2015,YourDOST,Online Counselling and psychological support platform,,Gwalior,Phanindra Sama Aprameya Radhakrishna Aneesh Reddy Neeraj Jawalkar Sanjay Anandaram Pavan Ongole Venk Krishnan,Seed Funding,400000.0
2204,05-11-2015,BookMyBai,Domestic Help Aggregation platform,,Mumbai,Vineel Nalla & Others,Seed Funding,150000.0
2205,05-11-2015,MyIndianStay,Home Stay & room rentals platform,,Goa,Undisclosed investors,Seed Funding,200000.0
2208,06-11-2015,Satvacart,Online Grocery platform,,Gurgaon,Undisclosed HNIs,Private Equity,1800000.0
2209,06-11-2015,POPxo.com,Online content platform for women,,New Delhi,IDG Ventures India Kalaari Capital 500 Startups,Private Equity,2000000.0
2210,06-11-2015,SparesHub,Online Vehicle Spare Parts etailer,,Pune,Hyderabad Angels M&S Partners,Seed Funding,460000.0
2211,06-11-2015,Explara,Event Ticketing platform,,Pune,Hyderabad Angels Singapore Angel Network Ness Wadia,Private Equity,490000.0
2213,06-11-2015,Yuvi Hospitality,Premium dining Lounges & restaurants,,Gurgaon,Chandralekha Construction Pvt. Ltd.,Private Equity,15000000.0
2214,09-11-2015,AppVirality,Mobile Growth Hacking Platform,,Hyderabad,Rajan Anandan Mike Galgon Ravi Gururaj Ashim Mehra Mohit Saxena Internet Group TNN Capital and others,Seed Funding,500000.0
2215,09-11-2015,iStar Skill Development,Skill Training Startup,,Bangalore,Michael & Susan Dell Foundation Unitus Seed Fund,Private Equity,1500000.0
2216,09-11-2015,BigStylist.com,Beauty and Wellness Marketplace,,Mumbai,Info Edge,Private Equity,1000000.0
2217,09-11-2015,Zilingo,Marketplace App for Bangkok,,Bangalore/Bangkok,Sequoia India BEENEXT Ventures Kunal Shah & Sandeep Tandon,Private Equity,1900000.0
2218,09-11-2015,Didi,On-demand Maids Service Provider,,Mumbai,Jozef Bardik Leo Wang Sangeeth Ram,Seed Funding,150000.0
2219,09-11-2015,Skoov.com,E-commerce Product Search Engine,,Mumbai,undisclosed investor,Seed Funding,150000.0
2220,10-11-2015,Chefs Basket,Ready to cook packaged Foods,,Mumbai,SAIF Partners Haresh Chawla,Private Equity,6000000.0
2222,11-11-2015,Delight Foods,Branded Food products online sales,,Bangalore,Lensbridge Capital Mape Advisory Group Fireside Ventures,Private Equity,600000.0
2224,11-11-2015,RenewBuy,Auto Insurance Online platform,,Gurgaon,Mount Nathan Advisors Pte Ltd,Seed Funding,500000.0
2226,12-11-2015,Hitwicket,Cricket Management Mobile Game,,Hyderabad,Chennai Angels,Seed Funding,250000.0
2228,16-11-2015,Cashkaro.com,E-commerce Discount & Cashback coupons platform,,Gurgaon,Kalaari Capital,Private Equity,3700000.0
2229,16-11-2015,Absentia,Virtual Reality Headset creator,,Bangalore,Astarc Ventures 50K Ventures & others,Seed Funding,180000.0
2231,16-11-2015,TaskBucks,mobile-only tasks marketplace,,New Delhi,Times Internet,Private Equity,15000000.0
2232,17-11-2015,CraftsVilla,Women Ethnic Wear Online Marketplace,,Mumbai,Sequoia India Lightspeed Venture Partners Nexus Venture Partners Global Founders Capital Apoletto,Private Equity,34000000.0
2233,17-11-2015,Julia Computing,Numerical Computing & Data Science Platform,,Bangalore,Gordon and Betty Moore Foundation,Seed Funding,600000.0
2234,17-11-2015,StyleTag,Designer fashion Jewellery Marketplace,,Bangalore,Jitu Virwani,Seed Funding,7500000.0
2235,17-11-2015,Smytten,Online Products Discovery Platform,,Gurgaon,Rimpal Chawla Anuj Srivastava,Seed Funding,200000.0
2236,17-11-2015,BiBox,Kids Tool kit for Innovation platform,,Bangalore,Ravi Krishnamurthy,Seed Funding,530000.0
2237,17-11-2015,Convegenius,Mobile Learning Solutions,,Noida/Singapore,Enablers platform,Seed Funding,300000.0
2238,18-11-2015,Ola,Car Aggregator & Retail Mobile App,,Bangalore,Baillie Gifford Falcon Edge Capital Tiger Global SoftBank Group DST Global Didi Kuaidi,Private Equity,500000000.0
2239,18-11-2015,Goodbox,conversational commerce mobile app,,Bangalore,Nexus Venture Partners,Private Equity,2500000.0
2240,18-11-2015,ScoopWhoop,Viral Content web Platform,,New Delhi,Kalaari Capital,Private Equity,4000000.0
2245,19-11-2015,UrbanClap,Mobile Services Marketplace,,Gurgaon,Bessemer Venture Partner Accel SAIF Partners,Private Equity,25000000.0
2246,19-11-2015,SenseGiz,Smartwatch Maker,,Belgaum,Karnataka Semiconductor Venture Capital firm,Seed Funding,500000.0
2248,19-11-2015,Fourseven,Online Jewellery etailer,,New Delhi,Indian Angel Network,Seed Funding,455000.0
2249,20-11-2015,MindTickle,Sales & Productivity Software,,Pune/US,New Enterprise Associates,Private Equity,12500000.0
2251,20-11-2015,Medinfi,Health-Tech platform,,Bangalore,Ram Kumar Kakani Pradeep K Jaisingh Sunil T V Vijay Ghadge Hemant Kaul Gurmeet Chahal & Others,Seed Funding,305000.0
2252,20-11-2015,OUWT,Nightlife Discovery Mobile App,,Mumbai,Undisclosed investors,Seed Funding,150000.0
2253,20-11-2015,HeyPillow,Online Real Estate Marketplace,,Bangalore,Hampton Capital,Private Equity,3000000.0
2255,21-11-2015,Caravan Craft,Indian Ethnic Crafts Etailer,,Bangalore,Unitus Seed Fund Bijou Kurien Narayan Ramachandran,Private Equity,1200000.0
2256,21-11-2015,Talkoot,Social platform for traders and investors,,Bangalore,Undisclosed investors,Seed Funding,100000.0
2257,23-11-2015,RentoMojo,Online Furniture Home Appliances Rental Platform,,Bangalore,IDG Ventures India Accel Partners India,Private Equity,2000000.0
2258,23-11-2015,Medikoe,Healthcare Services Discovery platform,,Bangalore,Anil Menon,Seed Funding,100000.0
2259,24-11-2015,Stylofie,Health and Beauty Services Marketplace,,Gurgaon,Swastika,Seed Funding,250000.0
2261,24-11-2015,Naaptol,Online and TV Shopping Marketplace,,Mumbai,Mitsui & Co. New Enterprise Associates Canaan Partners Silicon Valley Bank,Private Equity,52000000.0
2263,25-11-2015,EarlySalary.com,Mobile App based Loan disbursement platform,,Mumbai,Ashok Agarwal,Seed Funding,1500000.0
2264,25-11-2015,Tooler,On Demand Laundry Services App,,New Delhi,Raghu Khanna Sameer Gupta,Seed Funding,110000.0
2265,25-11-2015,S Chand,Education Content Provider,,New Delhi,IFC Everstone Group,Private Equity,27000000.0
2267,26-11-2015,GoQii,Fitness Tracking Management Solutions,,Mumbai,New Enterprise Associates Cheetah Mobile,Private Equity,13400000.0
2268,26-11-2015,Grofers,Hyper-local Grocery Delivery platform,,Gurgaon,Softbank Tiger Global Sequoia Capital Apoletto Managers,Private Equity,120000000.0
2269,26-11-2015,Pluss,Hyperlocal healthcare product Delivery Service provider,,Gurgaon,IDG Ventures M & S partners Powerhouse Ventures (USA).,Private Equity,1000000.0
2272,27-11-2015,JustRide,Self Driven Rental Car Platform,,Mumbai,,Private Equity,2000000.0
2277,30-11-2015,Baxi,Two-Wheeler Taxi Service,,Gurgaon,Manish Kheterpal Alok Mittal Puneet Dalmia,Seed Funding,1450000.0
2278,30-11-2015,Superhero Brands,character merchandize sales platform,,Mumbai,DSG Consumer Partners,Seed Funding,540000.0
2280,30-11-2015,QikPod,E-commerce Delivery locker services,,Bangalore,Flipkart Accel Partners Delhivery Foxconn,Private Equity,9000000.0
2286,01-10-2015,Muvizz,Movie-on-demand platform,,Singapore,Ashish Todi Abhinav Patodia Kumar Shwetabh,Seed Funding,350000.0
2289,02-10-2015,Shopalyst,Product discovery & recommendation platform,,Bangalore,Kalaari Capital,Private Equity,2000000.0
2290,03-10-2015,Chillr,Mobile Payments App,,Mumbai,Sequoia Capital,Private Equity,6000000.0
2291,05-10-2015,Nykaa,Beauty & Wellness Products e-tailer,,Mumbai,Harsh Mariwala Atul Nishar Dalip Pathak Michael Carlos,Private Equity,9500000.0
2292,05-10-2015,Voylla,Fashion jewelry and accessories e-tailer,,Jaipur,Peepul Capital,Private Equity,15000000.0
2293,05-10-2015,IndiaLends,Online Consumer Lending platform,,New Delhi,DSG consumer Partners Paragon Partners,Private Equity,1000000.0
2294,05-10-2015,Rock N Shop,Premium Apparel shopping portal,,New Delhi,High Networth Individuals (undisclosed),Seed Funding,150000.0
2295,06-10-2015,DocPlexus,Exclusive Platform for Doctors & Healthcare professionals,,Pune,Uniqorn ventures ASP Consulting,Seed Funding,700000.0
2296,06-10-2015,WorkIndia,Job Board,,Mumbai,Satyen Kothari Keshav Sanghi Riddhesh Gandhi & Others,Seed Funding,500000.0
2297,06-10-2015,SportzVillage,Sports Management & Physical Education Business,,Bangalore,Gaja Capital Private Equity Fund,Private Equity,10000000.0
2299,06-10-2015,Burger Singh,QSR & Online delivery portal,,Gurgaon,Ashvin Chadha Avtar Monga Udaan Angels Dheeraj Jain,Seed Funding,500000.0
2300,06-10-2015,Welcome Cure,Online Homeopathy Clinic,,Mumbai,Unnamed Media house and HNIs,Private Equity,6000000.0
2301,07-10-2015,SchoolGuru,E-Learning Service Provider,,Mumbai,High Networth Individuals from India & USA,Private Equity,3000000.0
2303,07-10-2015,GoJavas,Delivery & Logistics Service provider,,Gurgaon,Snapdeal,Private Equity,20000000.0
2306,08-10-2015,ZuperMeal,Home Cooked Food marketplace & Delivery,,Mumbai,Sanjeev Kapoor Ravi Saxena & Others,Private Equity,2000000.0
2307,08-10-2015,Cube26,Gesture based Mobile Development,,New Delhi,Tiger Global Management Flipkart,Private Equity,7700000.0
2309,08-10-2015,Grabhouse,Rental Accommodation Search platform,,Bangalore,Sequoia and Kalaari Capital.,Private Equity,10000000.0
2310,08-10-2015,Quifers,Logistics Tech Platform,,Mumbai,Vikas Agarwal Vishal Khare Sanjeev Kakkar Smile Group,Seed Funding,310000.0
2311,09-10-2015,Stockroom.io,Developer Portfolio Showcase platform,,Hyderabad,Undisclosed Investors,Seed Funding,70000.0
2313,09-10-2015,Cloud Lending,End-to-End Lending platform,,Bangalore/San Mateo,SF Capital Group,Private Equity,8000000.0
2314,09-10-2015,Inayo,on-demand healthcare marketplace,,Mumbai,Kemark Ventures Amit Ranjan Zishaan Hayath and Others,Seed Funding,300000.0
2316,09-10-2015,Kulzy,Advertising & Marketing Community Networking platform,,New Delhi,Seedfund Bedrock Ventures,Seed Funding,1000000.0
2317,09-10-2015,Zeppery,Food Ordering & Delivery App,,New Delhi,Suyash Sharma,Seed Funding,77000.0
2318,12-10-2015,Zify,Ride Sharing platform,,Hyderabad,Sean OSullivan & Others,Seed Funding,190000.0
2321,12-10-2015,Gridle,Cloud Based Collaboration platform,,Ahmedabad,LetsVenture,Seed Funding,100000.0
2324,13-10-2015,Voodoo,Mobile Only Shopping Assistant,,New Delhi,SAIF Partners,Seed Funding,1000000.0
2325,13-10-2015,Lookup,Mobile Messaging Assistant App,,Bangalore,Khosla Impact Biz Stone Catamaran Ventures Global Founders Capital European investment fund,Private Equity,2500000.0
2326,14-10-2015,AskMyGift,Personalized Wish List creator app,,Noida,Turning Ideas,Seed Funding,50000.0
2328,14-10-2015,Zappfresh,Raw Meat & Ready to eat food etailer,,Gurgaon,Undisclosed Investors,Seed Funding,77000.0
2334,17-10-2015,S-Cube Futuretech,Structural & Civil Engg Service Automation,,Mumbai,Parampara Capital,Private Equity,1000000.0
2336,19-10-2015,Citrus Payment,Payments Solution platform,,Mumbai,Sequoia Capital Ascent Capital eContext Asia Beenos Asia,Private Equity,25000000.0
2337,19-10-2015,Holidify,Travel Destination Discovery platform,,New Delhi,Aarti Group,Seed Funding,100000.0
2339,20-10-2015,Opinio,Last Mile Delivery Service,,Bangalore,Delhivery Sands Capital and Accel Partners,Private Equity,7000000.0
2340,20-10-2015,Attune Technologies,Healthcare IT Solutions & services,,Chennai,Qualcomm Venture Norwest Venture Partners,Private Equity,10000000.0
2343,21-10-2015,AgentDesks,Real Estate Mobile CRM,,New York/India,Sierra Ventures Cota Capital Vegas Tech Fund,Seed Funding,2950000.0
2344,21-10-2015,White Owl Brewery,Micro-Brewery,,Mumbai,Arihant Patni RAAY Global Investments,Private Equity,1530000.0
2345,21-10-2015,MealHopper,Home Made Food Marketplace,,Gurgaon,Alok Bajpai Rajnish Kumar Amit Dey,Seed Funding,100000.0
2346,21-10-2015,Zenify.in,residential rental management platform,,Bangalore,Atul Jalan Shrikanth & Bharath,Seed Funding,640000.0
2348,23-10-2015,Medd,Personal Diagnostic Mobile App,,Mumbai,Group of Angel investors,Seed Funding,150000.0
2349,23-10-2015,Leaping Caravan,Online food ordering & Delivery service,,Gurgaon,Group of Angel investors,Seed Funding,150000.0
2350,23-10-2015,Frsh,Online food ordering & Delivery service,,Gurgaon,Mumbai Angels Mayank Bhangdia Kae Capital,Private Equity,1000000.0
2351,23-10-2015,Qik Stay,Hotel Aggregator & booking platform,,New Delhi,ID Enablers Pvt Ltd,Seed Funding,250000.0
2352,26-10-2015,Parcelled,Online Logistics Platform,,Bangalore,Delhivery,Private Equity,5000000.0
2353,26-10-2015,AlmaMapper,Online Student & Campus Social Networking platform,,Ahmedabad,Oswal Techno Ventures LLP,Seed Funding,400000.0
2354,26-10-2015,Flexing It,Professionals & Project Search Marketplace,,New Delhi,undisclosed private investors,Seed Funding,500000.0
2355,26-10-2015,Netmeds.com,Online Pharmacy,,Chennai,OrbiMed Pradip Dadha Group,Private Equity,50000000.0
2356,26-10-2015,Razorpay,Online Payment Gateway,,Jaipur,Tiger Global Management Matrix Partners,Private Equity,9000000.0
2358,27-10-2015,Happitoo,Location based Nightlife recommendation Platform,,Mumbai,Unnamed investor,Seed Funding,77000.0
2359,27-10-2015,Care24,Professional Health Services Platform,,Mumbai,India Quotient,Seed Funding,350000.0
2360,27-10-2015,Roadrunnr,Hyperlocal Logistics Service,,Bangalore,Sequoia Capital Nexus Venture Partners,Private Equity,10000000.0
2362,28-10-2015,ORIGA Leasing,Asset Financing platform,,Mumbai,ah! Ventures 500 Startups & Other HNIs,Seed Funding,1100000.0
2363,28-10-2015,Smartivity.in,Virtual Reality activity based learning platform,,New Delhi,S Chand and Co Pvt Ltd,Seed Funding,200000.0
2367,29-10-2015,ZopHop,Public Commute helper App,,Mumbai,Amit Singhal PK Gulati & others,Seed Funding,450000.0
2370,30-10-2015,LiftO,Ridesharing Mobile app,,Mumbai,Rajesh Bhatia Dheeraj Mehta & Others,Seed Funding,130000.0
2371,30-10-2015,TinyOwl,Food Discovery & Delivery Mobile app,,Mumbai,Sequoia Capital Matrix Partners,Private Equity,7500000.0
2372,30-10-2015,Toppr.com,Competitive exam learning platform,,Mumbai,InnoVen Capital,Private Equity,2000000.0
2373,30-10-2015,Kleeto,Document Digitization platform,,Gurgaon,GREX,Seed Funding,230000.0
2374,30-10-2015,BeaconsTalk,proximity marketing & Mobile Advertising platform,,Mumbai,Puneet Bhatia & others,Seed Funding,80000.0
2375,31-10-2015,Jugnoo,Autorickshaw Aggregator & Booking platform,,Chandigarh,Paytm,Private Equity,10000000.0
2376,01-09-2015,TOFlo,FinTech Startup Incubation platform,,Mumbai,Tania Johny Palathinkal,Seed Funding,100000.0
2378,01-09-2015,Stylecracker,Personalized Styling platform,,Mumbai,Group of HNI investors,Private Equity,1000000.0
2379,01-09-2015,Luxuryhues,Luxury goods Shopping Platform,,Gurgaon,Reliance Capital,Private Equity,900000.0
2381,02-09-2015,Zivame,Online Lingerie Marketplace,,Bangalore,Zodius Technology Fund Khazanah Nasional Berhad,Private Equity,40000000.0
2382,02-09-2015,Capillary Tech,Cloud software solutions,,New Delhi,Warburg Pincus Sequoia Capital Norwest Venture Partners,Private Equity,45000000.0
2383,03-09-2015,Jobspire,Job Search Platform,,Bangalore,Purvi Capital,Seed Funding,260000.0
2385,03-09-2015,Vistaar Finance,Small Business Financing (NBFC),,Bangalore,WestBridge Capital Omidyar Network Elevar Equity Saama Capital Lok Capital,Private Equity,40000000.0
2387,04-09-2015,Clapsnslaps,Online Movie Review Platform,,Mumbai,R M Picture Company Pvt. Ltd.,Seed Funding,150000.0
2388,04-09-2015,Blubox,E-commerce Brands Full Service Agency,,Mumbai,Ashish Jhalani,Seed Funding,100000.0
2389,04-09-2015,RoomCentral,Cloud-based Hotel Booking Platform,,Bangalore,Karanpal Singh,Seed Funding,2000000.0
2390,07-09-2015,YouthKiAwaaz,Community Driven News/Views Platform,,New Delhi,Raghav Bahl Ritu Kapur,Seed Funding,600000.0
2391,07-09-2015,Prozo,Study Material Marketplace,,New Delhi,Nalin Jain Shomil Pant Dinesh Kundu & others,Seed Funding,205000.0
2392,07-09-2015,Zomato,Restaurant Ratings & Reviews platform,,Gurgaon,Temasek Vy Capital,Private Equity,60000000.0
2393,07-09-2015,Sahayog Dairy,Dairy Based Product Manufacturer,,Bhopal,Acumen Fund,Private Equity,1800000.0
2394,08-09-2015,MockBank,Government Test Preparation platform,,Bangalore,Blume Ventures,Seed Funding,400000.0
2397,10-09-2015,OnlineTyari,Multilingual Test Preparation Platform,,Gurgaon,500 Startups TV Mohandas Pai Tandem Capital Vikram Chachra Aloke Bajpai,Private Equity,770000.0
2398,10-09-2015,IndustryBuying,Industrial Tools Marketplace,,New Delhi,Kalaari Capital SAIF Partners Beenextan investment fund,Private Equity,9200000.0
2399,10-09-2015,The/Nudge Foundation,Non Profit Organization to alleviate poverty,,Bangalore,Nanadan Nilekani InMobi Paytm,Seed Funding,315000.0
2400,11-09-2015,FitMeIn,Gym & Fitness Studios Subscription platform,,New Delhi,Green House Ventures,Seed Funding,100000.0
2402,11-09-2015,Zapyle,pre-used apparel shopping mobile app,,Bangalore,,Seed Funding,1000000.0
2404,12-09-2015,CredR,Used Vehicles Marketplace,,Mumbai,Eight Road Ventures,Private Equity,15000000.0
2406,14-09-2015,CanvasFlip,Mobile App testing platform,,Hyderabad,Bessemer Venture Partners,Seed Funding,1200000.0
2407,14-09-2015,Shadowfax,Hyperlocal Delivery Services,,Gurgaon,Eight Roads Ventures,Private Equity,9000000.0
2408,14-09-2015,UE Life Sciences,Early Cancer Detection Solutions,,US/India,Aarin Capital Unitus Seed Fund,Private Equity,3000000.0
2409,14-09-2015,Ola Cabs,Cab rental Mobile app,,Bangalore,Falcon Edge Capital NY based Hedge Fund Tiger Global Softbank,Private Equity,225000000.0
2410,15-09-2015,Coverfox,Online Insurance Distribution Platform,,Mumbai,Cataraman Ventures,Private Equity,2000000.0
2411,15-09-2015,MoEngage,Mobile Marketing Automation Platform,,Bangalore,Helion Venture Partners Exfinity Ventures,Private Equity,4250000.0
2413,15-09-2015,Tea Trails,Chain of Tea Cafes,,Mumbai,Anil Matai Vikram Tandon Shyam Sundar R & others,Seed Funding,1000000.0
2414,15-09-2015,Room on Call,Branded Budget Hotel Marketplace,,Noida,Payal Syal,Seed Funding,300000.0
2416,16-09-2015,ChaiPoint,Food Subscription platform,,Bangalore,Eight Roads Ventures,Private Equity,10000000.0
2417,16-09-2015,WedmeGood.com,Wedding Planning Platform,,Gurgaon,Indian Angel Network,Seed Funding,410000.0
2418,16-09-2015,XSTOK,B2B Mobile Auction Marketplace,,Mumbai,Oliphans Capital,Seed Funding,450000.0
2421,17-09-2015,YepMe,Private label Fashion eTailer,,Gurgaon,Khazanah Nasional Berhad Helion Venture Partners,Private Equity,75000000.0
2422,17-09-2015,Bueno,Online Food ordering & delivery,,Gurgaon,High Networth Individuals (No details),Seed Funding,600000.0
2423,18-09-2015,Plabro,Real Estate Broker Platform App,,New Delhi,Sachin Bansal & Binny Bansal Sol Primero Outbox Ventures Sangram Singh,Seed Funding,350000.0
2424,18-09-2015,CureJoy,Online Health & Wellness platform,,Bangalore,Accel Partners Subrata Mitra Larry Braitman Venk Krishna,Private Equity,1150000.0
2425,18-09-2015,Briston Technomach,Internet of Things platform,,New Delhi,Undisclosed,Seed Funding,150000.0
2426,18-09-2015,LabStreet,Diagnostic Labs aggregator platform,,Gurgaon,Multiple investors,Seed Funding,150000.0
2428,21-09-2015,Portea Medical,Home Medical Care Services,,Bangalore,Accel Partners International Finance Corporation (IFC) Qualcomm Ventures Ventureast,Private Equity,37500000.0
2429,21-09-2015,Neotrade Analytics,Real-Time stock data platform,,Bangalore,Rainmatter,Seed Funding,235000.0
2431,21-09-2015,LafaLafa,coupons and cashback aggregator app,,Mumbai,500 Startups,Seed Funding,125000.0
2434,22-09-2015,Bestdealfinance,Financial Services Portal,,Mumbai,Kalaari Capital YourNest Angel Fund,Private Equity,3000000.0
2437,22-09-2015,Virtual Logic,virtual reality 3d simulation and stereoscopic products,,Bangalore,Swarnim Multiventures,Private Equity,800000.0
2438,22-09-2015,Furdo,Online Interior Designing platform,,Bangalore,Bhavdeep Reddy,Seed Funding,400000.0
2439,22-09-2015,LogiNext,End-to-end Logistics platform,,Mumbai,Paytm,Private Equity,10000000.0
2440,22-09-2015,Korra,Private Label Apparel sales,,New Delhi,Asha Jadeja Motwani & Others,Seed Funding,300000.0
2443,23-09-2015,SilverPush,Cross-device retargeting platform,,Gurgaon/SFO,M&S Partners,Private Equity,1200000.0
2444,23-09-2015,Juggernaut,Digital & Physical Publishing platform,,New Delhi,William Bissell Neeraj Aggarwal Nandan Nilekani,Private Equity,2250000.0
2445,23-09-2015,InnerChef,Food Delivery Platform,,New Delhi,Phanindra Sama Anupam Mittal Vijay Shekhar Sharma Vishal Gondal Sateesh Andara & others,Private Equity,1750000.0
2446,24-09-2015,Quintype,Data Driven Publishing platform,,Bangalore,Raghav Bahl,Private Equity,3300000.0
2447,24-09-2015,Capabiliti,Employee OnBoarding & Orientation platform,,Noida,500 Startups Smile Multimedia Kunal Bahl Rohit Bansal Girish Matrubootham,Seed Funding,400000.0
2448,24-09-2015,Fourth Partner Energy,Solar Power Solutions company,,Hyderabad,Infuse Ventures The Chennai Angels,Private Equity,2000000.0
2449,24-09-2015,Licious,Online Meat Ordering platform,,Bangalore,Kanwaljit Singh TV Mohandas Pai,Seed Funding,1000000.0
2452,28-09-2015,Ola Cabs,Cab Booking app platform,,Bangalore,Didi Kuaidi,Private Equity,30000000.0
2453,29-09-2015,Paytm,E-Commerce & M-Commerce platform,,New Delhi,Alibaba Group Ant Financial,Private Equity,680000000.0
2454,29-09-2015,Inmobi,Mobile Advertising platform,,Bangalore,Tennenbaum Capital Partners & Others,Private Equity,100000000.0
2455,29-09-2015,Peppertap,Hyperlocal Grocery Delivery,,Gurgaon,Sequoia India SAIF Partners.,Private Equity,36000000.0
2458,29-09-2015,Zakoopi,Fashion Discovery platform,,New Delhi,Uniqorn Ventures,Seed Funding,350000.0
2460,30-09-2015,Infoworks,Big Data Management Platform,,Bangalore/USA,Nexus Venture Partners Knoll Ventures and others,Private Equity,5000000.0
2461,30-09-2015,RedDoorz,Budget Accommodation Platform,,Noida,Jungle Ventures,Seed Funding,1000000.0
2463,30-09-2015,Eywa Media,Digital Signal processing platform,,Bangalore,ah! Ventures Viktor Koenig PE Fund Mantra Ventures,Seed Funding,1000000.0
2464,01-08-2015,Snapdeal,E-commerce Marketplace,,New Delhi,Alibaba Foxconn Softbank,Private Equity,500000000.0
2465,01-08-2015,Ressy,Restaurant Discount app,,Pune,Mohandas Pai & others,Seed Funding,400000.0
2467,03-08-2015,Connect India,E-commerce Logistics provider,,New Delhi,Aavishkaar,Private Equity,5000000.0
2470,03-08-2015,Oyorooms,Budget Hotel accommodation brand,,New Delhi,SoftBank Group Greenoaks Capital Sequoia Capital Lightspeed India,Private Equity,100000000.0
2472,03-08-2015,Wizrocket,User Engagment & Analytics platform,,Mumbai,Sequoia Capital Accel Partners,Private Equity,9600000.0
2473,04-08-2015,Pickingo,On-Demand Delivery Logistics,,New Delhi,Orios Venture Partners Zishaan Hayath,Private Equity,1300000.0
2474,05-08-2015,Grex,fund raising platform for startups,,Pune,Kunal Bajaj Chandru Badrinarayanan,Seed Funding,650000.0
2475,05-08-2015,LetsTransport,Logistics Tech Platform,,Bangalore,Rebright Partners Ankush Nijhawan Gaurav Bhatnagar Manish Dhingra,Seed Funding,1300000.0
2476,05-08-2015,Zo Rooms,Online budget hotel chain,,New Delhi,Tiger Global Management Orios Venture Partners,Private Equity,30000000.0
2477,05-08-2015,Doormint,Hyperlocal Handyman services,,Mumbai,Helion Venture Partners Kalaari Capital,Private Equity,3000000.0
2478,05-08-2015,NightStay,hotel booking app,,Noida,BedRock Ventures Rajesh Sawhney Shailesh Singh,Seed Funding,500000.0
2480,05-08-2015,Sunday Realty Solutions,Tech Platform for property brokers,,Mumbai,Ramesh Jogani Shailesh Viswanathan Jay Srinivasan,Seed Funding,785000.0
2482,06-08-2015,Appvigil,App security testing platform,,Mumbai,Ravi Gururaj Gaurav Sharma Viswanath Ramachandran RippleWave,Seed Funding,500000.0
2483,06-08-2015,practo,Doctor Appointment booking app,,Bangalore,Sofina Google Capital Altimeter Capital Sequoia Capital Global Equities Yuri Milner Sequoia Capital Matrix Partners,Private Equity,90000000.0
2486,06-08-2015,Ketto,Crowd funding platform,,Mumbai,Chennai Angels Calcutta Angels ah! Ventures Intellecap Impact Investment Network Indus Age Partners Singapore Angel Network India Internet Fund LetsVenture,Seed Funding,700000.0
2487,06-08-2015,Ezetap,Mobile based PoS solution,,Bangalore,Horizons Ventures Capricorn Investment Group Social+Capital Helion Advisors Berggruen Holdings,Private Equity,25000000.0
2489,07-08-2015,Carls Jr,Fast food Chain Franchisee,,Gurgaon,YouWeCan Ventures,Seed Funding,630000.0
2490,07-08-2015,EasyRewardz,Loyalty Programs & Reward Points,,Mumbai,Wealth First Ashneer Grover Atul Phadnis,Private Equity,500000.0
2494,10-08-2015,MyTaxiIndia,Taxi Rental platform,,Gurgaon,Nihon Kotsu,Private Equity,500000.0
2495,10-08-2015,eSadar,E-commerce,,New Delhi,Neha Vats Gaurav Vats,Seed Funding,80000.0
2497,10-08-2015,MyPoolin,mobile social network,,New Delhi,QPrize from Qualcomm Ventures,Seed Funding,250000.0
2498,10-08-2015,NearBuy (previously groupon India),Hyper-Local E-commerce,,New Delhi,Sequoia Capital,Private Equity,16000000.0
2499,10-08-2015,Inkmonk,Online printing marketplace,,Chennai,Girish Mathrubootham Phanindra Sama Vikram Chachra Others from LetsVenture,Seed Funding,250000.0
2500,10-08-2015,ToneTag,mobile payment software platform,,Bangalore,Reliance Capital Venture,Private Equity,1000000.0
2501,10-08-2015,Grey Orange,Automated Storage & Warehousing Solution,,Gurgaon,Tiger Global Management,Private Equity,30000000.0
2502,11-08-2015,Livspace,Home Design & Decor solutions,,Bangalore,Helion Ventures Jungle Ventures & Bessemer Venture Partners,Private Equity,8000000.0
2503,11-08-2015,WOW! MOMO,Quick Service Restaurant Chain,,Kolkata,Indian Angel Network,Seed Funding,1600000.0
2504,11-08-2015,RainCan,Subscription based Online Grocery platform,,Pune,Ajeet Khurana & Others,Seed Funding,100000.0
2505,11-08-2015,Allygrow Technologies,engineering services company,,Mumbai,Zodius Technology Fund,Private Equity,20000000.0
2506,11-08-2015,Infogain,Business and IT consulting,,New Delhi/US,ChrysCapital,Private Equity,63000000.0
2507,12-08-2015,OneAssist,Credit Card Fraud protection solutions,,Mumbai,Sequoia Capital Lightspeed Ventures,Private Equity,7500000.0
2508,12-08-2015,BigBasket,Online & mobile Grocery store,,Bangalore,Bessemer Venture Partners,Private Equity,50000000.0
2509,12-08-2015,Sheroes,Career Community for Women,,Noida,Quintillion Media 500 Startups,Seed Funding,770000.0
2510,12-08-2015,Scripbox,Mutual Fund Investing platform,,Bangalore,Accel Partners Deep Kalra Rajesh Magow Mohit Gupta Shamik Sharma,Private Equity,2500000.0
2511,13-08-2015,etaout,E-commerce Marketing Software Platform,,Noida,Amit Ranjan Vijay Shekhar Sharma Kunal Bahl Girish Mathrubootham & Group of other Angel investors,Seed Funding,500000.0
2512,13-08-2015,IFMR Holdings,Financial Inclusion platform,,Chennai,Accion LeapFrog Investments Lok Capital,Private Equity,25000000.0
2514,13-08-2015,Agrostar,Mobile Commerce for Farmers,,Pune,IDG Ventures,Private Equity,4000000.0
2515,14-08-2015,VoxWeb,Picture based Social App,,Mumbai,Jitendra Gupta & others,Seed Funding,100000.0
2516,14-08-2015,Trukky,Logistics service platform,,Ahmedabad,Gujarat based angel investors MMY co-Founder,Seed Funding,245000.0
2518,17-08-2015,Edu4Share,Exam Preparation Platform,,New Delhi,Nalin Jain & other angel investors,Seed Funding,220000.0
2520,17-08-2015,Sampurnearth,Waste Management Solutions,,Mumbai,Intellecap Impact Investment Network family office fund,Seed Funding,160000.0
2524,17-08-2015,ShadowFax,on-demand delivery service,,Gurgaon,Kunal Bahl Rohit Bansal Zishaan Hayath Prashant Malik,Seed Funding,310000.0
2526,18-08-2015,Roposo,Fashion Discovery platform,,Gurgaon,Tiger Global,Private Equity,15000000.0
2527,18-08-2015,IntelligenceNODE,Data Analytics Platform,,Mumbai,New Enterprise Associates Orios Venture Partners,Private Equity,4200000.0
2528,18-08-2015,HyperVerge,Deep Learning Cloud Algorithms,,Chennai,NEA Milliways Ventures Naya Ventures,Seed Funding,1000000.0
2531,18-08-2015,Zoojoo.be,Corporate Wellness App,,Bangalore,RoundGlass Partners,Private Equity,1000000.0
2533,19-08-2015,TimeSaverz,Hyperlocal Maintenance Repair & Cleaning services,,Mumbai,Unilazer Ventures,Private Equity,2400000.0
2535,19-08-2015,MebelKart,Online Furniture Marketplace,,Bangalore,AskMe,Private Equity,20000000.0
2536,20-08-2015,LabsAdvisor,Online Diagnostic Tests Marketplace,,New Delhi,Group of Angel Investors,Seed Funding,156000.0
2537,20-08-2015,Flatpebble,Online marketplace for Photographers,,Hyderabad,Indian Angel Network,Seed Funding,600000.0
2538,20-08-2015,Bluegape.com,Visual Blogging platform,,New Delhi,ah! Ventures Times Internet Rudy Gopalakrishnan,Seed Funding,600000.0
2539,21-08-2015,ePoise,Job Search Platform,,Bangalore,Orios Venture Partners Amit Ranjan & others,Seed Funding,500000.0
2540,24-08-2015,Jolly Food Fellow,Food Customer analytics platform,,Ahmedabad,The 1947,Seed Funding,300000.0
2541,24-08-2015,BookMeIn,Professional Service Appointment booking service,,Mumbai,Ajmera Group of Companies,Seed Funding,400000.0
2544,25-08-2015,Qyk App,On-Demand App based Professional service provider,,Bangalore,GrowX ventures Tracxn Labs Powai Lake Ventures and Sahil Barua,Private Equity,1000000.0
2545,25-08-2015,EazyDiner,Restaurant Reservation Platform,,Gurgaon,DSG Consumer Partners Saama Capital,Private Equity,3000000.0
2546,25-08-2015,RevX,Cross-channel CRM platform,,Mumbai,Norwest Venture Partners Nexus Venture Partners Helion Venture Partners Draper Fisher Jurvetson Peepul Capital,Private Equity,4000000.0
2547,25-08-2015,ICustomMadeIt,Professional Custom creators Marketplace,,Pune,Group of Angel Investors,Seed Funding,250000.0
2548,26-08-2015,PickMyLaundry,on-Demand Washing & Dry-Cleaning,,New Delhi,GHV Accelerator,Seed Funding,100000.0
2549,26-08-2015,Belita,On-Demand Beauty Service,,Mumbai,India Quotient LetsVenture investors Lead Angels,Seed Funding,400000.0
2551,26-08-2015,FoodTalkIndia,Online Food Community Platform,,Gurgaon,Undisclosed Investor,Seed Funding,500000.0
2556,28-08-2015,Vyomo,Beauty & Lifestyle Mobile Marketplace,,Bangalore,Rocket Internet,Private Equity,2000000.0
2557,28-08-2015,RollMafia,QSR Restaurant Chain,,Pune,Equentia Natural Resources,Seed Funding,160000.0
2559,31-08-2015,DropKaffe,Online Coffee Delivery platform,,Bangalore,Manish Singhal P39 Capital & Others,Seed Funding,300000.0
2560,31-08-2015,Reverie,Language Localization Cloud platform,,Bangalore,Aspada Investment Advisors Qualcomm Ventures,Private Equity,4000000.0
2564,01-07-2015,Cloudcherry Analytics,CRM/Analytics platform,,Chennai,The Chennai Angels IDG Ventures India,Seed Funding,1000000.0
2565,01-07-2015,HandyHome,Hyperlocal Electronics repair Service,,Mumbai,Bessemer Ventures Kae Capital,Seed Funding,630000.0
2568,01-07-2015,NxtGen,IT infrastructure & Data Center services,,Bangalore,IFC Axon Partners Intel Capital,Private Equity,13500000.0
2569,02-07-2015,BankBazaar,Online Financial Services,,Chennai,Amazon Fidelity Growth Partners Mousse Partners,Private Equity,60000000.0
2570,02-07-2015,Gozoomo,Used Car Marketplace,,Bangalore,SAIF Partners,Private Equity,5000000.0
2571,02-07-2015,Zenatix,Internet of Things platform,,Gurgaon,Rajan Anandan Kunal Bahl Rohit Bansal Rahul Khanna,Seed Funding,161000.0
2572,03-07-2015,CultureAlley,Language Learning App,,Jaipur,Tiger Global,Private Equity,6500000.0
2574,03-07-2015,Gingercrush,Custom Merchandize platform,,Ahmedabad,Gokul Jaykrishna Brand Capital,Seed Funding,1000000.0
2576,04-07-2015,Stitchwood,Custom Furniture Marketplace,,Mumbai,Powai Lake Ventures Ajeet Khurana & others,Seed Funding,395000.0
2579,06-07-2015,Paper Boat,Ethnic Beverages manufacturer,,Gurgaon,Sofina Hillhouse Capital,Private Equity,30000000.0
2581,07-07-2015,Wudstay,Budget Accommodation aggregator,,Gurgaon,Mangroves Capital Partners Vikas Saxena,Private Equity,3000000.0
2582,07-07-2015,Liases Foras,Real Estate Rating & Analysis,,New Delhi,DMG information Asia Pacific,Private Equity,5000000.0
2586,08-07-2015,Saavn,Music Streaming App,,Mumbai,Tiger Global Management Bertelsmann India Steadview Capital Liberty Media Mousse Partners Quilvest,Private Equity,100000000.0
2587,08-07-2015,Flytxt,Big Data & Analytics platform,,Mumbai/Global,Sunrise Capital GmBH Big Data Investments B.V,Private Equity,11000000.0
2588,08-07-2015,Axtria,Big Data & Analytics platform,,India/US,Helion Venture PartnersAmarpreet Sawhney Deshpande Foundation Fred Khosravi Richard S. Braddock,Private Equity,30000000.0
2589,08-07-2015,33Coupons,Coupon Aggregator Platform,,Kanpur,Not Disclosed,Seed Funding,20000.0
2591,08-07-2015,Hopping Chef,Online Food-Tech Platform,,Mumbai,Mirah Hospitality,Seed Funding,470000.0
2592,08-07-2015,Collectabillia,Celebrity Fashion Brand,,Bangalore,Accel Partners,Private Equity,7500000.0
2593,08-07-2015,Lendingkart,Online Finance lending platform,,Ahmedabad,Saama Capital Mayfield Ashvin Chadha Shailesh Mehta,Private Equity,10000000.0
2594,08-07-2015,Lybrate,Healthcare Mobile App,,New Delhi,Tiger Global Management Ratan Tata Nexus Venture Partners,Private Equity,10200000.0
2595,08-07-2015,Zoomcar,Self-driven vehicle rental,,Bangalore,Sequoia Capital Empire Angels NGP,Private Equity,11000000.0
2596,09-07-2015,News in shorts,News Aggregator mobile app,,Noida,Tiger Global,Private Equity,20000000.0
2597,09-07-2015,Bluestone,Online Jewellery Store,,Bangalore,IvyCap Ventures Accel Partners Dragoneer Investment Group,Private Equity,16200000.0
2600,10-07-2015,Infinity Assurance,Warranty Programs Service Administration,,New Delhi,Indian Angel Network,Seed Funding,600000.0
2601,10-07-2015,Footprints Education,Pre-School Chain,,Gurgaon,LetsVenture Kumar Bansal Kshitij Jain,Seed Funding,685000.0
2602,10-07-2015,Loylty Rewards,Premium Loyalty Rewards Point Management,,Mumbai,IndianIdeas.com,Private Equity,19350000.0
2603,13-07-2015,Ameyo,Contact Center Software Platform,,Gurgaon,Forum Synergies PE Fund,Private Equity,5000000.0
2604,13-07-2015,Mamagoto,Casual Dining restaurant Chain,,New Delhi,Goldman Sachs,Private Equity,10000000.0
2606,14-07-2015,MySmartPrice,Online comparison engine,,Hyderabad,Accel Partners Helion Venture Partners,Private Equity,10000000.0
2608,14-07-2015,Boxmyspace,Physical Storage warehouses,,Mumbai,Ritesh Veera Singapore Angel Network Orios Venture Partners,Seed Funding,300000.0
2609,14-07-2015,HackerRank,Tech Recruitment platform,,Bangalore,HR Technology fund,Private Equity,7500000.0
2610,14-07-2015,WickedRide,Bike Rental Platform,,Bangalore,Undisclosed,Seed Funding,790000.0
2611,14-07-2015,WoWexpress,Tech enabled logistics platform,,Mumbai,Tamarind Family Private Trust,Seed Funding,500000.0
2612,15-07-2015,Oyo Rooms,Budget Hotel Accommodation,,Gurgaon,Softbank Sequoia Capital,Private Equity,100000000.0
2613,15-07-2015,Mobikon,Restaurant customer engagement platform,,Pune,Jungle Ventures,Private Equity,2300000.0
2615,15-07-2015,Roadrunnr,Hyper local logistics platform,,Bangalore,Sequoia Capital Nexus Venture Partners Blume Ventures,Private Equity,11000000.0
2616,16-07-2015,Ketto,Crowd Funding Platform,,Mumbai,Pradyumna Dalmia Sudhir Rao & Others,Seed Funding,700000.0
2617,17-07-2015,QuikWallet,F&B sector Mobile Payment platform,,Mumbai,Snow Leopard Technology Ventures,Private Equity,1600000.0
2618,17-07-2015,Omnikart,Industrial Supplies B2B E-commerce,,Mumbai,Sumit Gandhi Manish Gandhi,Seed Funding,100000.0
2619,20-07-2015,Zo Rooms,Online budget hotel chain,,New Delhi,Tiger Global Orios Venture Partners.,Private Equity,15000000.0
2620,20-07-2015,Innoviti,Payment Solutions platform,,Bangalore,Catamaran Ventures New India Investment Corporation,Private Equity,4850000.0
2622,21-07-2015,Joy by nature,Organic Food E-commerce,,New Delhi,Mumbai Angels Vriddhi Fund Others,Private Equity,1000000.0
2623,22-07-2015,Iqlect,Big Data & Analytics platform,,Bangalore,Exfinity Venture Partners,Private Equity,2000000.0
2624,22-07-2015,deGustibus,Fine Dining Restaurant Chain,,Mumbai,India Value Fund Advisors,Private Equity,30000000.0
2625,23-07-2015,Nestaway,Luxury Rental Homes,,Bangalore,Flipkart Tiger Global,Private Equity,12750000.0
2626,23-07-2015,Mswipe,Mobile Point of Sale payment solution,,,Falcon Edge Capital Meru Capital Ola Matrix Partners DSG Consumer Partners Axis Bank,Private Equity,25000000.0
2627,23-07-2015,Myonsto,Online Grocers,,Ahmedabad,Jayant Bokadia,Seed Funding,320000.0
2629,23-07-2015,MedGenome,Clinical Genomics Provider,,Bangalore,Sequoia Capital,Private Equity,20000000.0
2630,23-07-2015,HolidayIQ,Travel information portal,,Bangalore,MakeMyTrip,Private Equity,15000000.0
2631,23-07-2015,Fitternity,Fitness Marketplace,,Mumbai,Exfinity Venture Partners,Private Equity,1000000.0
2632,23-07-2015,Quikr,Online & Mobile classified listings,,Mumbai,AB Kinnevik Falcon Edge Capital Coatue Management,Private Equity,60000000.0
2634,24-07-2015,BroEx,Real Estate Broker network App,,Gurgaon,Lightspeed India,Private Equity,1000000.0
2636,25-07-2015,CredR,Used Bikes Marketplace,,Mumbai,Fidelity Growth Partners,Private Equity,15000000.0
2637,27-07-2015,ManageMySpa,Spa & Salon Management Software,,Hyderabad,Accel Partners,Private Equity,6000000.0
2641,28-07-2015,Pepperfry,Online home decor marketplace,,Mumbai,Goldman Sachs Zodius Technology Fund Bertelsmann India Investments Norwest Venture Partners.,Private Equity,100000000.0
2642,28-07-2015,Flipkart.com,Online Marketplace,,Bangalore,Steadview Capital and existing investors,Private Equity,700000000.0
2643,28-07-2015,Opinio,Hyperlocal food & grocery store,,Bangalore,Accel Partners Traxcn Labs & Others,Seed Funding,1300000.0
2644,28-07-2015,Zoctr,Health-Tech platform,,Mumbai,Sandeep Parwal Krishan Gupta & Others,Seed Funding,1000000.0
2645,29-07-2015,Zimmber,Hyperlocal Handyman Services,,Mumbai,IDG Ventures India Omidyar Network Sherpalo Ventures Mohandas Pai,Private Equity,2000000.0
2646,29-07-2015,trueHb,Medical Tech Instruments,,New Delhi,Sachin and Binny Bansal Malvinder and Shivinder Singh Gurpreet Singh & others,Seed Funding,2400000.0
2647,29-07-2015,Zovi.com/Little App,Hyperlocal Deals Marketplace,,Bangalore,Paytm SAIF Partners Tiger Global Management & others,Private Equity,50000000.0
2648,29-07-2015,Swajal,Innovative Water Solutions,,Gurgaon,Abhishek Gupta,Private Equity,1200000.0
2649,30-07-2015,Pipa Bella,Online Jewelry Store,,Mumbai,LionRock Capital,Private Equity,600000.0
2650,30-07-2015,Pragmatix,Business intelligence & Analytics,,Mumbai,SIDBI Venture Capital Ltd,Private Equity,2400000.0
2651,30-07-2015,Droom.in,Used Vehicle Marketplace,,New Delhi,Lightbox Ventures Beenos,Private Equity,16000000.0
2652,30-07-2015,MadRat Games,Educational Board Games,,Bangalore,Kunal Bahl Rohit Bansal,Seed Funding,168000.0
2653,30-07-2015,Noodle Play,Chinese food delivery,,Mumbai,Elliot Stechman Gautam Sinha Ambarish Ray,Seed Funding,168000.0
2656,31-07-2015,LazyLad,Hyperlocal Grocery App,,Gurgaon,Jai Choi Kiyohiro Sugashita Hirokazu,Private Equity,500000.0
2658,31-07-2015,Prothom,Hasbro Toy Manufacturer,,Pune,Oliphabs Capital,Private Equity,2000000.0
2659,31-07-2015,Bona Vita,Travel Tech,,Gurgaon,MakeMyTrip,Private Equity,5000000.0
2661,01-06-2015,Veeba Foods,Healthy Food Manufacturer,,New Delhi,DSG Consumer Partners Saama Capital.,Private Equity,6000000.0
2662,01-06-2015,Truebil,Used Car Marketplace,,Mumbai,Kae Capital Anupam Mittal,Seed Funding,500000.0
2663,01-06-2015,Meritnation,Online Learning Platform,,New Delhi,InfoEdge,Private Equity,4000000.0
2664,01-06-2015,Eattreatonline,Healthy Food Online Community,,New Delhi,Group of 15 Angel Investors,Seed Funding,350000.0
2666,01-06-2015,Glamrs,Online Fashion Video Portal,,Mumbai,Ventureworks India Blume Ventures Batlivala & Karani Securities Nikunj Jhaveri,Private Equity,1000000.0
2667,01-06-2015,Proviera,Probiotic Technology Products Manufacturer,,Chennai,Infuse Ventures,Private Equity,550000.0
2668,01-06-2015,Arth DesignBuild,Architectural Design & Consulting,,Hyderabad,Srinivas Tirupati,Seed Funding,500000.0
2669,02-06-2015,Saama,Big Data & Analytics Services,,Pune/US,Carrick Capital Partners,Private Equity,35000000.0
2670,02-06-2015,AllIzHealth,Preventive Healthcare Services,,Pune,Mumbai Angels & Other angel investors,Seed Funding,350000.0
2673,03-06-2015,Propstack,Real Estate Intelligence Platform,,Mumbai,DMG Information,Private Equity,3000000.0
2674,03-06-2015,MyTaxiIndia,Online Car Rental Affiliates,,New Delhi,Green House Ventures,Seed Funding,100000.0
2675,03-06-2015,Arkin Net,Data Center Software platform,,Pune/US,Nexus Venture Partners,Private Equity,15000000.0
2676,03-06-2015,Little Black Book Delhi,Online City & Lifestyle Guide,,New Delhi,Rajan Anandan Niraj Singh Sachin Bhatia Singapore Angel Network & Aseem Vadehra,Seed Funding,150000.0
2678,03-06-2015,iCustomadeit,Bespoke Merchandize Marketplace,,Pune,Virendra Shahney Dr Paresh Doshi,Seed Funding,250000.0
2680,04-06-2015,Ecom Express,Logistics Solution Provider,,New Delhi,Warburg Pincus,Private Equity,137000000.0
2681,04-06-2015,Vidooly,Video Intelligence Platform,,Noida,Bessemer Venture Partners,Private Equity,1000000.0
2682,04-06-2015,Zopper,Hyperlocal Shopping App,,Mumbai,Tiger Global Nirvana Ventures Advisors,Private Equity,20000000.0
2683,04-06-2015,Flipkart,E-commerce platform,,Bangalore,Morgan Stanley,Private Equity,50000000.0
2684,05-06-2015,kWatt Solutions,Renewable energy solutions,,Mumbai,,Seed Funding,500000.0
2685,05-06-2015,Medwell Ventures,Healthcare Service provider,,Bangalore,Fidelity Growth Partners Fidelity Biosciences,Private Equity,10000000.0
2686,05-06-2015,Jugnoo,Auto Rickshaw Based Services,,Chandigarh,Snow Leopard Paytm,Private Equity,5000000.0
2688,08-06-2015,Applied Solar Technologies,Off-grid Solar Power,,Mumbai,Future FundBessemer Venture Capricorn Investment and IFC,Private Equity,40000000.0
2689,09-06-2015,Clovia,Private Label lingerie E-commerce,,New Delhi,IvyCap Ventures,Private Equity,5000000.0
2690,09-06-2015,Swiggy,Online Food Ordering,,Bangalore,Norwest Venture Partners SAIF Partners Accel Partners,Private Equity,16500000.0
2691,09-06-2015,PayMango,Mobile Commerce Platform,,Gurgaon,Group of Angel Investors,Seed Funding,234000.0
2693,09-06-2015,Teritree,Digital Marketing Services,,Bangalore,KCL,Seed Funding,140000.0
2695,10-06-2015,Voonik,Fashion E-commerce store,,Bangalore,Sequoia Capital Seedfund,Private Equity,5000000.0
2696,11-06-2015,AdStringO,Mobile Compression Software,,Mumbai,Arihant Patni Vishal Khare Viswanath Ramachandran,Seed Funding,350000.0
2697,11-06-2015,Faircent.com,Peer to Peer Lending platform,,Gurgaon,M&S Partners Pte. Ltd,Seed Funding,250000.0
2698,12-06-2015,La Renon,Global Healthcare products,,Ahmedabad,Sequoia Capital,Private Equity,16000000.0
2699,15-06-2015,Homelane,Home Furnishing Solutions,,Bangalore,Sequoia Capital,Private Equity,50000000.0
2701,15-06-2015,Shippr,Intra-City Logistics service,,Bangalore,i2india Pvt Ltd,Seed Funding,500000.0
2704,16-06-2015,CouponRaja,Online Coupon & comparison platform,,Mumbai,Mahesh Pratapneni Pallab Chatterjee & others,Seed Funding,500000.0
2707,17-06-2015,MyDentist,Dental Clinic chain,,Mumbai,LGT Group Asian Healthcare fund Seedfund,Private Equity,8200000.0
2709,18-06-2015,Fracktal Works,3D Printer Manufacturer,,Bangalore,Neoteric Infomatique Limited,Private Equity,3000000.0
2710,18-06-2015,Hansa Customer Equity,IT/Customer Engagement Consulting,,Mumbai,ASK Pravi,Private Equity,5000000.0
2713,19-06-2015,Housejoy,Home services marketplace,,Bangalore,Matrix Partners,Private Equity,4000000.0
2714,19-06-2015,FundsIndia.com,Financial Services Platform,,Chennai,Faering Capital Foundation Capital Inventus Capital Partners,Private Equity,11000000.0
2715,20-06-2015,Cupick,Social Network for Artists,,Bangalore,Group of Angel Investors from US/India,Seed Funding,120000.0
2716,20-06-2015,Tracxn,Startup funding platform,,Bangalore,Sachin Bansal Bunny Bansal & other investors,Private Equity,10000000.0
2717,21-06-2015,Holachef,Food Delivery Platform,,Mumbai,Kalaari Capital India Quotient,Private Equity,3100000.0
2718,22-06-2015,elong,Data Driven recruitment recommendation,,Bangalore,Kunal Bahl Rohit Bansal Blume Ventures Phanindra Sama Raju Reddy,Private Equity,5000000.0
2721,22-06-2015,Vidgyor,Video Advertisement Platform,,Bangalore,AngelPrime,Seed Funding,500000.0
2723,23-06-2015,Goodservice,Mobile Chat based concierge service,,New Delhi,Sequoia Capital,Private Equity,1600000.0
2724,23-06-2015,Treebo,Online Budget Hotel Booking Service,,Bangalore,Matrix Partners India SAIF Partners,Private Equity,6000000.0
2725,23-06-2015,EduKart,Online education marketplace,,New Delhi,Holostik Group YouWeCan Ventures 500 Startups Vijay Shekhar Sharma Manish Kheterpal Amit Patni,Private Equity,1000000.0
2730,24-06-2015,Indix,SaaS product intelligence platform,,,Nokia Growth Partners Nexus Venture Partners Avalon Ventures,Private Equity,15000000.0
2731,24-06-2015,The Porter,Logistics Tech,,Mumbai,Sequoia Capital Kae Capital Anupam Mittal Sandeep Tandon,Private Equity,5500000.0
2732,24-06-2015,Retention.ai,App Analytics platform,,Bangalore,Mercury Fund Anshu Sharma Pratyush Prasanna Robert Winters & others,Seed Funding,500000.0
2733,25-06-2015,Fusion Microfinance,Micro Finance Platform,,New Delhi,Development finance institution Belgian Investment Company Oikocredit,Private Equity,8600000.0
2734,25-06-2015,Zinka,Freight logistics platform,,Bangalore,Accel Partners Flipkart,Private Equity,6000000.0
2735,26-06-2015,CreditMantri,Credit Management Services,,Chennai,IDG Ventures India Elevar Equity Accion Venture Lab,Private Equity,2500000.0
2736,26-06-2015,GetMyPeon,Hyperlocal Handyman Services,,Mumbai,Undisclosed investors,Seed Funding,250000.0
2737,29-06-2015,UrbanClap,Hyperlocal services marketplace,,New Delhi,SAIF Partners Accel Partners,Private Equity,10000000.0
2739,29-06-2015,AdWyze,Marketing/Advertising Automation platform,,Bangalore,Mape Advisory,Seed Funding,1000000.0
2740,29-06-2015,Zimmber,Hyperlocal Handyman Services,,Mumbai,Naveen Tiwari Mohit Saxena Amit Gupta Piyush Shah Manish Dugar,Seed Funding,400000.0
2744,30-06-2015,Flatchat,Flat rental Mobile App,,Bangalore,Commonfloor,Private Equity,2500000.0
2745,30-06-2015,MyCFO,Wealth Management Platform,,Mumbai,Sameer Koticha,Private Equity,1500000.0
2746,01-05-2015,Foodpanda,Online Food Delivery,,Gurgaon,Goldman Sachs Rocket Internet,Private Equity,100000000.0
2747,01-05-2015,Termsheet,Fund Raising Platform,,Chennai,Anand Vijay Nipun Dureja Satyajit Heeralal Keith Rodricks Gaurav Lochan Azmul Haque Nikhil Bagri,Seed Funding,100000.0
2748,04-05-2015,Applicate,Workforce Management Software,,Bangalore,Rishi Vasudev Amit Gupta Rajiv Nayan,Seed Funding,550000.0
2749,04-05-2015,World Art Community,Online Art Marketplace,,Gurgaon,Viraj Tyagi & others,Seed Funding,200000.0
2750,04-05-2015,SpoonJoy,Online Food Delivery,,Bangalore,SAIF Partners,Seed Funding,1000000.0
2751,05-05-2015,Seed Schools,Affordable Education,,Hyderabad,Acumen Fund,Seed Funding,650000.0
2752,05-05-2015,Ignis Careers,Career Development,,Hyderabad,Acumen Fund,Seed Funding,250000.0
2753,05-05-2015,Square Yards,Real Estate Advisory,,Gurgaon,Undisclosed Investors,Private Equity,6000000.0
2754,05-05-2015,Fintellix,Banking Analytics Platform,,Bangalore,IDG Ventures Sequoia Capital,Private Equity,15000000.0
2756,06-05-2015,Delhivery,E-commerce Logistics,,Gurgaon,Tiger Global Management Multiples Alternate Asset Management Nexus Venture Partners Times Internet,Private Equity,85000000.0
2757,06-05-2015,Swiggy,Online Food Delivery,,Bangalore,Norwest Venture Partners,Private Equity,15000000.0
2759,07-05-2015,Box8,Online Food Delivery,,Mumbai,Mayfield Ventures,Private Equity,3500000.0
2760,07-05-2015,Toppr,Online Education Platform,,Mumbai,Fidelity Growth Partners India SAIF Partners Helion Ventures,Private Equity,10000000.0
2761,07-05-2015,Vedantu,Online Education Platform,,Bangalore,Accel Partners Tiger Global Management,Private Equity,5000000.0
2762,08-05-2015,BuyHatke,Online Product Comparison,,Bangalore,S.Gopalakrishnan Beenos,Seed Funding,1000000.0
2764,08-05-2015,Uniken,Online Security Platform,,Pune,Exfinity Ventures,Private Equity,2000000.0
2765,08-05-2015,GrandOpinion,Online Medical Diagnostic,,New Delhi,Florida based Angel investor,Seed Funding,150000.0
2767,12-05-2015,ZapStitch,Cloud Data Integration Platform,,Bangalore,Helion Venture Partners Orios Venture Partners,Private Equity,2000000.0
2768,12-05-2015,Wassup,Mobile Laundry Cleaning Service,,Chennai,Arun Chandra Mohan Praveen Sinha,Private Equity,2000000.0
2770,12-05-2015,Plancess,Online Education Platform,,Mumbai,Rajendra Gogri Chandrakant Gogri,Seed Funding,2000000.0
2774,14-05-2015,IndianRoots.com,Lifestyle E-commerce Portal,,Gurgaon,KJS Group,Private Equity,5000000.0
2775,14-05-2015,RedPolka,Online Fashion Aggregator,,Mumbai,Undisclosed Investors,Seed Funding,250000.0
2776,15-05-2015,Venturesity,Online Job skills Showcase,,Bangalore,Phanindra Sama Jay Sethuram Hemant Kanakia Ravi Trivedi,Seed Funding,270000.0
2779,19-05-2015,Chaayos,Offline Tea Chain,,New Delhi,Tiger Global Management,Private Equity,1000000.0
2780,19-05-2015,Akosha,Business Messaging App,,New Delhi,Sequoia Capital,Private Equity,16000000.0
2781,19-05-2015,Cooey,Health Mobile App,,Bangalore,Subhash Goyal,Seed Funding,470000.0
2782,19-05-2015,MeetUniv,Online Ed-Tech Platform,,Noida,Peesh Venture Capital,Seed Funding,1000000.0
2784,19-05-2015,Crown-it,Hyperlocal Mobile Marketplace,,Gurgaon,Accel Partners Helion Venture Partners,Private Equity,5500000.0
2785,19-05-2015,Trucksfirst,Trucking Logistic Operations,,Gurgaon,SAIF partners,Private Equity,10000000.0
2786,20-05-2015,Lookup,B2C Messaging App,,Bangalore,Biz Stone,Private Equity,3000000.0
2788,22-05-2015,Nudgespot,Customer Engagement Platform,,Bangalore,Kae Capital Anoop Goyal Mike Shah VA Sastry,Seed Funding,625000.0
2790,22-05-2015,EveningFlavors,Online Table Reservation,,Bangalore,Sandiep Shrivatsava,Seed Funding,500000.0
2792,25-05-2015,ZenParent,Parents focused Web Content,,Bangalore,i2india Ventures,Seed Funding,500000.0
2794,26-05-2015,UrbanPro,On-demand Service marketplace,,Bangalore,Nirvana Venture Advisors,Private Equity,2000000.0
2795,26-05-2015,Goodbox,On-Demand Business messaging,,Bangalore,Manipal Group,Seed Funding,200000.0
2796,26-05-2015,Renderlogy,Online Home Decor,,Hyderabad,Astarc Ventures,Private Equity,1000000.0
2797,27-05-2015,Postman,API Workflow platform,,Bangalore,Nexus Venture Partners,Seed Funding,1000000.0
2798,27-05-2015,Casa2inns,Affordable Hotel Booking Online,,New Delhi,Accel Partners Kalaari Capital,Private Equity,5000000.0
2799,27-05-2015,FleetRover,Logistics Intelligence,,Goa,Tim Chen Sanjay Venkat,Seed Funding,180000.0
2800,28-05-2015,TheKarrier,Last Mile Logistics,,Bangalore,Sol Primero Outbox Ventures Nikunj Jain,Seed Funding,240000.0
2801,28-05-2015,Zoomcar,Self-driven Car rental,,Bangalore,Sequoia Capital,Private Equity,5000000.0
2803,30-05-2015,Ather Energy,Electric Scooter Manufacturer,,Bangalore,Tiger Global,Private Equity,12000000.0
2804,03-04-2015,Swiggy,Online Food Delivery,,Bangalore,Accel Partners SAIF Partners,Private Equity,2000000.0
2805,04-04-2015,Bluegape,Web Content Publishing,,Gurgaon,Rudy Gopalakrishnan ah! Ventures,Seed Funding,200000.0
2806,04-04-2015,KeepTrax,Location Based App,,Dallas/Hyderabad,,Seed Funding,1000000.0
2807,06-04-2015,InstaLively,Video Streaming,,New Delhi,Rajesh Sawheny  Rajan Anandan Amit Ranjan Niraj Singh AECAL MeraEvents.,Seed Funding,120000.0
2808,07-04-2015,Pricejugaad,Price Comparison,,Hyderabad,Amit Tyagi Sandeep Acharya & others,Seed Funding,165000.0
2809,07-04-2015,Quikr,Online Classifieds,,Mumbai,Tiger Global Investment AB Kinnevik Steadview Capital,Private Equity,150000000.0
2810,07-04-2015,PressPlay,Travel Entertainment,,New Delhi,Sequoia Capital Jason Hirschhorn Jarett Posner and Amit Bhatiani,Seed Funding,2200000.0
2812,08-04-2015,FirstCry.com,E-commerce,,Pune,Silicon Valley Ventures NEA Ventures Valiant Capital IDG Ventures India SAIF Partners Vertex Ventures,Private Equity,10000000.0
2813,08-04-2015,MobiKwik,Digital/Mobile Wallet,,Gurgaon,Tree Line Asia Cisco Investments American Express Sequoia Capital,Private Equity,25000000.0
2814,08-04-2015,Olacabs,Cab Aggregator,,Bangalore,DST Global Steadview Capital Tiger Global Accel Partners & Others,Private Equity,400000000.0
2815,09-04-2015,Gadgetwood,Device Repair Svcs,,New Delhi,Ajai Chowdhry Ashvin Chadha Yogesh Bansal Nitin Singhal & Others,Seed Funding,200000.0
2816,09-04-2015,Bonhomia,Premium Beverages,,New Delhi,Kanwaljit Singh Shripad Nadkarni Sarvesh Shahra & Others,Seed Funding,2000000.0
2817,09-04-2015,Changer Mints,Digital/Mobile Wallet,,Kolkata,Hyderabad based investor,Seed Funding,165000.0
2818,09-04-2015,Urban Ladder,Online Furnishing E-commerce,,Bangalore,Sequoia Capital TR Capital Steadview Capital SAIF Partners Kalaari Capital,Private Equity,50000000.0
2820,10-04-2015,Whatfix,Interactive How-To Guides,,Bangalore,Helion Venture Partner Powerhouse Ventures GSF and Other angel investors,Seed Funding,900000.0
2822,11-04-2015,Zomato,Restaurant Reviews,,Gurgaon,Info Edge (India),Private Equity,25000000.0
2823,13-04-2015,ZopNow,Online Grocer,,Bangalore,Dragoneer Investment Accel Partners Qualcomm Ventures Times Internet,Private Equity,10000000.0
2824,13-04-2015,Nayi Disha,Ed-Tech,,New Delhi,Ajay Relan,Seed Funding,300000.0
2825,13-04-2015,The Porter,Logistics Tech,,Mumbai,Kae Capital,Seed Funding,500000.0
2826,13-04-2015,Commeasure,Online Hotel Booking,,Noida,Jungle Ventures,Seed Funding,1000000.0
2827,13-04-2015,Capricoast,Online Kitchen Furniture,,Bangalore,Accel Partners India,Seed Funding,1250000.0
2828,14-04-2015,LocalOye,Hyper-local Online Services,,Mumbai,Tiger Global Management Lightspeed Venture Partners,Private Equity,5000000.0
2829,15-04-2015,Grofers,Hyper-Local Online/Mobile Grocery,,Gurgaon,Tiger Global Sequoia Capital,Private Equity,35000000.0
2830,15-04-2015,PepperTap,Hyper-Local Online/Mobile Grocery,,Gurgaon,SAIF Partners Sequoia Capital,Private Equity,10000000.0
2831,15-04-2015,PolicyBazaar,Online Policy Aggregator,,Gurgaon,PremjiInvest Tiger Global Ribbit Capital,Private Equity,40000000.0
2832,16-04-2015,UrbanClap,Hyperlocal Mobile Services Marketplace,,New Delhi,SAIF Partners Accel Partners Kunal Bahl Rohit Bansal,Seed Funding,1600000.0
2833,16-04-2015,Taskbob,OnDemand Mobile Handyman Services,,Mumbai,Orios Venture Partners Mayfield India,Seed Funding,1200000.0
2834,17-04-2015,Robosoft,Mobile App Development,,Udupi,Ascent Capital Kalaari Capital,Private Equity,12000000.0
2837,20-04-2015,Pastiwala,Material Collection & Recycling,,Vadodara,Agnus Capital,Private Equity,4000000.0
2838,20-04-2015,1mg (Healthkartplus),Online Pharmacy & Drug DB,,Gurgaon,Deep Kalra Sequoia Capital Omidyar Network Intel Capital & Kae Capital,Private Equity,6000000.0
2839,20-04-2015,Freshdesk,Online/Mobile Customer Support,,Chennai,Tiger Global Google Capital & Accel Partners,Private Equity,50000000.0
2840,20-04-2015,Sulekha.com,Online Classifieds & Listings,,Chennai,GIC ventures,Private Equity,28000000.0
2842,22-04-2015,Eat.Shop.Love,Fashion E-commerce,,Bangalore,Undisclosed Investor,Private Equity,3500000.0
2843,22-04-2015,Avanti Learning,Private Coaching Centers,,New Delhi,Michael & Susan Dell Foundation Pearson Learning Fund,Private Equity,1500000.0
2844,23-04-2015,Simplilearn,Online Certification Courses,,Bangalore,Mayfield Ventures Kalaari Capital Helion Ventures,Private Equity,15000000.0
2845,23-04-2015,Craftstvilla,Ethnic Product E-commerce,,Mumbai,Sequoia Capital Nexus venture Partners Lightspeed Ventures GFC,Private Equity,18000000.0
2846,23-04-2015,HeadOut,Last Minute Travel Deals mobile marketplace,,Bangalore/SFO,Version One Ventures 500 Startups Nexus Venture Partners and Arena Ventures,Seed Funding,1800000.0
2847,23-04-2015,happay,usiness expense management,,Bangalore,AngelPrime,Seed Funding,500000.0
2848,23-04-2015,Jugnoo,Auto Rickshaw based Logistics,,Chandigarh,Rakesh Mathur Vikas Taneja & others,Seed Funding,1000000.0
2851,24-04-2015,Coverfox,Online Insurance Aggregator,,Mumbai,Accel US Accel India SAIF Partners.,Private Equity,12000000.0
2852,27-04-2015,Torqus,Restaurant Management Platform,,Pune,S S Mukherji & Others,Seed Funding,350000.0
2853,27-04-2015,Grab,Food Logistics & Delivery,,Mumbai,Oliphans Capital Haresh Chawla,Seed Funding,1000000.0
2854,27-04-2015,LogicRoots,Interactive Educational Games,,Jaipur,Ah! Ventures Calcutta Angels 91SpringBoard,Seed Funding,400000.0
2856,28-04-2015,Babajobs,Grey collar Job Board,,Bangalore,SEEK Ltd & affiliates,Private Equity,10000000.0
2858,28-04-2015,Jay Robotix,Robotic Program learning,,Hyderabad,Cross Border Angels & others,Seed Funding,250000.0
2859,28-04-2015,Naaptol.com,Tele-Shopping/E-commerce,,Mumbai,Mitsui & Co & existing investors,Private Equity,21500000.0
2860,29-04-2015,ReGlobe,Used Gadgets Buy/Refurbishing,,Gurgaon,Bessemer Ventures Blume Ventures,Seed Funding,1000000.0
2861,29-04-2015,Icertis,Cloud Enterprise Software,,Pune/US,Greycroft Partners Fidelity Growth Partners,Private Equity,6000000.0
2862,29-04-2015,Tracxn,Startup Analytics platform,,Bangalore,SAIF Partners,Private Equity,3500000.0
2864,29-04-2015,Tradelab,Financial Markets Software,,Bangalore,Rainmatter,Seed Funding,400000.0
2865,29-04-2015,PiQube,Hiring Analytics platform,,Chennai,The HR Fund,Seed Funding,500000.0
2866,29-04-2015,Travel Triangle,Online Travel Marketplace,,Noida,Bessemer Venture Partners SAIF Partners,Private Equity,8000000.0
2867,02-03-2015,TrulyMadly.com,,,,Helion Venture Partners Kae Capital,Private Equity,5500000.0
2868,02-03-2015,InstaLively,,,,Group of Angel Investors,Seed Funding,120000.0
2869,03-03-2015,Vserv,,,,Maverick Capital IDG Ventures India,Private Equity,15000000.0
2871,05-03-2015,Niffler,,,,SAIF Partners,Seed Funding,1000000.0
2872,05-03-2015,CustomFurnish.com,,,,Madhukar Gangadi Satish Reddy Srini Raju Srini Koppolu & SIDBI,Private Equity,2500000.0
2873,06-03-2015,MapMyGenome,,,,Rajan Anandan & other angel investors,Private Equity,1200000.0
2874,09-03-2015,Crowdfire (formerly Justunfollow),,,,Kalaari Capital,Private Equity,2500000.0
2875,09-03-2015,Bite Club,,,,Powai Lake Ventures Aneesh Reddy Ashish Kashyap Alok Mittal,Seed Funding,500000.0
2877,11-03-2015,Appedo,,,,Undisclosed Investors,Seed Funding,1000000.0
2878,11-03-2015,Fitraq.com,,,,Tarun Arora,Seed Funding,150000.0
2879,11-03-2015,ChargeBee,,,,Tiger Global Accel Partners,Private Equity,5000000.0
2880,11-03-2015,Groupon India,,,,Sequoia Capital,Private Equity,20000000.0
2882,12-03-2015,MoonFrog Labs,,,,Tiger Global Sequoia Capital.,Private Equity,15000000.0
2883,13-03-2015,Foodpanda,,,,Rocket Internet AG & others,Private Equity,110000000.0
2885,13-03-2015,DiabetOmics,,,,VentureEast Varaprasad Reddy,Private Equity,5000000.0
2887,14-03-2015,Daily Rounds,,,,Kae Capital GSF Teruhide Sato,Seed Funding,500000.0
2888,14-03-2015,Orobind,,,,Zishaan Hayath Lalit Mangal Harpreet Singh Grover,Seed Funding,200000.0
2890,16-03-2015,Digital Gorkha,,,,Ramesh kavediya,Seed Funding,166000.0
2891,16-03-2015,NestAway,,,,IDG Ventures Naveen Tewari,Seed Funding,1300000.0
2892,16-03-2015,The Better India,,,,I-cube-N,Seed Funding,166000.0
2893,16-03-2015,Meru Cabs,,,,Value Fund Advisors,Private Equity,50000000.0
2895,18-03-2015,Drivestream,,,,Wipro,Private Equity,5000000.0
2896,18-03-2015,wWhere,,,,Group of Angel Investors,Seed Funding,200000.0
2898,19-03-2015,Tripoto,,,,IDG Ventures Outbox Ventures,Private Equity,2000000.0
2899,19-03-2015,Graphic India,,,,CA Media LP Start Media.,Seed Funding,2800000.0
2901,20-03-2015,Lets Corp,,,,Wu Chay Chin,Seed Funding,3000000.0
2902,20-03-2015,CollateBox,,,,LetsVenture,Seed Funding,180000.0
2903,20-03-2015,Mahindra First Choice,,,,Valiant Capital,Private Equity,15000000.0
2905,23-03-2015,RazorPay,,,,Y Combinator,Seed Funding,120000.0
2907,24-03-2015,Furlenco,,,,LightBox Ventures,Private Equity,6000000.0
2908,24-03-2015,Cubito,,,,Sol Primero,Seed Funding,160000.0
2909,25-03-2015,Teabox,,,,JAFCO Asia Keystone Group Dragoneer Investment Accel Partners,Private Equity,6000000.0
2910,25-03-2015,Artoo,,,,Accion Venture Labs Rianta Capital,Private Equity,500000.0
2911,25-03-2015,Fxkart.com,,,,Dr Mushtaq Shah Dr Faraz Naqvi,Seed Funding,2000000.0
2913,25-03-2015,OYO Rooms,,,,Greenoaks capital Sequoia Capital LightSpeed Ventures,Private Equity,25000000.0
2914,26-03-2015,Roposo.com,,,,Tiger Global Management Indian Quotient Binny Bansal,Private Equity,5000000.0
2915,26-03-2015,Teewe,,,,Sequoia Capital India Quotient,Seed Funding,1750000.0
2917,27-03-2015,Urjas,,,,Solidarity Venture Capital & others,Seed Funding,100000.0
2918,27-03-2015,Chargein,,,,Pittie Group,Seed Funding,100000.0
2919,28-03-2015,Yogurt Labs,,,,Nick Adams Kiran Bhat Family Pot Investments LLP,Seed Funding,115000.0
2920,28-03-2015,LimeRoad.com,,,,Tiger Global Matrix Partners Lightspeed Venture Partners,Private Equity,30000000.0
2921,28-03-2015,Team Indus,,,,Nandan Nilekani Rajiv Mody Ajai Chowdhary,Private Equity,1500000.0
2922,30-03-2015,Arohan Financial Services,,,,Tano Capital,Private Equity,10000000.0
2923,30-03-2015,BillDesk,,,,TA Associates,Private Equity,75000000.0
2924,31-03-2015,Triphobo,,,,Mayfield Ventures Kalaari Capital,Private Equity,3000000.0
2925,31-03-2015,Aryaka,,,,Trinity Ventures InterWest Partners Mohr Davidow Ventures Presidio Ventures,Private Equity,16000000.0
2926,31-03-2015,Appsdaily,,,,Zodius Capital Ru-Net Kalaari Capital Qualcomm Ventures,Private Equity,16000000.0
2927,02-02-2015,Faaya,,,,Group of Angel Investors,Seed Funding,16600.0
2928,02-02-2015,InstaBounce,,,,Group of Angel Investors,Seed Funding,16600.0
2929,02-02-2015,Chloroplast Foods,,,,Group of Angel Investors,Seed Funding,16600.0
2930,02-02-2015,Dealwithus,,,,Group of Angel Investors,Seed Funding,16600.0
2931,02-02-2015,CleverSharks,,,,Group of Angel Investors,Seed Funding,16600.0
2932,02-02-2015,Leaf,,,,Group of Angel Investors,Seed Funding,16600.0
2933,02-02-2015,SmartPocket,,,,Sol Primero Rajiv Mehta,Seed Funding,250000.0
2934,02-02-2015,Yumist,,,,Orios Venture Partner,Private Equity,1000000.0
2936,02-02-2015,FirstCry,,,,Valiant Capital Partners,Private Equity,26000000.0
2937,02-02-2015,HolaChef,,,,India Quotient,Seed Funding,325000.0
2938,03-02-2015,Frsh.co.in,,,,India Quotient Kae Capital,Seed Funding,518000.0
2939,03-02-2015,Manthan,,,,Temasek Norwest Venture Partners,Private Equity,60000000.0
2941,05-02-2015,Culture Machine,,,,Tiger Global Times Internet Zodius Capital,Private Equity,18000000.0
2943,05-02-2015,Aisle.co,,,,Anand Vijay Shashank Mehrotra & Others,Seed Funding,100000.0
2944,06-02-2015,FreeCharge,,,,Valiant Capital Tybourne Capital Sequoia Capital RuNet and Sofina,Private Equity,80000000.0
2945,06-02-2015,NewsHunt,,,,Falcon Edge Capital Matrix Partners India Sequoia Capital India and Omidyar Network,Private Equity,40000000.0
2946,09-02-2015,MyNoticePeriod,,,,IDG Ventures,Private Equity,3000000.0
2948,09-02-2015,Faasos,,,,Lightbox Ventures,Private Equity,20000000.0
2951,11-02-2015,Capital Float,,,,SAIF Partners Sequoia Capital Aspada,Private Equity,13000000.0
2952,11-02-2015,Nimble Wireless,,,,AngelPrime,Seed Funding,3000000.0
2955,12-02-2015,Stayzilla,,,,Nexus Venture Partners Matrix Partners,Private Equity,20000000.0
2956,12-02-2015,Practo,,,,Sequoia Capital Matrix Partners,Private Equity,30000000.0
2958,13-02-2015,20Dresses,,,,Srinivas Aluri Srinivas Modukury BS Nagesh,Seed Funding,1000000.0
2959,13-02-2015,Itzcash,,,,Ashok Goel (promoter),Private Equity,16500000.0
2960,16-02-2015,NewsInShorts,,,,Tiger Global Rebright Partners Sachin and Binny Bansal,Private Equity,4150000.0
2961,16-02-2015,iTraveller.com,,,,ah! Ventures,Private Equity,1000000.0
2963,18-02-2015,Wooplr.com,,,,Helion Venture Partners,Private Equity,5000000.0
2964,19-05-2015,Springleap,,,,Cross Border Angels,Seed Funding,800000.0
2965,20-02-2015,Klip.in,,,,Calcutta Angels Venture Nursery Angels Mumbai Angels,Seed Funding,500000.0
2966,20-02-2015,Renderlogy,,,,Brick Eagle,Private Equity,1600000.0
2967,21-02-2015,Appbase,,,,DA-IICT Techstars Carnegie Mellon University Startup Brasil program,Seed Funding,290000.0
2968,23-02-2015,HomeLane,,,,Sequoia Capital Ranjan Pai Mohandas Pai & others,Private Equity,4500000.0
2969,23-02-2015,Trip38,,,,InterGlobe Technology Quotient Lantern Capital,Private Equity,1000000.0
2970,23-02-2015,Smartairtrip.com,,,,Undisclosed,Private Equity,10000000.0
2971,23-02-2015,NoBroker,,,,SAIF Partners Fulcrum Ventures,Private Equity,3000000.0
2972,24-02-2015,Caravan Craft Retail,,,,Unitus Seed Fund Narayan Ramachandran Bijou Kurien,Seed Funding,500000.0
2974,25-02-2015,Clonect Solutions,,,,V Balakrishnan T V Mohandas Pai BC Prabhakar,Seed Funding,250000.0
2975,25-02-2015,TaxSutra,,,,V Balakrishnan T V Mohandas Pai,Seed Funding,160000.0
2977,25-02-2015,Sattviko,,,,Sumit Jain Rajat Jain Sanjay Bhasin,Seed Funding,320000.0
2978,25-02-2015,IndustryBuying,,,,SAIF Partners,Private Equity,2000000.0
2980,26-02-2015,TinyOwl,,,,Matrix Partners Sequoia Capital Nexus Venture Partners,Private Equity,16000000.0
2981,27-02-2015,Momoe,,,,IDG Ventures India Jungle Ventures India Quotient.,Seed Funding,1200000.0
2982,27-02-2015,Grofers,,,,Tiger Global Management Sequoia Capital India,Private Equity,10000000.0
2983,02-01-2015,LensKart,,,,TPG Growth TR Capital IDG Ventures,Private Equity,2150000.0
2984,02-01-2015,VioletStreet,,,,Venkat Vallabhneni Sudhakar Reddy Srinivasa Rao Paturi,Seed Funding,315000.0
2985,05-01-2015,Lookup,,,,DeNA Co. Japan & Teruhide Sato (in Addition to MKS Switzerland & Kris GopalKrishnan),Seed Funding,380000.0
2986,05-01-2015,#Fame,,,,TO THE NEW Ventures,Private Equity,10000000.0
2987,05-01-2015,Gympik,,,,Tom Clausen Rohan Ajila Haldyn Glass,Seed Funding,135000.0
2988,06-01-2015,Near.in,,,,Anupam Mittal Manish Vij Prashant Tandon Gaurav Agarwal Akash Agarwal Himanshu Aggarwal Kevin Parikh,Seed Funding,285000.0
2990,06-01-2015,NumberMall,,,,SRI Capital,Private Equity,10000000.0
2991,06-01-2015,Tookitaki,,,,Jungle Ventures Redbright Partners Blume Ventures,Private Equity,1000000.0
2992,06-01-2015,Frankly,,,,Matrix Partners,Seed Funding,600000.0
2994,07-01-2015,Nurturey,,,,Seedrs Crowd funding platform,Crowd funding,125000.0
2996,07-01-2015,Stridalyzer,,,,Kickstarter,Crowd Funding,30768.0
2997,07-01-2015,Commonfloor,,,,Google Capital,Private Equity,5000000.0
2999,09-01-2015,YepMe,,,,JS Capital Helion Venture Partners Capricorn Investment Group,Private Equity,13000000.0
3002,12-01-2015,MyDreamStore,,,,Undisclosed Investors,Seed Funding,290000.0
3004,14-01-2015,RateGain,,,,TA Associates,Private Equity,50000000.0
3005,15-01-2015,Wishberry,,,,Rajan Anandan Shankar Mahadevan Deep Kalra & Others,Seed Funding,650000.0
3006,16-01-2015,eKincare,,,,Adroitent Pvt. Ltd.,Seed Funding,161000.0
3007,18-01-2015,ShopClues,,,,Tiger Global & Other investors,Private Equity,100000000.0
3008,19-01-2015,Refiral,,,,Cogent E Services,Seed Funding,330000.0
3010,19-01-2015,HealthyWorld.in,,,,Group of Angel Investors,Seed Funding,200000.0
3011,19-01-2015,Hostel Dunia,,,,Hyderabad Angels (at Startup Heroes event),Seed Funding,16000.0
3012,19-01-2015,Play your sport,,,,Hyderabad Angels (at Startup Heroes event),Seed Funding,16000.0
3013,19-01-2015,Yo Grad,,,,Hyderabad Angels (at Startup Heroes event),Seed Funding,16000.0
3014,19-01-2015,Enabli,,,,Hyderabad Angels (at Startup Heroes event),Seed Funding,16000.0
3015,19-01-2015,CBS,,,,Hyderabad Angels (at Startup Heroes event),Seed Funding,16000.0
3016,20-01-2015,Hopscotch,,,,Eduardo Saverin & Velos Capital,Private Equity,11000000.0
3018,20-01-2015,HealthyWorld.in,,,,Group of Angel Investors,Seed Funding,200000.0
3019,21-01-2015,Simplilearn,,,,Mayfield India Kalaari Capital Helion Ventures,Private Equity,14750000.0
3020,21-01-2015,MyDreamStore,,,,Undisclosed Investors,Seed Funding,325000.0
3022,21-05-2015,Villgro,,,,Michael & Susan Dell Foundation,Seed Funding,3250000.0
3023,22-01-2015,Corporate360,,,,Group of Angel Investors,Seed Funding,200000.0
3026,22-01-2015,Antuit,,,,Goldman Sachs Zodius Capital,Private Equity,56000000.0
3027,22-01-2015,Caratlane.com,,,,Tiger Global,Private Equity,31000000.0
3028,24-01-2015,Aasaanjobs,,,,Inventus Capital Partners IDG Ventures,Seed Funding,1500000.0
3030,25-01-2015,Thrill App,,,,People Group (Shaadi.com),Private Equity,1000000.0
3031,27-01-2015,CarDekho.com,,,,Hillhouse Capital Tybourne Capital,Private Equity,50000000.0
3032,28-01-2015,Grabhouse.com,,,,Kalaari Capital Sequoia Capital,Private Equity,2500000.0
3033,29-01-2015,Printvenue,,,,Asia Pacific Internet Group,Private Equity,4500000.0
3034,29-01-2015,Graphene,,,,KARSEMVEN Fund,Private Equity,825000.0
3035,30-01-2015,Mad Street Den,,,,Exfinity Fund GrowX Ventures.,Private Equity,1500000.0
3037,31-01-2015,couponmachine.in,,,,UK based Group of Angel Investors,Seed Funding,140000.0
