Sr No,Date dd/mm/yyyy,Startup Name,Industry Vertical,Sub Vertical,City  Location,Investors Name,Investment Type,Amount in USD,Remarks||
"1,12/12/19,Ecozen,Technology,Agritech,Pune,Sathguru Catalyzer Advisors,Series A,""60,00,000"","||
"2,06/12/19,CarDekho,E-Commerce,Automobile,Gurgaon,Ping An Global Voyager Fund,Series D,""7,00,00,000"","||
"3,03/12/19,Dhruva Space,Aerospace,Satellite Communication,Bengaluru,""Mumbai Angels, Ravikanth Reddy"",Seed,""5,00,00,000"","||
"4,13/12/19,Rivigo,Technology,Logistics Services and Solutions,Gurgaon,""SAIF Partners, Spring Canter Investment Ltd."",Series F,""2,00,00,000"","||
"5,17/12/19,Healthians,B2B-focused foodtech startup,Food Solutions For Corporate,Bengaluru,""Paytm, NPTK, Sabre Partners and Neoplux"",Series C,""1,20,00,000"","||
"6,16/12/19,Licious,E-Commerce,Online Meat And Seafood Ordering Startup,Bengaluru,Vertex Growth Fund,Series E,""3,00,00,000"","||
"7,16/12/19,InCred,Finance,Non-Banking Financial Company,Mumbai,,Debt Funding,""59,00,000"","||
"8,14/12/19,Trell,Video,Experience Discovery Platform,Bengaluru,Ruizheng Investment,Seed Round,""20,00,000"","||
"9,11/12/19,Rein Games,Gaming,Real money based gaming startup,Noida,Manipal Education and Medical Group (MEMG),Seed Round,""5,00,00,000"","||
"10,20/12/19,Lenskart.com,E-Commerce,Online Eyewear Shopping Portal,Faridabad,SoftBank Vision Fund,Series G,""23,10,00,000"","||
"11,13/11/19,Freshworks,Software,Business and customer engagement tools,San Francisco,""Sequoia, CapitalG, Accel"",Series H,""15,00,00,000"","||
"12,14/11/19,Misters,Health and wellness,Men's Health and Wellness brand,Gurgaon,""Sauce.vc, Rainforest Ventures"",Series B,""4,86,000"","||
"13,13/11/19,Sunstone Eduversity Pvt. Ltd,Education,Elearning,Gurgaon,""Prime Venture Partners, LetsVenture, PS1 Venture and GlobalLogic co-founder Rajul Garg"",Seed,""15,00,000"","||
14,17/11/19,Burger Singh,Food and Beverage,Indian Burger Brand,Gurgaon,RB Investments,Venture,undisclosed,||
"15,18/11/19,Healthians,Health and Wellness,Healthcare services,Gurgaon,""DG Daiwa Ventures, DG Incubation"",Series B,""1,20,00,000"","||
"16,15/11/19,Ninjacart,B2B Marketing,Agritech,Bengaluru,Trifecta Capital Advisors,Debt Funding,""2,60,00,000"","||
"17,20/11/19,Aye Finance,FinTech,Financial Services To MSMEs,Gurgaon,FinTech,Debt Funding,""1,74,11,265"","||
"18,12/11/19,SuperGaming,Video Games,Social gaming platform,Pune,Dream Incubator,Seed Funding,""13,00,000"","||
"19,20/11/19,Clumio,SaaS,Recovery software,""San Jose,"",""Altimeter Capital, Sutter Hill Ventures"",Series C,""13,50,00,000"","||
"20,11/11/19,eBikeGo,Last Mile Transportation,Electric bike rental,Amritsar,Startup Buddy,Seed,""3,00,000"","||
"21,19/11/19,Digital Mall Asia,E-Commerce,Virtual e-commerce platform,Delhi,Amour Infrastructure,Seed Funding,""22,00,00,000"","||
"22,18/11/19,Medikabazaar,Healthcare,B2B platform for medical supplies,Mumbai,""Ackermans & van Haaren, HealthQuad, Rebright Partners, Toppan Printing"",Series B,""1,58,00,000"","||
"23,15/11/19,Vogo Automotive,Last Mile Transportation,Scooter sharing app,Kormangala,""Matrix Partners, Stellaris Venture Partners, Kalaari Capital"",Series B,""28,30,00,000"","||
"24,19/11/19,Furtados School of Music,Education,Music Education,Tulangan,IAN Fund and DSG Consumer Partners,,""20,00,00,000"","||
"25,25/11/19,Paytm,FinTech,Mobile Wallet,Noida,Vijay Shekhar Sharma,Funding Round,""1,00,00,00,000"","||
"26,04/10/19,Dunzo,Customer Service,Delivery Service,Bengaluru,Lightbox,Series D,""4,50,00,000"","||
"27,02/10/19,Udaan,B2B,Business development,Bengaluru,""Altimeter Capital, DST Global"",Series D,""58,50,00,000"","||
28,21/10/19,The Man Company,Consumer Goods,Beauty and Grooming,Gurgaon,Ayushmann Khurana,Corporate Round,unknown,||
"29,05/09/19,FPL Technologies,FinTech,Financial Services,Pune,""Matrix Partners India, Sequoia India"",Maiden Round,""45,00,000"","||
"30,04/09/19,Cashflo,FinTech,Invoice discounting platform and SME lending marketplace,Mumbai,SAIF Partners,Series A,""33,00,000"","||
"31,04/09/19,Digital F5,""Advertising, Marketing"",Digital marketing firm,Mumbai,TIW Private Equity,Private Equity Round,""60,00,000"","||
"32,04/09/19,3rdFlix,SaaS,Education Technology,Hyderabad,Exfinity Venture Partners,pre-series A,""50,00,000"","||
"33,04/09/19,75F,IoT,Building automation system,Burnsville,Breakthrough Energy Ventures,Series A,""1,80,00,000"","||
"34,04/09/19,Myelin Foundry,Information Technology,Deep-technology,Bengaluru,Endiya Partners,Seed,""10,00,000"","||
"35,04/09/19,Atomberg Technology,Consumer Technology,""Consumer Electronics, Home Appliances"",Mumbai,A91 Partners,Series A,""1,00,00,000"","||
"36,04/09/19,GOQii,Health and Wellness,Wearable Fitness Bands,Menlo Park,Bennett Coleman and Company Ltd (BCCL),Series C,""45,00,00,000"","||
"37,03/09/19,Vyapar App,Accounting,Mobile-based Accounting Software,Bengaluru,""India Quotient, Axilor Ventures"",Series A,""50,00,000"","||
"38,01/08/19,CarDekho,E-Commerce,Automotive,Gurgaon,SC GG India Mobility Holdings LLC,Series C,""2,00,00,000"",nan"||
"39,01/08/19,Progcap,Finance,Supply Chain Management,New Delhi,Sequoia India,Series A,""50,00,000"",nan"||
"40,01/08/19,MyPetrolPump,Retail,Fuel Delivery,Bengaluru,,Seed Funding Round,""16,00,000"",nan"||
"41,01/08/19,Alteria Capital,Finance,VC Funds,Mumbai,""Azim Premji, Binny Bansal"",Single Venture,""14,00,00,000"",nan"||
"42,01/08/19,Pine Labs,Information Technology,Last-mile retail transaction technology,Noida,Pine Labs Pte Ltd,Corporate Round,""3,80,80,000"",nan"||
"43,12/08/19,Meesho,E-Commerce,Social Commerce,Bengaluru,Naspers,Series D,""12,50,00,000"",nan"||
"44,13/08/19,Cars24,E-Commerce,Car Retail,Gurugram,MS Dhoni,Series D,""1,10,00,000"",nan"||
"45,13/08/19,Uniphore,Customer Service Platform,Conversational AI,Palo Alto,March Capital Partners,Series C,""5,10,00,000"",nan"||
"46,23/08/19,Zendrive,Automotive,Road Safety Analytics,San Francisco,XL Innovate,Series B,""3,70,00,000"",nan"||
"47,23/08/19,Lo! Foods,Consumer Goods,Low carb food for Diabetics,Bengaluru,""Rashmi Daga (founder, FreshMenu), Raveen Sastry (co-founder, Myntra) and Mitesh Shah (finance chief, BookMyShow)"",Seed Round,""5,00,000"",nan"||
"48,23/08/19,Tala,FinTech,Digital Lending Platform,Santa Monica,RPS Ventures,Series D,""11,00,00,000"",nan"||
"49,22/08/19,INDwealth,FinTech,Wealth Management,Gurgaon,Tiger Global Management,Venture Round,""1,50,00,000"",nan"||
"50,21/08/19,HungerBox,Food and Beverage,B2B Foodtech,Bengaluru,One97 Communications Ltd.,Series C,""65,90,000"",nan"||
"51,23/08/19,AdmitKard,EdTech,University Admissions,Noida,Growth DNA,Seed Round,""10,00,000"",nan"||
52,19/08/19,Mishry Reviews,Services,Product Review,Gurgaon,Vir Sanghvi,Series A,Undisclosed,nan||
"53,19/08/19,Grofers,E-Commerce,Grocery Delivery,Gurgaon,Softbank Vision Fund,Series F,""7,00,00,000"",nan"||
"54,27/08/19,Rapido Bike Taxi,Transportation,Bike Taxi,Bengaluru,Westbridge Capital,Series B,""3,90,00,00,000"",nan"||
"55,02/07/19,RenewBuy,Finance,Auto Insurance,Gurgaon,""Lok Capital, IIFL Wealth"",Series B,""1,90,00,000"",nan"||
"56,02/07/19,Atlan,Information Technology,Big Data,Singapore,WaterBridge Ventures,Pre-Series A,""25,00,000"",nan"||
"57,01/07/19,WizCounsel,Compliance,Consulting,New Delhi,Kapil Dev,Angel,""1,45,000"",nan"||
"58,03/07/19,Ola Cabs,Transport,Cabs,Kormangala,""DIG Investment Ab, Deshe Holdings, Samih Toukan and Hussam Khoury"",Series J,""10,00,000"",nan"||
"59,01/07/19,Uniphore,Artificial Intelligence,Speech Recognition,Taramani,March Capital Partners,Series C,""3,80,80,000"",nan"||
"60,04/07/19,Daalchini Technologies,Food and Beverage,Digital Vending Machine,New Delhi,Artha Venture,Seed Round,""5,00,000"",nan"||
"61,10/07/19,""""""BYJU\\'S"""""",EdTech,Education,Bengaluru,Qatar Investment Authority,Private Equity Round,""15,00,00,000"",nan"||
"62,11/07/19,Moglix,E-Commerce,Industrial Tools and Equipments,Singapore,""Composite Capital Management, Sequoia Capital India, Tiger Global Management"",Series D,""6,00,00,000"",nan"||
"63,10/07/19,Ezyhaul,Tech,Logistics,Singapore,Undisclosed,Series B,""1,60,00,000"",nan"||
"64,10/07/19,Indus OS,Tech,Smartphone Operating System,Andheri,Ventureast,Series B,""57,50,000"",nan"||
"65,10/07/19,HealthAssure,Health Care,Primary care medical network,Mumbai,Blume Ventures,Series A,""25,00,000"",nan"||
"66,09/07/19,House of Msasaba,Luxury Label,Clothes and Apparel,Mumbai,Binny Bansal,Series A,""10,00,000"",nan"||
"67,08/07/19,Board Infinity,EdTech,Full-stack career platform,Chembur,Multiple Angel Investors,Angel Round,""3,19,605"",nan"||
"68,05/06/19,NoBroker,E-Commerce,Real Estate,Bengaluru,General Atlantic,Series C,""5,10,00,000"",nan"||
"69,04/06/19,Bira91,Food and Beverage,Brewery,New Delhi,Anicut Capital,Debt Funding,""1,00,00,000"",nan"||
"70,03/06/19,FabHotels,E-Commerce,Hospitality,Gurgaon,""Goldman Sachs, Accel Partners and Qualcomm"",,""48,89,975.54"",nan"||
"71,03/06/19,Avail Finance,Finance,FinTech,Bengaluru,Matrix Partners,Series A,""90,00,000"",nan"||
"72,04/06/19,BharatPe,Finance,FinTech,New Delhi,Insight Partners,Series B,""7,50,00,000"",nan"||
"73,04/06/19,Recykal,Waste Management Service,Optimization,Hyderabad,""Triton Investment Advisors, Pidilite Industries director Ajay Parekh"",pre-Series A,""2,60,00,000"",nan"||
"74,03/06/19,Agara Labs,Deep-Tech,Artificial Intelligence,Bengaluru,Blume Ventures and RTP Global,pre-Series A,""25,00,000"",nan"||
"75,06/06/19,Sistema.bio,Agriculture,Hybrid Reactor Biodigestor,Nairobi,""Shell Foundation, DILA CAPITAL, Engie RDE Fund, EcoEnterprise Fund, EDFIMC (ElectriFI), Endeavor Catalyst Fund, CoCapital, Triodos, Alpha Mundi, and Lendahand"",,""27,39,034.68"",nan"||
"76,06/06/19,Chakr Innovation,Energy,Renewable Energy,New Delhi,IAN Fund,Series A,""2,60,00,000"",nan"||
"77,06/06/19,Pratilipi,Digital Media,E-Books,Bengaluru,Qiming Venture Partners,Series B,""1,51,09,500.00"",nan"||
"78,10/06/19,Bolo App,Digital Media,Video Platform,Bengaluru,Nexus Venture Partners,Seed Funding,""4,30,200"",nan"||
"79,10/06/19,OkCredit,FinTech,Financial Services,Haryana,Tiger Global Management,Series A,""1,55,00,000"",nan"||
"80,06/06/19,Biz2Credit,FinTech,Online Lending Platform,New York,WestBridge Capital,Series B,""5,20,00,000"",nan"||
"81,08/06/19,Vogo Automotive Pvt. Ltd.,Transportation,Dockless Scooter Rental Company,Karnataka,Alteria Capital,Debt Funding,""35,84,000"",nan"||
"82,04/06/19,Leegality,Services,Digital Documentation,Mumbai/Bengaluru,Mumbai Angels,Series A,""34,00,000"",nan"||
83,06/05/19,Ola Electric,Transport,Cabs,Bengaluru,Tata Sons,Series A,undisclosed,nan||
"84,06/05/19,Saahas Zero Waste,Waste Management Service,Optimization,Bengaluru,C4D Partners,Venture - Series Unknown,""8,68,600"",nan"||
"85,05/05/19,StyleDotMe,E-commerce,Fashion and Shopping,Delhi,""Indian Angel Network and other angel investors, Innov8 founder Ritesh Malik, Josh Talks founders Supriya Paul and Shobha Banga, and former Hero Corporate president Rohit Chanana"",Bridge Round,undisclosed,nan"||
"86,01/05/19,BlackBuck,Transport,Logistics,Bengaluru,""Goldman Sachs Investment Partners and Silicon Valley-based Accel, Wellington, Sequoia Capital, B Capital, LightStreet, Sands Capital and International Finance Corporation,"",Series D,""15,00,00,000"",nan"||
"87,02/05/19,Zenoti,Saas,Beauty and Wellness Industry,Hyderabad,Tiger Global Management,Series C,""5,00,00,000"",nan"||
"88,28/05/19,Ather Energy,Automobile,Electric Vehicle,Bengaluru,Sachin Bansal,Series C,""5,10,00,000"",nan"||
"89,28/05/19,FreshVnF,Agtech,Fresh Agriculture Produces,Mumbai,Equanimity Ventures,Seed Round,""14,00,00,000"",nan"||
"90,30/05/19,GlowRoad,E-commerce,Retail,Bengaluru,""Korea Investment Partners, Vertex Ventures"",Series B,""1,15,00,000"",nan"||
"91,31/05/19,Bira91,Food and Beverage,Brewery,New Delhi,Sixth Sense Ventures,Series B,""56,00,000"",nan"||
"92,16/04/19,Kuvera,Finance,Wealth Management,Bengaluru,Eight Roads,Series A,""4,50,00,000"",nan"||
"93,12/04/19,Medlife,E-commerce,Online Medicine,Bengaluru,Prasid Uno Family Trust,Private Equity,""1,70,00,000"",nan"||
"94,10/04/19,Kabadiwala,E-commerce,Waste Management,Bhopal,""Unilever, Beehive Capital Advisor, ABCOM Investments, Parekh Marine Transport,"",Private Equity,""4,30,665"",nan"||
"95,13/04/19,Tripoto,Social Media,Travel,New Delhi,""Orchid India, Hornbill Orchid India Fund, Chiratae Ventures (formerly IDG Ventures), 3one4 Capital, Lasmer NV"",Series B,""35,91,375"",nan"||
"96,12/04/19,Azah,Health and Wellness,Organic wellness,Gurugram,Unnamed angel investors,Seed Funding,""2,00,000"",nan"||
"97,11/04/19,Setu,Fintech,Banking,Bengaluru,Lightspeed India Partners,Seed Funding,""35,00,000"",nan"||
"98,10/04/19,Toppr,Edtech,E-learning,Mumbai,Milestone,Debt and Preference capital,""63,20,820"",nan"||
"99,10/04/19,Craftsvilla,E-commerce,Fashion and Apparel,Mumbai,Supera Pte Ltd,Inhouse Funding,""24,43,495"",nan"||
"100,10/04/19,Unacademy,Edtech,E-learning,Bengaluru,Kalyan Krishnamurthy,Seed/ Angel Funding,""3,07,000"",nan"||
"101,11/04/19,CleverTap,SaaS,Mobile analytics and marketing,Mumbai,""Sequoia India, Tiger Global Management, Accel Partners"",Series B,""2,60,00,000"",nan"||
"102,19/04/19,My Healthcare,E-commerce,Software Solutions,Bengaluru and Gurugram,Sixth Sense Ventures,Series A,""30,00,000"",nan"||
"103,19/04/19,KrazyBee,E-commerce,Lending Platform,Bengaluru,""BAC Acquisitions, Unifi AIF, BRD Securities, Northern R Capital"",Debt,""14,342,000+"",nan"||
"104,17/04/19,Shuttl,Transportation,Bus Aggregation,Gurugram,New Atlantic Ventures,Venture Round,""50,00,000"",nan"||
"105,17/04/19,Increff,Technology,Supply-chain technology solutions,Bengaluru,""021 Capita, Binny Bansal"",Series A,""30,00,000"",nan"||
106,01/02/19,FleetX,AI,Logistics,Gurgaon,India Quotient and LetsVenture\\xe2\\x80\\x99s Angel Fund,Pre Series A,Undisclosed,nan||
"107,08/02/19,Zilingo,Ecommerce,Fashion & Apparel,India/Singapore,""Sequoia Capital and Temasek Holdings, EDBI, Burda Principal Investments, and Sofina"",Series D,""22,60,00,000"",nan"||
"108,13/02/19,NanoClean Global,Nanotechnology,Anti-Pollution,New Delhi,""LetsVenture, PitchRight Venture, 91SpringBoard, AL Nour International Holdings and Mark V Investments"",Series A,""6,00,000"",nan"||
"109,14/02/18,OyoRooms,Hospitality,Budget Rooms,Gurgaon,DiDi Chuxing,Equity,""10,00,00,000"",nan"||
"110,03/01/19,CarDekho,Automobile,Online Marketplace,Jaipur,""Sequoia India, Hillhouse Capital, Alphabet\\xe2\\x80\\x99s growth investment arm Capital G and Axis Bank"",Series C,""11,00,00,000"",nan"||
"111,04/01/19,Vyome Therapeutics Inc.,Health and Wellness,Specialty pharmaceutical,India/US,""Iron Pillar, Perceptive Advisors, Romulus Capital and Kalaari Capital"",Series D,""2,20,00,000"",nan"||
"112,04/01/19,Samunnati Financial Intermediation & Services Pvt. Ltd,Finance,Non-banking financial company,Chennai,""MASSIF, a Dutch government fund"",Debt-Funding,""50,00,000"",nan"||
"113,04/12/18,Manch,Social Media,Hyperlocal Content,Delhi,Stellaris Venture Partners,Seed Funding,""7,00,000"",nan"||
"114,01/12/18,UrbanClap Technologies Pvt. Ltd,Services Platform,Home services marketplace,New Delhi,Steadview Capital and Vy Capital.,Series D,""5,00,00,000"",nan"||
"115,02/12/18,Guiddoo,Travel Tech,Platform for travel agents,Mumbai,Individual Investors,Pre-Series A,""8,00,000"",nan"||
"116,02/12/18,Career Anna,Online Education,""Video-based certification, trainings"",Gurugram,Individual Investors,Pre-Series A,""5,72,000"",nan"||
"117,04/12/18,Nagpur Wholesale,Online Marketplace,eCommerce,Nagpur,Omphalos Ventures India LLP,Seed Funding,""1,43,000"",nan"||
"118,06/12/18,ShopKirana,B2B,eCommerce,Indore,""Info Edge, AET Fund, Akatsuki and Incubate Fund from Japan and Better Capital AngelList syndicate."",Seed Funding,""20,00,000"",nan"||
"119,06/12/18,BuildSupply,""SaaS, Ecommerce"",""Real Estate, ERP"",Gurugram,""Venture Highway, GREE Ventures, Space Matrix, Individual Investors"",Series A,""35,00,000"",nan"||
"120,01/11/18,GoDesi,Food and Beverage,Regional Flavours,Bengaluru,Lead Angels Network,Seed/ Angel Funding,""1,38,995"",nan"||
"121,03/11/18,Veritas Finance Ltd.,NBFC,MSME Finance,Chennai,""Norwest Venture Partners, CDC Group, the UK\\xe2\\x80\\x99s Development Finance Institution and P Surendra Pai"",Series D,""2,77,99,000"",nan"||
"122,06/11/18,Meesho,Ecommerce,Social Commerce,Bengaluru,""Shunwei Capital, DST Partners and RPS Ventures"",Series C,""5,00,00,000"",nan"||
"123,08/11/18,Mobile Premier League,Gaming,Mobile e-Sports,Bengaluru,Undisclosed,Series A,""5,00,000"",nan"||
"124,08/11/18,A&R Bon Vivants,Food,Meat Retail Chain,Jaipur,""RB Investments, Singapore"",Equity,""10,00,000"",nan"||
"125,12/11/18,Blackbuck,Food Tech,POS For Online Ordering,""New York, Bengaluru"",Tiger Global,Series A,""10,00,000"",nan"||
"126,12/11/18,MilkBAsket,Food,Micro-delivery grocery service,New Delhi,Mayfield Fund,Series B,""13,00,000"",nan"||
"127,13/11/18,DriveU,Transport,On-Demand Drivers,Bengaluru,Stevens Creek Ventures,Mezzanine,""10,00,000"",nan"||
"128,14/11/18,CleanseCar,Services,Car Wash,Bengaluru,Venture Catalysts,Seed/ Angel Funding,""5,00,000"",nan"||
"129,19/11/18,Automation Anywhere,Automation,Robotics,California,SoftBank Vision Fund,Series B,""30,00,00,000"",nan"||
"130,20/11/18,HealthifyMe,Health and Wellness,Wellness Coach,Bengaluru,""Sistema Asia Fund, VC Samsung NEXT, Chiratae Ventures, Inventus Capital, Blume Ventures and Innoven Capital."",Series B (Extension),""60,00,000"",nan"||
"131,21/11/18,Genius Corner,Education,Personalized Learning,Noida,Individual investors,Seed Funding,""2,78,000"",nan"||
"132,22/11/18,Aavishkaar-Intellecap Group,Investment,SME Funding,Mumbai,Teachers Insurance and Annuity Association (TIAA),Equity Based Funding,""3,10,00,000"",nan"||
133,22/11/18,Skillbox,Social Network,Art,Gurugram,Individual investors,Seed Funding,Undisclosed,nan||
"134,23/11/18,Signzy,Financial Tech,Digital Onboarding Solution,Mumbai/Bengaluru,""Stellaris Venture Partners and Kalaari Capital, Rajan Anandan from Google, Dilip Khandwelwal from SAP Labs India, and Amrish Rau from PayU India"",Series A,""34,00,000"",nan"||
"135,24/11/18,Engineer.ai,Software,AI Platform,India/US,""Lakestar and Jungle Ventures, Softbank\\xe2\\x80\\x99s DeepCore."",Series A,""2,95,00,000"",nan"||
"136,25/11/18,InCred Finance,Finance,SME Lending,India,""Paragon Partners, Individual Investors"",Private Equity,""4,20,00,000"",nan"||
"137,25/11/18,Roposo,Social Media,Video Sharing,Delhi,Bertelsmann India Investments,Series B,""17,00,000"",nan"||
138,01/10/18,Northmist,Fashion,Mens Wear,Delhi,Prashant Jaiswal,Seed/ Angel Funding,N/A,nan||
"139,02/10/18,Origo Commodities India Pvt. Ltd,Logistics,Supply Chain,Hyderabad,""Cooperative Oikocredit, Caspian and Hivos-Triodos Fund"",Seed/ Angel Funding,""1,10,00,000"",nan"||
"140,04/10/18,Grover Zampa,Food,Wine,Mumbai,Ravi Viswanathan,Private Equity,""82,00,000"",nan"||
"141,05/10/18,Droom,Automobile,New and Used Cars Platform,Gurgaon,ZigExN,Series E,""30,00,000"",nan"||
"142,11/10/18,Innov8,Real Estate,Co-Working,New Delhi,Credence Family Office,Pre-Series A,""40,00,000"",nan"||
"143,12/10/18,Blackbuck,Logistics Tech,Largest Trucking Platform,Bengaluru,Sequoia Capital India,Private Funding,""1,46,80,000"",nan"||
"144,12/10/18,LetsTransport,Logistics Tech,Book Trucks Online,Bengaluru,Fosun International,Series C,""1,20,00,000"",nan"||
"145,01/09/18,Netmeds,Consumer Internet,Online Pharmacy Chain,Chennai,""Sistema Asia Fund, Sistema JSFC and Tanncam Investment"",Private Equity,""3,50,00,000"",nan"||
"146,03/09/18,Udaan,B2B Platform,Logistics and Shipping,Bengaluru,DST Global and Lightspeed Venture Partners\\xe2\\x80\\x99 global fund.,Private Equity,""22,50,00,000"",nan"||
"147,03/09/18,Daily hunt,Consumer Internet,News and ebooks Mobile App\\xc2\\xa0,Bengaluru,Falcon Edge,Private Equity,""63,90,000"",nan"||
"148,04/09/18,3HCare,Healthcare,Healthcare Service Provider,Delhi,N/A,Seed / Angel Funding,""10,00,000"",nan"||
"149,04/09/18,HappyGoEasy,Consumer Internet,Online Travel Agecy,Gurugram,""Korea Investment Partners (KIP), Samsung and China-based CITIC Capital and others"",Private Equity,N/A,nan"||
"150,05/09/18,Nykaa,Consumer Internet,Online Marketplace For Multi-brand Beauty Cosmetic and Wellness Products,Mumbai,Lighthouse,Private Equity,""15,72,00,000"",nan"||
151,05/09/18,Mad Street Den,Technology,Computer Vision And Artificial Intelligence (Ai) Platform,Chennai,KDDI\\xc2\\xa0,Private Equity,N/A,nan||
"152,06/09/18,Dream11,Consumer Internet,Online Gaming Platform,Mumbai,""Tencent, Kalaari Capital and Private equity firm Multiples Alternate Asset Management"",Private Equity,""10,00,00,000"",nan"||
"153,10/09/18,MamaEarth,Healthcare,Online Marketplace For Mother and Babycare Products,Gurugram,Stellaris Ventures & Others,Private Equity,""40,00,000"",nan"||
"154,11/09/18,AutoGrid,Technology,AI-Based Energy Optimisation and Control Provider,Bengaluru,""CLP Holdings Group, Innogy, \\xc3\\x98rstead, and Tenaska"",Private Equity,""3,20,00,000"",nan"||
"155,11/09/18,Pharmeasy,Consumer Internet,Online Marketplace For Pharmaceutical Products,Mumbai,InnoVen Capital,Debt Funding,""55,00,000"",nan"||
"156,11/09/18,Upwards,Fin-Tech,Online Micro Lending Marketplace,Mumbai,""Shunwei Capital,Quotient, Mayfield & Others"",Private Equity,""50,00,000"",nan"||
"157,12/09/18,Kissht,Fin-Tech,Online lending Platform,Mumbai,""Vertex Ventures Southeast Asia (SEA) and India and Sistema Asia Fund, Fosun RZ Capital, Ventureast, and Endiya Partners.\\n\\n"",Private Equity,""3,00,00,000"",nan"||
"158,01/08/18,dishq,Food-Tech,Personalisation Technology Firm Focusing On The Food And Beverage Industry,Bengaluru,""Farm To Fork, Arts Alliance, The Syndicate Fund, Sven Hensen, Zeroth and Artesian Venture Partners"",Seed/ Angel Funding,""4,00,000"",nan"||
"159,01/08/18,HealthFin,Finance,Patient Financing Platform,Pune,""Axilor, Sprout Venture Partners and others"",Seed/ Angel Funding,N/A,nan"||
"160,02/08/18,Samosa Labs,Consumer Internet,Social Media and Chat Entertainment Platform,Hyderabad,Xiaomi and Sequoia Capital India,Private Equity,""70,00,000"",nan"||
"161,03/08/18,ZiffyHomes,Consumer Internet,Online Home Rental Marketplace,Gurugram,Y Combinator,Private Equity,""1,20,000"",nan"||
"162,07/08/18,My OmNamo,Consumer Internet,Holy Platform Offering Customised Puja Packages To Individuals and Corporates,Mumbai,N/A,Seed/ Angel Funding,""10,00,000"",nan"||
"163,07/08/18,ShopX,Consumer Internet,Assisted E-commerce Platform,Bengaluru,Fung Strategic Holdings,Private Equity,""3,50,00,000"",nan"||
"164,07/08/18,MakeMyTrip,Consumer Internet,Online Travel Aggregator,Gurugram,MakeMyTrip Limited,Private Equity,""1,00,00,000"",nan"||
"165,08/08/18,Hansel io,Consumer Internet,Real-time Mobile App Management,Bengaluru,Vertex Ventures,Seed/ Angel Funding,""40,00,000"",nan"||
"166,08/08/18,Metro Bikes,Consumer Internet,Online Bike Rental Marketplace,Bengaluru,""Sequoia Capital India Advisors, Accel Partners and G Raghunandan"",Private Equity,""1,22,00,000"",nan"||
"167,08/08/18,Phone Pe,Consumer Internet,UPI Payments App,Bengaluru,Flipkart,Private Equity,""6,60,00,000"",nan"||
"168,09/08/18,quizizz,Ed-Tech,e-learning Platform,Bengaluru,""Nexus Venture Partners, Prime Venture Partners and Others"",Seed/ Angel Funding,""30,00,000"",nan"||
"169,09/08/18,Happy EMI,Fin-Tech,Consumer Financing Platform,Bengaluru,AJ Ventures and Jain International Trade Organisation (JITO),Seed/ Angel Funding,""10,00,000"",nan"||
"170,13/08/18,Inthree,Consumer Internet,Rural E-commerce Platform,Chennai,""Ventureast, Orios Venture Partners and the IAN Fund"",Seed/ Angel Funding,""40,00,000"",nan"||
"171,13/08/18,Observe AI,Technology,AI Based Solutions Platform,Bengaluru,""Nexus Venture Partners, MGV, Liquid 2 Ventures, Hack VC, Emergent Ventures and Y Combinator"",Private Equity,""80,00,000"",nan"||
"172,16/08/18,Enakshi,Consumer Internet,AI Based Solutions Platform,Ahemadabad,N/A,Seed/ Angel Funding,""1,14,811"",nan"||
"173,17/08/18,EazyDiner,Consumer Internet,Online Restaurant Table Reservation Platform,Gurugram,Denlow Investment Trust and Beenext,Private Equity,""58,50,000"",nan"||
"174,20/08/18,Finzy,Finance,Online Loan Matchmaking Platform,Bengaluru,N/A,Seed / Angel Funding,""10,00,000"",nan"||
"175,20/08/18,RawPressery,Consumer Internet,Online Organic Juice Delivery Service,Mumbai,Alteria Capital,Debt Funding,""48,00,000"",nan"||
"176,22/08/18,Pi Ventures,Technology,Applied Artificial Intelligence and IoT focused\\xc2\\xa0Platform,Bengaluru,CDC Group plc\\xc2\\xa0,Private Equity,""60,00,000"",nan"||
"177,22/08/18,Revv,Consumer Internet,Online Indian Car Rental Platform,Gurugram,""Hyundai, Edelweiss and Beenext, Dream Incubator, Sunjay Kapoor and Telama Investment"",Private Equity,""1,42,70,000"",nan"||
"178,26/08/18,ZestMoney,Consumer Internet,Online Lending Platform,Bengaluru,""Xiaomi,PayU, Ribbit Capital and Omidyar Network"",Private Equity,""1,34,00,000"",nan"||
"179,26/08/18,Shubh Loans,Fin-Tech,\\xc2\\xa0Customer Sourcing Platform\\xc2\\xa0,Bengaluru,""Saama Capital, SRI Capital, Beenext, and Pravega Ventures"",Private Equity,""42,00,000"",nan"||
"180,27/08/18,MyUpchar,Healthcare,Local Language Health Content App,Delhi,""Nexus Venture Partners, Omidyar Network and Shunwei Capital"",Private Equity,""50,00,000"",nan"||
"181,28/08/18,Narvar,IT,Post-Purchase Customer Engagement Platform\\xc2\\xa0,Bengaluru,Accel (formerly known as Accel Partners),Private Equity,""30,00,000"",nan"||
"182,30/08/18,True North,Finance,Private Equity Firm,Mumbai,N/A,Private Equity,""60,00,00,000"",nan"||
183,01/07/18,Leena AI,Technology,HR Virtual Agent For Employees,Gurugram,Y Combinator,Seed/ Angel Funding,N/A,nan||
"184,02/07/18,Biryani By Kilo,Consumer Internet,Online Food Delivery,Gurugram,Ajay Relan and Vinay Mittal,Seed/ Angel Funding,""10,00,000"",nan"||
"185,04/07/18,Anchanto,IT,E-commerce Fulfilment Platform,Pune,MDI Ventures & Telkom Indonesia,Private Equity,""40,00,000"",nan"||
"186,05/07/18,Loan Tap,Consumer Internet,Online Lending Platform For Salaried Professionals,Mumbai,""Shunwei Capital, Tuscan Ventures, Ashish Goenka, VC firms India Quotient and Kae Capital"",Private Equity,""62,50,000"",nan"||
"187,06/07/18,PolicyBazaar,Consumer Internet,Online Insurance Selling Platform,Gurugram,Info Edge (India) Ltd and Temasek,Private Equity,""2,77,00,000"",nan"||
"188,09/07/18,zippserv,Consumer Internet,Online Platform For Risk-Assessment Services For Real Estate Investments,Bengaluru,Info Edge (India) Ltd,Seed/ Angel Funding,""4,40,000"",nan"||
"189,09/07/18,Groww,Consumer Internet,Online Platform That Sells Direct Plans Of Mutual Funds,Bengaluru,""Insignia Ventures Partners, Lightbridge Partners & Kairos"",Seed/ Angel Funding,""11,00,000"",nan"||
"190,10/07/18,Avenue Growth,Consumer Internet,Online Platform That Connects Brands With Freelance Sales Professionals,Gurugram,""Avtar Monga, chief operating office at IDFC Bank, Aditya Malik & Others"",Seed/ Angel Funding,""4,37,000"",nan"||
191,10/07/18,iNICU,Healthcare,Med-tech Platform Providing Care For Newborns,Delhi,Venture Catalysts,Seed/ Angel Funding,N/A,nan||
"192,10/07/18,Kinara Capital,Finance,Lending Platform For Micro and Small Enterprises,Bengaluru,ResponsAbility,Private Equity,""50,00,000"",nan"||
"193,10/07/18,Shop 101,Consumer Internet,Mobile Storefront And Commerce Platform For Sellers,Mumbai,""Stellaris Venture Partners, Vy Capital, Raghunandan G, and Ramakant Sharma"",Private Equity,""50,00,000"",nan"||
"194,11/07/18,Sambandh,Consumer Internet,Online Micro Lending Platform,Rourkela,Base of Pyramid Asia (BOPA) Pte Ltd,Private Equity,""25,00,000"",nan"||
"195,12/07/18,19th mile,IT,Artificial intelligence-based sales acceleration software platform,Gurugram,""Rishi Vasudev, Excelsior Investments, Ritesh Vohra, Praveer Kumar, Prashant Gupta and Others"",Seed/ Angel Funding,""1,80,000"",nan"||
"196,12/07/18,5th Vital,Healthcare,Home diagnostics services provider,Bengaluru,Brand Capital and Others,Seed/ Angel Funding,""5,00,000"",nan"||
"197,13/07/18,MEngage,Healthcare,A Doctor-Patient Engagement Platform,Jaipur,""Siddharth Agarwal, Mahavir Sharma, Amit Singal, 100 Co-founders Lab and others."",Seed/ Angel Funding,""1,75,000"",nan"||
"198,17/07/18,Ofbusiness,Finance,Online Lending Platform For SME,Gurugram,""Creation Investments, Falcon Edge, Matrix Partners India and Zodius Capital"",Private Equity,""2,90,00,000"",nan"||
"199,17/07/18,Cars24,Consumer Internet,Online Used Car Marketplace,Gurugram,""Kingsway FCI Fund, KCK Global & Others"",Private Equity,""4,97,00,000"",nan"||
"200,18/07/18,The Ken,Consumer Internet,Subscription-Only News Website,Bengaluru,Omidyar Network & Others,Seed/ Angel Funding,""15,00,000"",nan"||
"201,19/07/18,Book My Show,Consumer Internet,Online Ticketing Platform,Mumbai,""TPG Growth, The Rise Fund & Others"",Private Equity,""10,00,00,000"",nan"||
"202,20/07/18,HousingMan,Consumer Internet,Property Discovery Platform,Bengaluru,N/A,Seed/ Angel Funding,""15,00,000"",nan"||
"203,21/07/18,PaySense,Consumer Internet,Online Consumer Lending Platform,Mumbai,PayU & Others,Private Equity,""1,80,00,000"",nan"||
204,23/07/18,Yulu Bikes,Technology,Bicycle-Sharing Platform,Bengaluru,N/A,Seed/ Angel Funding,N/A,nan||
"205,23/07/18,VTION,Technology,Media Analytics,Gurugram,""AngelList, Rahul Khanna, Rajeev Arora and Ram Ramsundar."",Seed/ Angel Funding,""2,80,000"",nan"||
"206,23/07/18,Log9 Materials,Technology,Nanotechnology Company Specializing In Graphene,Bengaluru,""Metaform Ventures, Hemant Luthra, Micro venture capital firm GEMS Partners and Others"",Seed/ Angel Funding,""4,36,000"",nan"||
"207,24/07/18,kidovators,Ed-Tech,Skill Learning Platform,Bengaluru,Gray Matters,Seed/ Angel Funding,""1,80,000"",nan"||
"208,24/07/18,Digit,Consumer Internet,Online Insurance Startup,Pune,Fairfax,Private Equity,""4,50,00,000"",nan"||
"209,25/07/18,Black Soil,Finance,Non-Banking Financial Company,Mumbai,""Allcargo Logistics, Navneet Education and Mahavir Agency"",Private Equity,""1,70,00,000"",nan"||
"210,25/07/18,Trell,Consumer Internet,Mobile-First Video Blogging App,Bengaluru,""BeeNext , WEH Ventures and Sprout Ventures"",Seed/ Angel Funding,""12,50,000"",nan"||
"211,25/07/18,iqlect,Technology,Data Analytics Firm,Bengaluru,Ventureast and Exfinity,Seed/ Angel Funding,""25,00,000"",nan"||
"212,26/07/18,Entropik,IT,Software-As-A-Service Platform,Bengaluru,""Bharat Innovation, IDFC-Parampara Capital, Arthavida Ventures, Jitendra Gupta & Others"",Seed/ Angel Funding,""11,00,000"",nan"||
213,26/07/18,Bitla Software,Technology,Travel-Focused Tech Startup,Bengaluru,MakeMyTrip,Private Equity,N/A,nan||
"214,26/07/18,TheCapitalNet,Fin-Tech,Unified Global Investments Ecosystem,Hyderabad,Lindwall Family Investments LLC (LFI),Private Equity,""5,00,000"",nan"||
"215,30/07/18,Shuttl,Consumer Internet,Bus Aggregation Platform,Gurugram,Amazon Alexa Fund & Dentsu Ventures,Private Equity,""1,10,00,000"",nan"||
"216,30/07/18,Cure Fit,Consumer Internet,Health and fitness Platform,Bengaluru,""IDG Ventures, Accel Partners, Kalaari Capital and Others"",Private Equity,""12,00,00,000"",nan"||
"217,31/07/18,Five Star Group,Fin-Tech,Non-Bank Lending Platform For SME,Chennai,""TPG, Norwest Venture Partners, Sequoia Capital & Matrix Partners"",Private Equity,""10,00,00,000"",nan"||
"218,31/07/18,Healthsignz,Healthcare,Health and Well being Platform,Hyderabad,Kantilal Patel,Seed/ Angel Funding,""50,00,000"",nan"||
"219,01/06/18,CoinTribe,Finance,Credit-Based Lending Marketplace For Small And Medium Enterprises,Gurugram,""Sabre Partners, Puneet Dalmia & Others"",Private Equity,""1,00,00,000"",nan"||
"220,04/06/18,Digiconectt,Technology,Sales Analytics and Enablement Platform,Bengaluru,Aspire Logistics LLC,Seed/ Angel Funding,""1,25,000"",nan"||
"221,04/06/18,Kashmir Box,E-Commerce,""Online Marketplace For Handicrafts, Handlooms And Local Produce"",Srinagar,""Bhairavi Jani, Alok Divatia, Namrata Kaul, Sohail Hashemi, Aijaz Saleem"",Seed/ Angel Funding,N/A,nan"||
"222,05/06/18,Crowdera,Finance,Online Crowdfunding Platform,Nagpur,""Anil Advani, Pramod Jain, Amrendra Reddy and Manish Satnaliwala."",Seed/ Angel Funding,N/A,nan"||
223,05/06/18,Zoctr,Healthcare,Online Healthcare Aggregator,Mumbai,NB Ventures and Others,Seed/ Angel Funding,N/A,nan||
"224,07/06/18,Annapurna Finance,Finance,Non-Banking Financial Company,Bhubneswar,Oman India Joint Investment Fund (OIJIF),Private Equity,""2,30,00,000"",nan"||
"225,07/06/18,Meesho,Consumer Internet,Online Marketplace For Resellers,Bengaluru,""Sequoia Capital India, SAIF Partners, Y Combinator and Venture Highway"",Private Equity,""1,15,00,000"",nan"||
"226,10/06/18,AyeFinance,Finance,Online Lending Platform,Gurugram,""CapitalG, SAIF Partners and LGT Impact Ventures"",Private Equity,""2,15,00,000"",nan"||
227,11/06/18,Theranosis,Healthcare,Specialised diagnostics Platform,Hyderabad,Mumbai Angels Network,Seed/ Angel Funding,N/A,nan||
"228,12/06/18,Alpha Capital,Finance,Supplychain Finance,Mumbai,Alpha Capital,Private Equity,""1,48,00,000"",nan"||
"229,12/06/18,eshakti,E-Commerce,Fashion e-tailer,Chennai,Paragon Partners,Private Equity,""1,01,00,000"",nan"||
"230,12/06/18,Daily Ninja,Consumer Internet,Hyperlocal Delivery Platform,Bengaluru,Saama Capital and Sequoia Capital,Seed/ Angel Funding,""30,00,000"",nan"||
"231,13/06/18,NirogStreet,Healthcare,An Online Platform That Connects Ayurveda Doctors With Patients,Gurugram,""Spiral Ventures, Subho Ray and Samir Kumar"",Seed/ Angel Funding,""3,000,00"",nan"||
"232,13/06/18,Nivesh,Finance,Mass Market Mutual Fund Investment Platform,Noida,""LetsVenture, Rajan Anandan, Basab Pradhan, Vivek Khare and Bijoy George"",Seed/ Angel Funding,""4,50,000"",nan"||
"233,13/06/18,What\\xe2\\x80\\x99s Up Life,Consumer Internet,""A Local Discovery App For Dining-Out, Party, Leisure and Events"",Gurugram,Rannvijay Singha,Seed/ Angel Funding,N/A,nan"||
"234,14/06/18,HomeLane,Consumer Internet,Online Home Furnishing Solutions,Bengaluru,Brand Capital,Seed/ Angel Funding,""34,50,000"",nan"||
"235,14/06/18,Network Intelligence,Technology,Cybersecurity Specialist,Mumbai,Helix Investments,Private Equity,""48,00,000"",nan"||
"236,18/06/18,Tynor Othontics,Healthcare,Prosthetics Manufacturers,Chandigarh,Lighthouse Funds & Thuasne Participations,Private Equity,""2,10,00,000"",nan"||
"237,18/06/18,Elucidata,IT,Data Analytics (SaaS),Delhi & Cambridge,Hyperplane Venture Capital and several angel investors,Seed/ Angel Funding,""17,00,000"",nan"||
238,19/06/18,Chrysalis,Ed-Tech,Education Services Provider,Pune,Menterra Venture & Artha Initiatives,Seed/ Angel Funding,N/A,nan||
"239,19/06/18,RentSher,Consumer Internet,Online Rental Marketplace,Bengaluru,""Shorooq Investments, LetsVenture & Others"",Seed/ Angel Funding,""11,00,000"",nan"||
"240,20/06/18,Drip capital,Finance,Trade Finance Firm,Mumbai,""Accel Partners, Sequoia India, Y Combinator and others."",Private Equity,""1,50,00,000"",nan"||
"241,22/06/18,WickedRide,Consumer Internet,Online Motorbike And Scooter Rental Platforms,Bengaluru,""Sequoia Capital, Accel Partners & Raghunandan Gangappa"",Private Equity,""91,00,000"",nan"||
"242,25/06/18,PolicyBazaar,Consumer Internet,Online Insurance Selling Platform,Gurugram,SoftBank Vision Fund & Info Edge (India) Ltd,Private Equity,""20,00,00,000"",nan"||
"243,25/06/18,HipBar,Consumer Internet,Digital Payment Platform For Beverage Delivery,Bengaluru,Diageo India,Private Equity,""40,00,000"",nan"||
"244,25/06/18,Sqqrl,Finance,App-based investment platform,Gurugram,Equanimity Venture Fund,Seed/ Angel Funding,""10,00,000"",nan"||
"245,26/06/18,Paytm,Technology,Digital Payment Platform,Noida,One 97 Communications,Private Equity,""89,50,000"",nan"||
"246,26/06/18,Sigtuple,Healthcare,Data Driven Intelligence Solutions Platform,Bengaluru,""Accel Partners, IDG Venture, Endiya Partners, pi Ventures, VH Capital, Axilor Ventures and Binny Bansal"",Private Equity,""1,90,00,000"",nan"||
"247,27/06/18,Wow Express,Technology,E-commerce Logistics Platform,Mumbai,Undisclosed Existing Investors As Well As The Tamarind Family Trust,Private Equity,""45,00,000"",nan"||
"248,28/06/18,Front Desk AI,Technology,An AI Platform Offering Automated Customer Service Software,Bengaluru,Speciale Invest & Others,Seed/ Angel Funding,""11,00,000"",nan"||
"249,28/06/18,Edureka,Ed-Tech,Online Education Platform,Bengaluru,Leo Capital,Seed/ Angel Funding,""20,00,000"",nan"||
250,29/06/18,Numeroseven,Technology,An Artificial Intelligence-Based Recruitment Platform,Kolkatta,Shiva Gunapu & Others,Seed/ Angel Funding,N/A,nan||
"251,02/05/18,OpenTap,Finance,Online Lending Platform,Chennai,Unknown High Net-Worth Individuals,Seed / Angel Funding,""4,50,000"",nan"||
"252,02/05/18,Bizongo,Consumer Internet,Aggregator For Packaging Material,Mumbai,""B Capital, International Finance Corporation (IFC), Accel Partners and IDG Ventures"",Private Equity,""2,20,00,000"",nan"||
"253,03/05/18,Disprz,IT,SaaS,Chennai,""IL&FS Private Equity, Kae Capital & Others"",Seed / Angel Funding,""25,00,000"",nan"||
"254,07/05/18,PaisaDukan,Consumer Internet,P2P Lending Platform,Mumbai,N/A,Seed / Angel Funding,""2,25,000"",nan"||
"255,09/05/18,i3sysytems,Technology,AI product company For Health and Life Insurane Companies,Mumbai,""Unitus Ventures, Behram Vakil and Jerxis Vandrevala"",Seed / Angel Funding,""10,00,000"",nan"||
"256,11/05/18,Earth Food,Consumer Internet,Agri-tech,Pune,Rairah Corporation,Seed / Angel Funding,""9,49,000"",nan"||
"257,14/05/18,Nykaa,Consumer Internet,Beauty e-tailer,Mumbai,""Sunil Munjal, Harsh Mariwala, Dalip Pathak and Others"",Private Equity,""2,40,00,000"",nan"||
"258,16/05/18,mfine,Healthcare,Doctor-Consultation App,Bengaluru,""Prime Venture Partners, Stellaris Venture Partners and Mayur Abhaya Srisrimal"",Private Equity,4200000,nan"||
"259,21/05/18,Rocketium,Technology,Online Video Creation Platform,Bengaluru,Blume ventures,Seed/ Angel Funding,""3,00,000"",nan"||
"260,21/05/18,MilkBasket,Technology,Micro-Delivery Grocery Startup,Gurugram,""Kalaari Capital, Unilever Ventures and Blume Ventures"",Private Equity,""70,00,000"",nan"||
"261,22/05/18,Vola,Finance,Micro Lending Platform,Bengaluru,Credika and unnamed angel investors,Seed/ Angel Funding,""5,00,000"",nan"||
"262,22/05/18,Cashkumar,Consumer Internet,P2P Lending Platform,Bengaluru,LetsVenture,Seed/ Angel Funding,""7,35,000"",nan"||
"263,23/05/18,Edyoo,E-Commerce,Products For Shoolgoing Children,Bengaluru,RS Shanbag,Seed/ Angel Funding,""7,35,000"",nan"||
"264,23/05/18,Aashiyaan,Finance,Housing Finance For Low-Income Families,Kolkata,""Insistor, Oikocredit"",Seed/ Angel Funding,""20,00,000"",nan"||
"265,24/05/18,Smartivity,Ed-tech,Designer Of Toys and Learning Projects For Kids,Delhi,""Ashish Kacholi, S Chand Group"",Seed/ Angel Funding,""20,00,000"",nan"||
"266,24/05/18,Bonphulapl,Clean-tech,Oxygen Optimiser Manufacturer,Delhi,Atul Gupta and Saurabh Rastogi,Seed/ Angel Funding,""2,93,000"",nan"||
"267,27/05/18,Acko,Consumer Internet,Online Insurance Platform,Mumbai,""Amazon, Ashish Dhawan, Catamaran Ventures, NR Narayana Murthy."",Seed/ Angel Funding,""1,20,00,000"",nan"||
"268,28/05/18,HWell24,Healthcare,Home Healthcare Aggregator,Mumbai,""Prashant Mehta, Mitali Pawar, Nikhil G and Bhavesh P, R Ranganathan, ONCOTRUST and Medintel Services Pvt. Ltd"",Seed/ Angel Funding,""2,00,000"",nan"||
"269,29/05/18,Toffee,Consumer Internet,Online Insurance Platform,Gurugram,""Kalaari Capital, Omidyar Network and Accion Venture Labs"",Seed/ Angel Funding,""15,00,000"",nan"||
"270,29/05/18,Tonetag,Technology,Mobile Payments Technology Platform,Bengaluru,Amazon Inc. and Mastercard,Private Equity,""80,00,000"",nan"||
271,30/05/18,Events High,Consumer Internet,Events and Activities Discovery Platform,Bengaluru,Treebo,Private Equity,N/A,nan||
"272,30/05/18,Stellaps,Technology,Iot Application Platform In Agriculture,Bengaluru,""IndusAge Partners, Bill & Melinda Gates Foundation, Qualcomm Venture, ABB Technology Ventures, Omnivore, Blume Ventures, Venture Highway and BEENEXT"",Private Equity,""1,40,00,000"",nan"||
"273,31/05/18,Credright,Consumer Internet,Lending Platform For SMEs,Hyderabad,""Accion Venture Lab, YourNest Venture Capital And Other Angel Investors"",Seed/ Angel Funding,""13,000,00"",nan"||
"274,02/04/18,Fitternity,Consumer Internet,Online Fitness Discovey Platform,Mumbai,""Exfinity Venture, Saha fund Partners, Arihant Patni of Patni Family Office, Anjali Bansal, Shardul Amarchand Mangaldas, Satish Khanna and Taparia family office."",Private Equity,""20,00,000"",nan"||
"275,02/04/18,Synctag,Technology,Social Media Anlaytics Platform,Coimbatore,Subhkam Ventures and Mohit Khadaria,Seed / Angel Funding,""3,07,600"",nan"||
"276,02/04/18,Benepik,Technology,Enhanced Employee Engagement Platform,Gurugram,""Vishal Bali, Yogesh Misra, Thomas Assessments and others"",Seed / Angel Funding,N/A,nan"||
"277,02/04/18,Finzy,Consumer Internet,Online Loan Matchmaking Platform,Bengaluru,N/A,Seed / Angel Funding,""13,00,000"",nan"||
"278,04/04/18,Varthana,Finance,Loans and Services To Affordable Private Schools in India,Bengaluru,""ChrysCapital, Existing investors, Elevar Equity, LGT Impact, Omidyar Network and Kaizen Private Equity also participated in the round"",Private Equity,""5,50,00,000"",nan"||
"279,05/04/18,IndigoLearn,Ed-Tech,Online Education Platform,Hyderabad,""Maheshwar Peri, founder and chairman of career information portal Careers360, and Jamshed Jeejeebhoy, director at Byramjee Jeejeebhoy Pvt. Ltd were among the angels"",Seed / Angel Funding,""1,50,000"",nan"||
"280,05/04/18,Vedantu,Ed-Tech,Interactive Online Tutoring Platform,Bangalore,""Accel Partners, Tiger Global And Others"",Private Equity,""1,00,00,000"",nan"||
"281,09/04/18,Kaleidofin,Fiinance,Digital Financial Services Platform,Chennai,Omidyar Network. Blume Ventures and Professor Shlomo Ben-Haim,Seed / Angel Funding,""28,00,000"",nan"||
"282,09/04/18,Pipabella,Consumer Internet,Fashion Accessories Etailer,Mumbai,Fireside Ventures,Seed / Angel Funding,""1,000,000,"",nan"||
"283,09/04/18,Elemential,Technology,Blockchain Platform,Mumbai,""Matrix Partner, Amrish Rau, Investopad, Digital Currency Group, Hinduja Group, Lightspeed India, Eight Innovate, Amit Ranjan, Prashant Malik and others"",Seed / Angel Funding,N/A,nan"||
"284,09/04/18,Kriger Campus,Ed-Tech,Mobile-Based Education Network,Delhi,N/A,Seed / Angel Funding,""46,140"",nan"||
285,10/04/18,Loanzen,Finance,Digital Lending Platform In Logistics,Bengaluru,Kae Capital Management,Seed / Angel Funding,N/A,nan||
"286,10/04/18,TravelTriangle,Consumer Internet,Online Travel Marketplace,Gurugram,""Fundamentum, SAIF Partners, Bessemer Venture Partners, RB investments & Others"",Private Equity,""1,20,00,000"",nan"||
"287,12/04/18,Letsmd,Healthcare,Platform To Discover Healthcare Financing Options,Delhi,""SRI Capital, Waterbridge Ventures and ThinKuvate"",Seed / Angel Funding,""10,00,000"",nan"||
"288,12/04/18,AyeFinance,Finance,Online Lending Platform,Gurugram,""BlueOrchard Finance Ltd, Hinduja Leyland Finance and IntelleGrow"",Debt Funding,""46,000,00"",nan"||
"289,13/04/18,mintifi,Finance,Online Lending Platform,Mumbai,Lok Capital,Seed / Angel Funding,""20,00,000"",nan"||
"290,16/04/18,icanstay,Consumer Internet,Online Platform For Luxury Hotel Stay For Business Travelers,Delhi,Mr. Manoj Prasad,Seed / Angel Funding,""5,00,000"",nan"||
"291,16/04/18,Pregbuddy,Healthcare,Connected Care App For Pregnant Women,Bengaluru,""Rajan Anandan, Madhusudhan Kannan, Jayant Kadambi, Puneet Gupta and Pradeep K Jaisingh"",Seed / Angel Funding,N/A,nan"||
"292,18/04/18,Coverfox,Consumer Internet,Online Insurance Aggregator,Mumbai,""International Finance Corporation, Transamerica and others."",Private Equity,""2,20,00,000"",nan"||
293,19/04/18,Lenskart,Consumer Internet,Online Eyewear Retailer,Faridabad,TR Capital,Private Equity,N/A,nan||
294,19/04/18,mamaearth,Healthcare,Online Baby care Products,Gurugram,Shilpa Shetty Kundra,Private Equity,N/A,nan||
"295,19/04/18,Fyle Technologies,Technology,AI Based Expense Management Platform,Bengaluru,Pravega Ventures and Beenext,Seed / Angel Funding,""11,000,00"",nan"||
"296,19/04/18,True Balance,Technology,Mobile Balance Checking App,Gurugram,""Line Ventures Corporation, Line Corp, Naver, Shinhan Bank and TS Investment"",Private Equity,""2,30,00,000"",nan"||
"297,22/04/18,Visit,Healthcare,AI Driven Health tech Platform,Delhi,""Biz Stone, Kunal Bahl, Rohit Bansal, Alagu Periyannan and Karthee Madasamy"",Private Equity,N/A,nan"||
"298,22/04/18,Doxper,Healthcare,Digitized Health-Tech Solutions For Practitioners,Mumbai,Vidal Healthcare,Seed / Angel Funding,""19,00,000"",nan"||
"299,22/04/18,Nykaa,Consumer Internet,Beauty e-tailer,Mumbai,""Sunil Munjal, Harsh Mariwala, Dalip Pathak and Others"",Private Equity,""1,10,00,000"",nan"||
"300,23/04/18,Mihuru,Finance,Online Platform Providing Micro Loans For Air Travel,Mumbai,N/A,Seed / Angel Funding,""1,50,000"",nan"||
"301,23/04/18,Capital Float,Finance,Online Lending Platform,Bengaluru,Amazon,Private Equity,""2,20,00,000"",nan"||
"302,25/04/18,Trip shelf,Consumer Internet,Online Travel Marketplace,Delhi,""GEMS Advisory, Alok Mittal and Sachin Bhatia"",Seed / Angel Funding,""2,46,000"",nan"||
"303,26/04/18,POPxo,Technology,Women Focussed Digital Media Platform,Delhi,""Neoplux, OPPO, IDG Ventures India, Kalaari Capital, GREE Ventures and Summit Media"",Private Equity,""55,00,000"",nan"||
"304,26/04/18,RailYatri,Consumer Internet,Online Travel Ticketing Platform,Noida,""Omidyar Network, Nandan Nilekani, Blume Ventures, Helion Venture Partners"",Private Equity,N/A,nan"||
"305,27/04/18,1mg,Consumer Internet,Online Pharmacy Store,Gurugram,""Sequoia Capital, Maverick Capital Ltd and HBM Healthcare Investments Ltd"",Private Equity,""1,00,00,000"",nan"||
"306,29/04/18,Rubique,Consumer Internet,Online Lending MarketPlace,Mumbai,""Emery Capital, Blacksoil and Kalaari Capital"",Private Equity,N/A,nan"||
"307,30/04/18,Samco,Consumer Internet,Online Stock Broker,Mumbai,Bay Capital Investments and Others,Private Equity,""75,00,000"",nan"||
"308,30/04/18,MyLoanCare,Finance,B2C Online Loans Marketplace,Gurgaon,SAR Group,Seed / Angel Funding,""9,78,000"",nan"||
"309,01/03/18,PharmEasy,Consumer Internet,Online Pharmacy Store,Mumbai,""Bessemer Venture Partners and Orios Venture Partners, JM Financials and MEMG"",Private Equity,N/A,nan"||
"310,01/03/18,Buddy4studdy,Consumer Internet,Online Scholarship Portal,Noida,CBA Capital and others,Private Equity,""30,00,000"",nan"||
"311,01/03/18,Urban Ladder,E-Commerce,Online Furniture Store,Bengaluru,""Sequoia Capital, SAIF Partners and Kalaari capital"",Private Equity,""1,20,00,000"",nan"||
"312,03/03/18,Kuvera,Consumer Internet,Online Financial Planning,Bengaluru,""Baskar Subramanian, Saket Kumar, Gaurav Suri and Ankit Kesarwani"",Seed / Angel Funding,""2,50,000"",nan"||
"313,04/03/18,Gramophone,Technology,Agri-tech,Indore,InfoEdge,Seed/Angel Funding,""10,00,000"",nan"||
"314,05/03/18,Wellthy,Healthcare,Therapeutics,Mumbai,""Ranjan Pai, Apoorva Patni, Beenext Ventures,GrowX Ventures"",Private Equity,""21,00,000"",nan"||
"315,05/03/18,MedGenome,Healthcare,""Genetic Screening, DNA Diagnostics Labs & Research Centers"",Bengaluru,""HDFC Life, HDFC Asset Management"",Private Equity,""1,00,00,000"",nan"||
"316,05/03/18,Finova Capital,Consumer Internet,Online Lending,Jaipur,Sequoia Capital,Private Equity,""60,00,000"",nan"||
"317,05/03/18,Hotelogix,Technology,Cloud based Online Hotel Management Software,Noida,""Vertex Ventures, Accel Partners and Saama Capital"",Private Equity,""50,00,000"",nan"||
"318,04/03/18,Livehealth,Consumer Internet,Health Service Aggregator Platform,Pune,Nexus Venture Partners,Seed / Angel Funding,""11,00,000"",nan"||
"319,06/03/18,Ad2pro,Technology,""Creative Design, Brand, Media and Technology Platform Solutions"",Chennai,Avendus Finance Pvt. Ltd,Debt Funding,""97,00,000"",nan"||
"320,06/03/18,Coverfox,Consumer Internet,Online Insurance Aggregator,Mumbai,Aegon NV,Private Equity,""76,00,000"",nan"||
"321,08/03/18,Pepperfry,Consumer Internet,Online Furniture Shopping Store,Mumbai,State Street Global Advisors,Private Equity,""3,84,00,000"",nan"||
"322,08/03/18,Magicpin,Consumer Internet,Hyperlocal Discovery,Gurugram,Trifecta Capital,Debt Funding,""10,00,000"",nan"||
"323,12/03/18,HealthCare,Consumer Internet,Healthcare Aggregator,Mumbai,HR Fund,Seed / Angel Funding,""10,00,000"",nan"||
"324,13/03/18,PineLabs,Technology,Digital Payment Platform,Mumbai,""Actis, Altimeter Capital"",Private Equity,""8,20,00,000"",nan"||
"325,14/03/18,Stumagz,Consumer Internet,Online Communication and Collaboration Platform For Educational Institutions,Hyderabad,""Venkat Subramanian, Sudhakar Pennam, and other tech investors from Silicon Valley"",Seed / Angel Funding,N/A,nan"||
"326,14/03/18,AvailFinance,Consumer Internet,Online Lending Platform,Bengaluru,""Matrix Partners, Bhavish Aggarwal, Ankit Bhati, Binny Bansal, Kunal Shah and Manish Patel."",Private Equity,""1,72,00,000"",nan"||
"327,15/03/18,Grofers,Consumer Internet,Online Grocery Shop,Gurugram,""SoftBank, Tiger Global and Apoletto Managers."",Private Equity,""6,20,00,000"",nan"||
"328,19/03/18,Fingerlix,Consumer Internet,Ready To cook Food Solution,Mumbai,Alteria Capital,Debt Funding,""13,10,000"",nan"||
"329,19/03/18,Karma Healthcare,Healthcare,Technology enabled equitable healthcare for India,Udaipur,""1Crowd, Ankur Capital"",Seed / Angel Funding,""5,00,000"",nan"||
"330,19/03/18,Zappfresh,Food & Beverages,Online Raw Meat E-tailer,Gurugram,""Amit Burman, SIDBI Venture Capital"",Seed / Angel Funding,""30,00,000"",nan"||
"331,19/03/18,CustomerSucessBox,Technology,Customer Success Software for B2B SaaS,Gurugram,""Pi Ventures, Axilor Ventures"",Seed / Angel Funding,""10,00,000"",nan"||
332,20/03/18,One Labs,Consumer Internet,Consumer Technology and Artificial Intelligence Based Aggregator App,N/A,Micromax Informatics Ltd,Private Equity,N/A,nan||
"333,21/03/18,GigIndia,Consumer Internet,Micro Jobs Provider For Students,Pune,""Jessica Wong, Hiro Mashita, Xue Manzi and Yiyun Zhang."",Seed / Angel Funding,N/A,nan"||
"334,22/03/18,Chargebee,Technology,Subscription Billing & Recurring Payments Software,Chennai,""Insight Venture Partners, Accel Partners and Tiger Global Management."",Private Equity,""1,80,00,000"",nan"||
"335,22/03/18,i2i Funding,Consumer Internet,Online loan platform,Noida,SucSEED Venture Partners,Seed / Angel Funding,""7,68,000"",nan"||
"336,22/03/18,Slang Labs,Technology,Voice-based assistant platform,Bengaluru,Endiya Partners,Seed / Angel Funding,""12,40,000"",nan"||
"337,22/03/18,UrbanPiper,Technology,Online ordering solution for restaurants and food chains,Bengaluru,""Kumar Vembu, Axilor Ventures"",Seed / Angel Funding,N/A,nan"||
"338,26/03/18,Cash Suvidha,Consumer Internet,Online loan platform,Delhi,""Initia Holdings,Vipin Agarwal and others."",Seed / Angel Funding,""10,00,000"",nan"||
"339,28/03/18,Roadcast,Technology,Fleet management and asset monitoring platform,Delhi,N/A,Private Equity,""2,50,000"",nan"||
"340,28/03/18,Smartcoin,Finance,Micro lending company,Bengaluru,""Accion Venture Lab, Unicorn India Ventures and ISME ACE."",Seed / Angel Funding,""20,00,000"",nan"||
"341,27/03/18,The Print,Media,News portal,Delhi,Ratan Tata,Seed / Angel Funding,""5,35,000"",nan"||
"342,27/03/18,DriveU,Technology,Professional Car Drivers Hiring App,Bengaluru,Amit Singhal and Unitus Seed Fund,Private Equity,""30,00,000"",nan"||
"343,29/03/18,Fynd,Consumer Internet,O2O fashion ecommerce platform,Mumbai,""Google, Kae Capital, IIFL, Singularity Ventures, GrowX, Tracxn Labs, Venture Catalyst, Patni family office and Axis Capital."",Seed / Angel Funding,N/A,nan"||
"344,01/02/18,BigBasket,Consumer Internet,Online Grocery & Food Store,Bengaluru,""Alibaba, Helion Venture Partners, Bessemer Venture Partners, Ascent Capital"",Private Equity,""30,00,00,000"",nan"||
"345,01/02/18,Zomato,Food and Beverages,Food Ordering and Restaurant Discovery,Gurugram,Ant Financials,Private Equity,""20,00,00,000"",nan"||
"346,05/02/18,Pratilipi,Publishing,E-Publishing,Bengaluru,Omidyar Network,Private Equity,""43,00,000"",nan"||
"347,05/02/18,Asia Institute Of Medical Science,Healthcare,Super-specialty Hospital,Faridabad,CDC Group Plc,Private Equity,""2,10,00,000"",nan"||
"348,05/02/18,CollegeDekho,Consumer Internet,Online platform for Higher Education Services,Gurugram,""Man Capital LLP, Girnar Software, Others"",Private Equity,""20,00,000"",nan"||
"349,06/02/18,Foodmemories,Consumer Internet,Online Food Marketplace,Ahemdabad,""Bhavesh Manglani, Suraj Saharan, Darshan Upadhyay, Sanjay Notani & Others"",Seed funding,N/A,nan"||
"350,06/02/18,Healthi,Healthcare,Preventive Health Checkup,Bengaluru,Montane Ventures,Private Equity,""31,00,000"",nan"||
"351,07/02/18,Swiggy,Food and Beverages,Online Food Delivery,Bengaluru,Naspers,Private Equity,""10,00,00,000"",nan"||
"352,08/02/18,Shape,Healthcare,""Online Portal for Diet,fitness and Beauty"",Pune,Sandeep Mathur,Seed / Angle Funding,""10,00,00,000"",nan"||
"353,08/02/18,Icertis,Consumer Internet,Enterprise Contract Management Platform,Pune,Meritech Capital Partners,Private Equity,""5,00,00,000"",nan"||
"354,09/02/18,healthifyme,Healthcare,Mobile Weight Loss Coach,Bengaluru,Sistema Asia Fund,Private Equity,""1,20,00,000"",nan"||
355,09/02/18,MedTel,Healthcare,Virtual health clinics,Bhubaneswar,British and Indian Governments,Private Equity,N/A,nan||
"356,09/02/18,Rupeek,Consumer Internet,Online Gold Loan,Bengaluru,""Accel Partners, Sequoia Capital"",Private Equity,""68,30,000"",nan"||
357,09/02/18,WebEngage,Technology,Marketing Cloud for consumer businesses,Mumbai,Social Capital,Private Equity,N/A,nan||
"358,12/02/18,Lendingkart,Finance,Online Lending Platform,Bengaluru,Fullerton Financial Holdings Pte Ltd & Others,Private Equity,""8,70,00,000"",nan"||
"359,12/02/18,Wydr,Consumer Internet,B2B Marketplace,Gurugram,""Bessemer Venture Partners, Stellaris Venture Partners, Axis Capital, Singapore, Jungle Venture Partners"",Private Equity,N/A,nan"||
"360,12/02/18,Cashify,E-Commerce,Online Selling,Gurugram,Trifecta Capital,Debt Funding,""9,35,089"",nan"||
"361,13/02/18,holachef,Food and Beverages,Online Food Delivery,Mumbai,Ashok Kumar Gajera,Seed / Angle Funding,""3,11,200"",nan"||
362,13/02/18,Awaaz De,Technology,Mobile Solutions for Social Impact,Ahmedabad,Tribe Impact Capital LLP,Seed / Angle Funding,N/A,nan||
"363,13/02/18,IMAX Program,Ed-Tech,Individualised Progressive Learning Program,Bengaluru,""Michael & Susan Dell Foundation, LGT Impact Ventures"",Private Equity,""1,35,00,000"",nan"||
"364,14/02/18,Littlemore,Ed-Tech,Online Education Platform,Chennai,Kalpavriksh,Private Equity,""30,00,000"",nan"||
"365,14/02/18,Toppr,Ed-Tech,Online Education Platform,Mumbai,Axis Capital Partners,Private Equity,""1,00,000"",nan"||
"366,14/02/18,Shirsa Labs,Ed-Tech,Integrated Kids Engagement Company,Mumbai,""Dewang Neralla, Mahesh Kothurkar,Atul Agarwal"",Private Equity,""5,00,000"",nan"||
"367,14/02/18,MoneyOnMobile,Technology,mobile payment platform,Mumbai,S7 Group,Private Equity,""50,00,000"",nan"||
"368,15/02/18,PetSutra,Consumer Internet,Online Pet Care Products,Gurugram,Michael Patrick Hickey,Seed / Angel Funding,""1,48,434"",nan"||
"369,15/02/18,Infibeam,E-Commerce,Online Retailing,Ahemadabad,Network 18,Private Equity,""62,30,000"",nan"||
"370,16/02/18,happay,Finance,Expense Management,Bengaluru,Sequoia and Jerry Yang,Seed / Angel Funding,""2,50,000"",nan"||
"371,16/02/18,Fincash,Finance,Fin-Tech,Mumbai,""Mohammed Khan, Sameer Narayan & Others"",Seed / Angel Funding,""1,50,000"",nan"||
"372,19/02/18,AyeFinance,Finance,Online Lending,Gurugram,""Hinduja Leyland Finance, IntelleGrow"",Private Equity,""38,00,000"",nan"||
"373,20/02/18,Agricxlab,Agriculture,Agri-tech,Mumbai,Ankur Capital,Seed / Angel Funding,""5,00,000"",nan"||
"374,21/02/18,Udaan,E-Commerce,B2B Marketplace,Bengaluru,Lightspeed & Yuri Milner,Private Equity,""5,00,00,000"",nan"||
"375,21/02/18,Capillary,IT,SaaS,Bengaluru,""Wargburg Pincus, Sequoia"",Private Equity,""2,00,00,000"",nan"||
"376,21/02/18,The Healthy Billions,Healthcare,Analytics,Gurugram,""Blume Ventures, HealthQuad and Fireside Ventures"",Private Equity,""21,00,000"",nan"||
"377,21/02/18,HighRadius,Technology,Cloud-based Software,Hyderabad,""PNC, Citi Ventures"",Private Equity,N/A,nan"||
"378,26/02/18,Avishkaar Box,Ed-Tech,Education,Delhi,Auxano Deals,Private Equity,""7,72,500"",nan"||
"379,26/02/18,Planys Technologies,Technology,Robotic InspectionStartup,Chennai,""Kris Gopalakrishnan, Pratithi Investment Trust, MEMG Family Office, S Gopal"",Private Equity,""10,40,000"",nan"||
380,27/02/18,Lollypop,Technology,Digital Design,Bengaluru,Dr Devi Shetty,Seed / Angel Funding,N/A,nan||
"381,27/02/18,Trilyo,Technology,AI platform for hospitality industry,Mumbai,""Startup Buddy,Amit Manocha and others"",Seed / Angel Funding,""2,50,000"",nan"||
"382,28/02/18,Gaana,Technology,Online Music Streaming,Gurugram,""Tencent Holdings Ltd, Times Internet"",Private Equity,""11,50,00,000"",nan"||
"383,28/02/18,Credy,IT,SaaS,Bengaluru,""Y Combinator, Khosla Ventures, Vy Capital and others"",Seed / Angel Funding,""14,00,000"",nan"||
384,28/02/18,Predible Health,Healthcare,Cancer radiology,Bengaluru,Unitus Seed Fund,Seed/Angel Funding,N/A,nan||
"385,02/01/18,CleverTap,Technology,Mobile App Analytics,Mumbai,""Recruit Holdings, Sequoia Capital India, Accel Partners"",Angel / Seed Funding,N/A,nan"||
"386,04/01/18,EarlySalary,Finance,Online Lending,Pune,Eight Roads Ventures India,Private,""1,57,00,000"",nan"||
"387,05/01/18,WOTU,E-commerce,Food and Beverages,Bengaluru,""Claris Capital, Mumbai Angels Network"",Angel / Seed Funding,N/A,nan"||
388,08/01/18,DAAKI,E-commerce,Sports Nutrition Supplement etailer,Bengaluru,Rohan Agila,Angel / Seed Funding,N/A,nan||
"389,09/01/18,Lendingkart,Finance,Online Lending,Ahmedabad,Nederlandse Financierings-Maatschappij voor Ontwikkelingslanden N.V.,Debt Funding,""47,00,000"",nan"||
"390,09/01/18,Kinsane Entertainment Inc,Entertainment,Digital Entertainment for Children,Mumbai,N/A,Seed/Angel Funding,""25,00,000"",nan"||
"391,10/01/18,Tapzo,Technology,Personal Assistant,Bengaluru,RuNet & Other,Private Equity,""19,30,000"",nan"||
"392,10/01/18,Appario Retail Pvt Ltd.,E-commerce,Retail,Delhi,Amazon-Patni JV,Private Equity,""1,88,40,000"",nan"||
"393,10/01/18,Samunnati,Finance,Agricultural Loan,Chennai,""responsAbility, Elevar Equity and Accel Partners"",Private Equity,""2,35,00,000"",nan"||
"394,10/01/18,Sahajanand Medical Technologies,Technology,Medical Devices,Surat,Morgan Stanley Private Equity Asia,Private Equity,""3,62,30,000"",nan"||
"395,12/01/18,Kuants,Technology,Algorithmic Trading,Gurgaon,""Pankaj Chopra, Ankush Gupta"",Angel / Seed Funding,""80,000"",nan"||
"396,12/01/18,Razorpay,Technology,Payment Gateway,Bengaluru,""Tiger Global, Y Combinator"",Private Equity,""2,00,00,000"",nan"||
"397,15/01/18,Streak,Technology,Algorithmic Trading,Bengaluru,""Indian fintech fund, Rainmatter"",Angel / Seed Funding,""3,54,600"",nan"||
"398,15/01/18,pi Ventures,Finance,Venture Capital,Bengaluru,""Sunil Kant Munjal, Hero Electronix\\xe2\\x80\\x99s corporate financing arm, Electronic Development Fund"",Private Equity,""2,50,00,000"",nan"||
"399,15/01/18,Newgen Software,Technology,IT,New Delhi,""Goldman Sachs, hedge fund & Others"",Private Equity,""2,00,00,000"",nan"||
"400,17/01/18,Rubix,Technology,Education,Pune,Polaris Fund,Private Equity,""10,00,000"",nan"||
"401,18/01/18,ShareChat,Technology,Social,Bengaluru,""Xiaomi Singapore, Shunwei Capital"",Private Equity,""1,82,00,000"",nan"||
"402,22/01/18,Paperflite,Technology,IT,Chennai,The Chennai Angels,Angel / Seed Funding,""4,00,000"",nan"||
"403,22/01/18,HungerBox,Consumer Internet,Food and Beverages,Bangalore,Lionrock Capital,Private Equity,""25,00,000"",nan"||
"404,22/01/18,Skillate,Technology,Artificial Intellegence,Bengaluru,""Incubate Fund India, Anuj Agrawal"",Private Equity,N/A,nan"||
"405,22/01/18,OptaCredit,Finance,Alternative Lending,Chennai,DMI Finance,Private Equity,""40,00,000"",nan"||
"406,22/01/18,AEON Learning,Technology,Education,Bengaluru,Dr. Ranjan Pai,Private Equity,""32,00,000"",nan"||
"407,23/01/18,Milkbasket,E-commerce,Online Grocery,Gurugram,Unilever Ventures,Private Equity,""30,00,000"",nan"||
"408,24/01/18,NeoGrowth Credit,Finance,Digital Lending,Mumbai,""LeapFrog Investments, Aspada Investment, Quona Capital"",Private Equity,""4,70,00,000"",nan"||
"409,24/01/18,Rao IIT Academy,Education,Coaching Services,Mumbai,Avendus Finance,Structured Debt,""86,00,000"",nan"||
"410,24/01/18,Aye Finance,Finance,Online Lending,Gurugram,IFMR Capital,Term Loan,""62,40,000"",nan"||
"411,25/01/18,Glassic,Ecommerce,Eyewear,Bengaluru,""Chennai Angels, Lead Angels, LetsVenture"",Angel / Seed Funding,N/A,nan"||
"412,25/01/18,GreyAtom,Technology,Education,Mumbai,Pravega Ventures,Private Equity,""10,00,000"",nan"||
"413,26/01/18,Axio,Healthcare,Hemostatic Dressing Solutions,Bengaluru,RNT Capital,Private Equity,""74,00,000"",nan"||
"414,29/01/18,eKincare,Healthcare,Technology,Hyderabad,""Ventureast, Endiya Partners, Eight Roads Ventures, Touchstone Equities, BVR Mohan Reddy"",Private Equity,""15,00,000"",nan"||
"415,29/01/18,The Wedding Brigade,Consumer internet,Online Services,Mumbai,Blume Ventures,Private Equity,""10,00,000"",nan"||
"416,30/01/18,PeeSafe,Healthcare,Hygiene,Gurugram,""Shivani Singh, Rahul Maroli, Mitesh Shah, Venture Catalysts, Alfa Capital, Green Shots Capital, Real Time Ventures."",Private Equity,""10,00,000"",nan"||
"417,30/01/18,BrowserStack,Technology,Browser Testing,Mumbai,Accel Partners,Private Equity,""5,00,00,000"",nan"||
"418,30/01/18,Scapic,Technology,Virtual Reality,Bengaluru,""Axilor Ventures, Newfort Capital"",Angel / Seed Funding,""5,00,000"",nan"||
"419,30/01/18,MoneyOnMobile,Technology,Mobile Payment Platform,Mumbai,Undisclosed Investors,Private Equity,""76,00,000"",nan"||
"420,30/01/18,CureFit,Healthcare,Fitness,Bengaluru,""HDFC Bank, Axis Bank"",Debt Funding,""1,00,00,000"",nan"||
"421,31/01/18,iNurture,Technology,Education Solutions,Bengaluru,Ventureast,Private Equity,""44,00,000"",nan"||
422,01/12/17,Strata Enviro,Technology,IoT based air pollution controller,Mumbai,Scale Minds,Private Equity,N/A,nan||
"423,05/12/17,Dunzo,Technology,Daily Task Management Mobile App,Bangalore,Google,Private Equity,""1,23,00,000"",nan"||
"424,05/12/17,Tata Housing,Real Estate,Residential Project,Mumbai,Hines,Private Equity,""2,30,00,000"",nan"||
"425,05/12/17,HandyTrain,Technology,Mobile Learning Management Platform,Goa,NB Ventures,Private Equity,""10,00,000"",nan"||
"426,05/12/17,Mobycy,Technology,Bicycle sharing Platform,Gurgaon,Undisclosed Investors,Seed/Angel Funding,""5,00,000"",nan"||
"427,06/12/17,Greenlight Planet,Technology,Off-grid solar products platform,Mumbai,""Apis Partner, Eight Roads Ventures, Bamboo Capital Partners"",Private Equity,""6,00,00,000"",nan"||
"428,06/12/17,Fintobox,Technology,Child Learning & Development Platform,Chennai,Lightbox,Private Equity,""70,00,000"",nan"||
"429,07/12/17,Mswipe,Technology,Mobile point of sale services provider,Mumbai,Eduardo Saverin,Private Equity,""1,00,00,000"",nan"||
"430,07/12/17,The Label Life,E-Commerce,Home Decor and Online Fashion Portal,Mumbai,Kalpvriksh,Private Equity,""31,00,000"",nan"||
"431,07/12/17,Cygnus Hospitals,Healthcare,Super speciality Hospitals,Gurgaon,Somerset Indus Capital Ventures,Seed/Angel Funding,""7,50,000"",nan"||
"432,07/12/17,eShakti,Ecommerce,""""""Women\\'s Fashion Clothing Online Platform"""""",Chennai,IDG Ventures,Debt Funding,""23,00,000"",nan"||
"433,08/12/17,Inshorts,Technology,Mobile News Curation App,Noida,Tiger Global,Private Equity,""50,00,000"",nan"||
"434,11/12/17,Vahdam Tea,E-Commerce,Online Platform Selling Indian Tea Globally,Delhi,""Singapore Angel Network, Mumbai Angel"",Private Equity,""15,00,000"",nan"||
"435,11/12/17,Logic Roots,Technology,Educational Platform to Learn Mathematics,Mumbai,Village Capital,Seed/Angel Funding,""50,000"",nan"||
"436,11/12/17,Project Mudra,Technology,Assisting Visually Impaired to learn through Braille,Bengaluru,Village Capital,Seed/Angel Funding,""50,000"",nan"||
"437,11/12/17,Furlenco,Technology,Furniture Rental Platform,Bengaluru,Aamir Khan,Debt Funding,""12,00,000"",nan"||
"438,12/12/17,I Can Stay,Technology,Hotel Aggregator Platform,Delhi,HT Media,Private Equity,""18,00,000"",nan"||
439,12/12/17,Fracktal Works,Technology,Platform based on 3D printing and Digital Manufacturing,Bengaluru,Hyderabad Angels,Seed/Angel Funding,N/A,nan||
"440,12/12/17,Simility,Technology,Adaptive Fraud Intelligence Platform,Hyderabad,Accel Partners,Private Equity,""1,75,00,000"",nan"||
"441,12/12/17,Shopholix,E-Commerce,Fashion and Lifestyle Coupon Platform,Gurgaon,Munesh Khanna,Seed/Angel Funding,""2,33,000"",nan"||
"442,13/12/17,MindTickle,Technology,Gamification Platform to train Sales People,Pune,Canaan Partners,Private Equity,""2,70,00,000"",nan"||
"443,13/12/17,Nazara Technologies,Technology,Mobile Games Development Firm,Mumbai,Rakesh Jhunjhunwala,Private Equity,""2,70,00,000"",nan"||
"444,13/12/17,DocsApp,Technology,Mobile Application for Doctor Consultation,Bengaluru,Bessemer Venture Partners,Private Equity,""72,00,000"",nan"||
"445,13/12/17,Capita World,Technology,Artificial Intelligence Platform to Raise Funds,Mumbai,""Mohan Tanksale, Kiran Shetty, Darshak Shah, Mandar Mhatre"",Private Equity,N/A,nan"||
"446,14/12/17,Tea Box,E-Commerce,Fresh Indian Tea Selling Platform across 112 countries,Bengaluru,RB Investments,Private Equity,""70,00,000"",nan"||
"447,14/12/17,Transversal Technologies,Technology,Hyperlocal Video Information Sharing Platform,Bengaluru,Matrix Partners,Private Equity,""60,00,000"",nan"||
"448,14/12/17,Curofy,Technology,Mobile App for Network of Doctors,Gurgaon,RoundGlass Partners LLC,Seed/Angel Funding,""2,50,000"",nan"||
"449,14/12/17,HomeLane,E-Commerce,Online Furniture Marketplace,Bengaluru,""Accel Partners, Sequoia Capital, RB Investments"",Private Equity,""1,00,00,000"",nan"||
450,14/12/17,WeDoSky,Technology,Provides Business Insights using Drone Imaginary,Delhi,Mumbai Angels Network,Private Equity,N/A,nan||
"451,15/12/17,Purplle,E-Commerce,Beauty Products Online Marketplace,Mumbai,""Mountain Pain Capital, Suncoast Investments"",Seed/Angel Funding,""5,37,000"",nan"||
"452,15/12/17,Cash Suvidha,E-Commerce,Online Micro-Lending Platform,Delhi,N/A,Debt Funding,""27,00,000"",nan"||
453,18/12/17,Sky Met Weather,Technology,Weather Forecast Platform,Noida,InsuResillience Investment Fund,Private Equity,N/A,nan||
"454,19/12/17,Springboard,Technology,Online Courses and Mentoring from Experts,Bengaluru,""Costanoa, Learn Capital, Jyoti Bansal"",Private Equity,""95,00,000"",nan"||
455,19/12/17,Peel Works,Technology,SaaS based Big Data Analytics Platform,Mumbai,Unilever Ventures,Private Equity,N/A,nan||
"456,19/12/17,9Stacks,Technology,Online Poker Platform,Delhi,""Swati Gupta, Purnima Khandelwal, Maheshwar Peri, Sanjay Singh"",Private Equity,""15,00,000"",nan"||
"457,20/12/17,Your Quote,Technology,Vernacular and Video Content Platform,Bengaluru,""Axilor Ventures, E-City VEntures Atul Goel"",Private Equity,""10,00,000"",nan"||
"458,20/12/17,Spandana Sphoorty,Finance,Micro finance institution providing small ticket unsecured loans to women,Hyderabad,""""""Kedaraa Capital, Ontario Teachers\\'"""""",Private Equity,""1,95,00,000"",nan"||
"459,21/12/17,Indus OS,Technology,Regional Operating System for Smartphones,Mumbai,Omidyar Network,Private Equity,""40,00,000"",nan"||
"460,21/12/17,EasyEcom,E-Commerce,Ecommerce enabler platform,Bengaluru,""Ambarish Gupta, Aneesh Reddy, Bold Ventures, Vona Investments"",Seed/Angel Funding,""1,50,000"",nan"||
461,21/12/17,IGP.com,E-Commerce,Online Gifting Platform,Uttar Pradesh,Venture Catalysts,Private Equity,N/A,nan||
"462,26/12/17,Specsmakers,E-Commerce,Online Spects Platform for Men and Women,Chennai,Eight Roads Ventures India,Private Equity,""1,00,00,000"",nan"||
463,27/12/17,Garage On Road,E-Commerce,Online vehicle service booking platform,Noida,Gaurav Gupta,Private Equity,N/A,nan||
"464,27/12/17,Foyr.com,Technology,Realty Tech Startup solving real life Interior Designing problems,Hyderabad,Jones Lang LaSalle,Private Equity,""38,00,000"",nan"||
"465,02/11/17,Prest Loans,Finance,Business & SME Loans provider,New Delhi,""Manish Poddar, Arun Garg, Parmeshwar Sharma"",Seed Funding,""5,70,000"",nan"||
466,02/11/17,AadharAPI.com,Technology,Aadhaar-based API provider,Pune,CIO Angel Network,Seed Funding,N/A,nan||
467,02/11/17,FreshBoxx,ECommerce,Online Grocery Store,Bangalore,Jayant Humbarwadi,Seed Funding,N/A,nan||
"468,03/11/17,Vagupu,Technology,Online Tutorial Marketplace,Bangalore,Undisclosed Investors,Seed Funding,""10,00,000"",nan"||
"469,03/11/17,HalaPlay,Consumer Internet,Online Fantasy Games,Mumbai,""Kae Capital Management, Nazara Technologies"",Seed Funding,N/A,nan"||
"470,03/11/17,Kalpnik Technologies,Technology,VR based Spiritual platform,Bangalore,Venture Catalysts,Seed Funding,""5,00,000"",nan"||
"471,04/11/17,Hevo Data,Technology,Real time data analytics & reporting,Bangalore,IDG Ventures India,Private Equity,""10,00,000"",nan"||
472,06/11/17,Smart Karma,Technology,Financial Technology Research Platform,Bangalore,IDG Ventures India,Private Equity,N/A,nan||
"473,06/11/17,Leverage Edu,ECommerce,Online platform for Higher Education Services,New Delhi,""Alok Mittal, Deepak Jain, Ritesh Malik, Jim Schimdktke"",Seed Funding,N/A,nan"||
474,07/11/17,Crayon Data,Technology,Customer Engagement Platform,New Delhi,Infosys co-founder Kris Gopalakrishnan,Seed Funding,N/A,nan||
"475,07/11/17,DocTalk,Technology,Doctor Patient Communication platform,Mumbai,""Matrix Partners India, Khosla Ventures"",Private Equity,""50,00,000"",nan"||
"476,07/11/17,CoveIoT,Technology,Wearable tech and Internet of Things platform,Bangalore,""Titan Co Ltd, Tata Group\\xe2\\x80\\x99s watch and jewellery retailing firm"",Private Equity,""50,00,000"",nan"||
"477,08/11/17,TalentEdge,Technology,Distance Education Learning Platform,Bangalore,Lumis Partners,Private Equity,""76,00,000"",nan"||
"478,08/11/17,Fisdom,Finance,Mutual Fund Investment App,Bangalore,Quona Capital Management,Private Equity,""30,00,000"",nan"||
"479,08/11/17,FarmLink,eCommerce,Online platform for Agricultural products,Mumbai,""Pioneering Ventures, Syngenta AG"",Private Equity,""30,00,000"",nan"||
"480,08/11/17,OpenApp,Technology,IoT based Tech Startup,Bangalore,""Axilor Ventures, Kumar Vembu"",Private Equity,""36,00,000"",nan"||
"481,09/11/17,NoPaperForms,Technology,Enrolment Management Platform,Delhi,Info Edge,Seed Funding,""8,72,000"",nan"||
482,09/11/17,Tilite Technologies Pvt. Ltd,Technology,Saas based Corporate Travel Management Solution,Bangalore,Matrix Partners,Seed Funding,N/A,nan||
"483,09/11/17,Mobiliz AR,Technology,Augmented Reality based Tech platform,Bangalore,""IDG Ventures, IDFC-Parampara Fund"",Private Equity,N/A,nan"||
"484,10/11/17,Qubole,Technology,Big Data based analytics platform,Bangalore,""Singtel, Innov8, Harmony Partners"",Private Equity,""2,50,00,000"",nan"||
485,10/11/17,Happily Unmarried,ECommerce,Online Gifting platform,Nw Delhi,Wipro Consumer Care,Private Equity,N/A,nan||
"486,13/11/17,Universal Sportsbiz Pvt. Ltd,ECommerce,Celebrity fashion accessories and merchandise,Mumbai,Accel Partners,PrivateEquity,""1,50,00,000"",nan"||
487,14/11/17,Hungry Foal,Ecommerce,Healthy & Nutrition based snacks online platform,Gurgaon,GAIL India Ltd,Seed Funding,N/A,nan||
"488,14/11/17,Active AI,Technology,AI based FinTech platform,Bangalore,Vertex Ventures,Private Equity,""82,50,000"",nan"||
"489,15/11/17,Sumeru,Technology,Banking Software License Platform,Bangalore,Undisclosed Investors,Seed Funding,""9,00,000"",nan"||
490,15/11/17,ElderAid Wellness,Health Care,Social Healthcare Enterprise,Bangalore,Rugmini Menon,Angel Funding,N/A,nan||
"491,15/11/17,Omnia Information,Technology,WiFi Analytics Platform,Delhi,Omidyar Network,Private Equity,""30,00,000"",nan"||
"492,15/11/17,Josh Talks,Inspiration,Storytelling platform,Gurgaon,""Girish Mathrubootham, Apurva Chamaria, Rohit Chanana"",Private Equity,N/A,nan"||
"493,15/11/17,Reniso,Technology,End-to-End property management for landlords living away,New Delhi,""Nishit Sharma, Alok Srivastava"",Seed Funding,N/A,nan"||
"494,17/11/17,Kanhaiya,Inspiration,Storytelling platform,Hyderabad,Undisclosed Investors,Seed/Angel Funding,""2,00,000"",nan"||
"495,17/11/17,Perspectico,Technology,Placement preparation and career growth training platform,Delhi,""SSCBS Innovation, Incubation Foundation (SIIF)"",Seed/Angel Funding,N/A,nan"||
"496,20/11/17,ONN Bikes,Technology,Self riding bike rental program,Mumbai,Z Nation Lab,Seed/Angel Funding,""6,92,000"",nan"||
"497,21/11/17,Rapido,Technology,Bike and Taxi pooling online platform,Hyderabad,""Skycatcher Fund, Aravind Sanka"",Seed/Angel Funding,""3,29,230"",nan"||
"498,21/11/17,Heckyl,Technology,Big Data Analytics Platform,Mumbai,""Notion Capital, IDG Ventures"",Private Equity,""27,00,000"",nan"||
"499,21/11/17,Nuvepro,Technology,Managed Cloud Environment Solutions,Mumbai,1Crowd,Seed/Angel Funding,""4,00,000"",nan"||
"500,21/11/17,RedBook,Technology,AI based pharmacy drugs insights platform,Mumbai,""Vida Ventures, Dr. Aniruddha Malpani"",Seed/Angel Funding,""2,50,000"",nan"||
"501,21/11/17,Portea,Healthcare,Healthcare facilities at doorstep,Bangalore,""Sabre Partners, MEMG CDC"",Private Equity,""2,60,00,000"",nan"||
502,21/11/17,Credit Mate,Technology,Vehicle loan approval platform,Mumbai,Paytm,Private Equity,N/A,nan||
"503,21/11/17,Epiq Capital,Finance,Tech based investor firm,Mumbai,Global Institutional Investors,Private Equity,""20,00,00,000"",nan"||
504,22/11/17,MiStay,Technology,Online Hotel Reservation Platform,Bangalore,Axilor Ventures,Seed/Angel Funding,N/A,nan||
505,23/11/17,WittyFeed,Storytelling,Viral Content and storytelling platform,Indore,Sandeep Aggarwal,Seed/Angel Funding,N/A,nan||
"506,24/11/17,IDG Ventures,Finance,Venture Capitalist,Bangalore,Uniliver Ventures,Private Equity,""1,00,00,000"",nan"||
"507,24/11/17,TempGo,Technology,IoT and SaaS based transportation platform,Goa,Javelin StartupO Victory Fund,Seed/Angel Funding,""2,50,000"",nan"||
"508,27/11/17,Edelweiss,Finance,Diversified Financial,Mumbai,Undisclosed investors,Private Equity,""27,00,00,000"",nan"||
"509,27/11/17,ERA,Technology,Identity management platform,Mumbai,Amit Patni,Seed/Angel Funding,""39,000"",nan"||
"510,27/11/17,Smaaash,Technology,Virtual Reality based gaming platform,Mumbai,Sixth Sense Ventures,Private Equity,""38,00,000"",nan"||
"511,28/11/17,Chumbak,Lifestyle,Designer-led consumer products,Bangalore,Gaja Capital,Private Equity,""1,30,00,000"",nan"||
"512,28/11/17,FR8,Technology,Online Truck aggregator platform,Chennai,IFMR Capital,Debt Funding,""15,00,000"",nan"||
"513,28/11/17,MobieFit,Healthcare,Health and fitness based mobile App,Goa,""NB Ventures, MediAssist"",Seed/Angel Funding,""13,50,000"",nan"||
"514,28/11/17,Stanza Living,Technology,Student accommodation platform,Delhi,""Matrix PArtners, Accel"",Private Equity,""20,00,000"",nan"||
"515,03/10/17,ChqBook,Consumer Internet,Home Loans Aggregation platform,Gurgaon,""Startup Buddy, Apurva Chamaria,Sachin Arora, Bharat Gupta, Amit Manocha"",Seed Funding,N/A,nan"||
516,03/10/17,HomeCapital,Consumer Internet,Home Loan Down payment assistance program,Mumbai,Venture Catalysts,Seed Funding,N/A,nan||
"517,03/10/17,Ola Cabs,Consumer Internet,App based cab hailing services,Bangalore,""Tencent, Softbank Group"",Private Equity,""11,00,00,000"",nan"||
518,04/10/17,Elanic,Consumer Internet,P2P platform for Fashion sales,Bangalore,Digital Garage,Seed Funding,N/A,nan||
"519,04/10/17,CollPoll,Consumer Internet,Education collaboration platform,Bangalore,Sprout Angels,Seed Funding,""3,06,000"",nan"||
"520,04/10/17,PhonePe,Consumer Internet,Digital Wallet,Bangalore,Flipkart,Private Equity,""3,87,00,000"",nan"||
"521,05/10/17,Little Black Book,Consumer Internet,Local Recommendations and Discoveries Platform,New Delhi,""Blume Ventures, IDG Ventures & Indian Angel Network"",Private Equity,""10,00,000"",nan"||
"522,05/10/17,Oorjan,Technology,rooftop solar platform,Mumbai,Globevestor,Seed Funding,""4,50,000"",nan"||
"523,05/10/17,Zefo,ECommerce,Ecommerce Portal for Used Goods,Bangalore,""Sequoia India, Helion Venture Partners, Beenext"",Private Equity,""92,00,000"",nan"||
"524,06/10/17,Yaantra,ECommerce,Mobile repair and Refurbishment platform,New Delhi,Carpediem Capital,Private Equity,""31,00,000"",nan"||
"525,06/10/17,Farm Taaza,Technology,Fresh Produce SCM company,Bangalore,""Epsilon Venture Partners, Tara India Fund IV and others"",Private Equity,""80,00,000"",nan"||
"526,06/10/17,Drivezy,Consumer Internet,Self Drive car and bike rental platform,Bangalore,""Das Capital, Axan Partners, Das Capital and IT Farm"",Private Equity,""1,00,00,000"",nan"||
"527,06/10/17,Slice Pay,Consumer Internet,Student Micro-financing platform,Bangalore,""Das Capital, Simile Ventures"",Private Equity,""20,00,000"",nan"||
528,09/10/17,Agrowave,Technology,Agriculture Supply Chain management solutions,Gurgaon,Daffodil Software,Seed Funding,N/A,nan||
"529,09/10/17,MyGubbi,eCommerce,Home Interior Designing Seller,Bangalore,""Firoze Irani, Vipul Parekh, Ananda Kallugadde, Rajesh K Murthy"",Private Equity,""27,00,000"",nan"||
530,09/10/17,IBSFintech,Technology,Treasury Risk Management Solution,Bangalore,Shailesh Haribhakti,Seed Funding,N/A,nan||
531,09/10/17,Letsservice,Consumer Internet,Auto Service Logistics & SAAS platform,Bangalore,Aequs Group,Private Equity,N/A,nan||
"532,09/10/17,OneStepUp,Technology,Education Technology platform,New Delhi,Orient BlackSwan,Seed Funding,""3,36,000"",nan"||
"533,09/10/17,ThirdWatch,Technology,AI-powered anti-fraud solutions,Gurgaon,""Rahul Agarwalla, Keshav Sanghi, Batlivala & Karani Securities"",Seed Funding,N/A,nan"||
"534,10/10/17,Parallel Dots,Technology,AI-powered deep learning solutions,Gurgaon,""Multipoint Capital,"",Private Equity,""14,00,000"",nan"||
"535,10/10/17,Easy Diner,Consumer Internet,online restaurant reservation platform,Gurgaon,Saama Capital and DSG Consumer Partners,Private Equity,""45,00,000"",nan"||
"536,11/10/17,Meesho,ECommerce,Online Reseller Network,Bangalore,""SAIF Partners, YCombinator, Venture Highway"",Private Equity,""31,00,000"",nan"||
"537,11/10/17,StanPlus,Logistics,Medical Transportation Services,Hyderabad,KStart Capital,Private Equity,""11,00,000"",nan"||
"538,12/10/17,UCLID,Technology,""Education Network for Institutions, teachers & Students"",Hyderabad,Undisclosed investors,Seed Funding,""2,35,000"",nan"||
"539,13/10/17,Policy Bazaar,Consumer Internet,Online insurance policy aggregator,Gurgaon,""Wellington Management, DG Ventures India, True North"",Private Equity,""7,70,00,000"",nan"||
"540,13/10/17,Gapoon,Consumer Internet,home maintenance services platform,Bangalore,""Vida Ventures, Snehal Mantri, Anshu Bahadur"",Seed Funding,""2,50,000"",nan"||
"541,13/10/17,Chaayos,eCommerce,Online Chai ordering platform,Gurgaon,Tiger Global Management,Private Equity,""20,00,000"",nan"||
"542,16/10/17,KrazyBee,Consumer Internet,Micro-lending platform,Bangalore,""Xiaomi Technologies, Shunwei Capital"",Private Equity,""80,00,000"",nan"||
"543,16/10/17,Renew Buy,Consumer Internet,Online Insurance Aggregator,New Delhi,Amicus Capital,Private Equity,""92,00,000"",nan"||
"544,17/10/17,Fingerlix,Consumer Internet,Food Ordering Portal,Bangalore,""Accel Partners, Zephyr Peacock"",Private Equity,""70,00,000"",nan"||
"545,18/10/17,Bank Bazaar,Consumer Internet,Online Financial Marketplace,Chennai,Experian,Private Equity,""70,00,000"",nan"||
"546,18/10/17,Hasura,Technology,App building platform,Chennai,""Nexus, GREE Ventures"",Private Equity,N/A,nan"||
"547,18/10/17,BlackBuck,Logistics,B2B Logistics provider,Bangalore,Innoven Capital,Private Equity,""77,00,000"",nan"||
"548,18/10/17,LenDen Club,Consumer Internet,Online peer-to-peer lending platform,Mumbai,Undisclosed Investor,Seed Funding,""5,00,000"",nan"||
"549,23/10/17,Toppr,Consumer Internet,Mobile based learning app,Mumbai,""SAIF Partners, Helion Ventures, FIL Capital Management"",Private Equity,""70,00,000"",nan"||
"550,23/10/17,RAW Pressery,Food & Beverage,Cold pressed Juice maker,Mumbai,""DSG Consumer Partners, Sequoia Capital, Saama Capital"",Private Equity,""60,00,000"",nan"||
"551,23/10/17,Cashe,Consumer Internet,app-only lending platform,Mumbai,IFMR Capital,Debt Funding,""31,00,000"",nan"||
"552,23/10/17,Park Easy,Consumer Internet,Machine learning based parking discovery,Kolkata,Rockstart Accelerator,Seed Funding,""1,18,000"",nan"||
"553,24/10/17,TagBox,Technology,Cold Chain monitoring solution,Bangalore,""Indian Angel network, IAN Fund"",Seed Funding,N/A,nan"||
"554,24/10/17,FYRE,Food & Beverage,Herbal energy shot maker,Mumbai,Venture Catalysts,Seed Funding,""5,00,000"",nan"||
"555,24/10/17,ZipLoan,Consumer Internet,SME lending platform,New Delhi,""Matrix Partners India, WaterBridge Ventures, Whiteboard Capital, Sarbvir Singh"",Private Equity,""30,00,000"",nan"||
"556,24/10/17,Skillenza,Consumer Internet,Online Learning Platform,Bangalore,""Blume Ventures, Indian Angel Network"",Seed Funding,""7,22,000"",nan"||
557,24/10/17,Chevon,Food & Beverage,Frozen Meat provider,Mumbai,Greenfield Advisory,Private Equity,N/A,nan||
"558,25/10/17,PropStory,Consumer Internet,Real Estate content portal,Gurgaon,""Abhishek Bhatewara, Vivek Shah, Haitong Securities, Suraj Saharan, Paras Arora"",Seed Funding,N/A,nan"||
"559,25/10/17,SpotDraft,Consumer Internet,Contract Automation,Gurgaon,""Hunch Ventures, Spiral Ventures, 500 Startups, Singapore Angel Network, Citrus Payments"",Seed Funding,""5,50,000"",nan"||
"560,26/10/17,Big Basket,eCommerce,Online Grocery portal,Bangalore,Helion Ventures Partners,Private Equity,""50,00,000"",nan"||
"561,27/10/17,OfBusiness,Technology,B2B Finance & Fulfilment Network,Gurgaon,Kotak Mahindra Bank,Debt Funding,""38,00,000"",nan"||
"562,27/10/17,Olly Credit,Technology,Credit + payment mobile app,New Delhi,""Incubate Fund, Sandesh Kirkire, Anand Kumar, Yogesh Chaudhary"",Seed Funding,N/A,nan"||
"563,28/10/17,CashFree,Technology,Payments Platform for Marketplaces and Fintechs,New Delhi,Y Combinator,Seed Funding,""1,20,000"",nan"||
"564,28/10/17,Ola Cabs,Consumer Internet,App based cab hailing services,Bangalore,ANI Technologies Pvt. Ltd,Private Equity,""77,00,000"",nan"||
"565,30/10/17,GoldFarm,Food & Beverage,Agriculture Technology,Coimbatore,Mahindra & Mahindra and Infuse Ventures,Private Equity,""20,00,000"",nan"||
"566,31/10/17,NetMeds,ECommerce,Online Pharmacy,Chennai,TannCam Investment & Sistema Asia Fund,Private Equity,""1,40,00,000"",nan"||
"567,31/10/17,MSE,Finance,Equity Stock Exchange,Mumbai,""IL&FS, Trust Capital, Rosy Blue Securities, Radhakrishan Damani and Rakesh Jhunjhunwala"",Private Equity,""3,20,00,000"",nan"||
"568,01/09/17,Aahaa Stores,eCommece,Online B2B store for office supplies,Chennai,YourNest Angel Fund,Private Equity,""10,00,000"",nan"||
"569,01/09/17,MFine,Consumer Internet,Online Doctor Discovery platform,Bangalore,""Stellaris Venture Partners, Mayur Abhaya, Rohit MA"",Private Equity,""15,00,000"",nan"||
"570,01/09/17,Canvera,Consumer Internet,Online Photography platform,Mumbai,InfoEdge,Private Equity,""13,00,000"",nan"||
"571,04/09/17,PrimaryIO,Technology,Application Performance Acceleration,Pune,""Accel Partners, Exfinity Ventures, Partech Ventures"",Private Equity,""56,00,000"",nan"||
"572,05/09/17,Shubh Loans,Consumer Internet,online lending platform,Bangalore,""SRI Capital, BeeNext, Pravega Ventures"",Private Equity,""15,00,000"",nan"||
"573,05/09/17,Nest Education,Technology,EduTech Platform,Gurgaon,""Michael and Susan Dell Foundation, Anand Mahindra"",Seed Funding,""6,00,000"",nan"||
"574,06/09/17,Lending Kart,Consumer Internet,Online Lending Platform,Ahmedabad,""Bertelsmann India, Mayfield Capital, Saama Capital, Darrin Capital"",Private Equity,""1,07,50,000"",nan"||
"575,06/09/17,GoFro,Consumer Internet,Online travel booking platform,New Delhi,""HIS Co. Ltd, MakeMyTrip"",Private Equity,""1,00,00,000"",nan"||
"576,06/09/17,OncoStem,Healthcare,Medical Diagnostic Solutions,Bangalore,""Sequoia Capital India, Artiman Ventures"",Private Equity,""60,00,000"",nan"||
"577,06/09/17,Power2SME,eCommerce,Buying Club for Small Businesses,Gurgaon,""International Finance Corporation (IFC), Inventus Capital Partners, Accel Partners, Kalaari Capital, and Nandan Nilekani,"",Private Equity,""2,60,00,000"",nan"||
"578,07/09/17,Credit Vidya,Consumer Internet,Online Credit scoring platform,Mumbai,Matrix Partners,Private Equity,""50,00,000"",nan"||
579,07/09/17,Tails Life,Consumer Internet,Pet care portal & mobile app,Bangalore,V Balakrishnan.,Private Equity,N/A,nan||
"580,07/09/17,OYO Rooms,Consumer Internet,Branded budget hotels marketplace,Gurgaon,""SoftBank Group, Sequoia Capital India, Lightspeed Venture Partners, Greenoaks Capital, Hero Enterprise"",Private Equity,""25,00,00,000"",nan"||
"581,07/09/17,Early Salary,Consumer Internet,Online Unsecured Lending platform,Pune,IFMR Capital,Debt Funding,""7,80,000"",nan"||
582,07/09/17,MamaEarth,eCommerce,online babycare products marketplace,Gurgaon,Fireside Ventures,Seed Funding,N/A,nan||
"583,07/09/17,Seniority,eCommerce,Ecommerce portal for senior citizens,Pune,RPG Enterprises,Private Equity,""10,00,000"",nan"||
"584,08/09/17,AYE Finance,Consumer Internet,Micro Lending Platform,New Delhi,""Triodos Investment Management,"",Debt Funding,""69,00,000"",nan"||
"585,08/09/17,Farmizen,Technology,Agre-Tech Mobile app,Bangalore,""Venture Highway, Alok Mittal, Mohit Agarwal, Anuj Gupta,"",Seed Funding,N/A,nan"||
"586,11/09/17,Ecom Express,Logistics,Logistics Solutions provider,New Delhi,Warburg Pincus,Private Equity,""3,00,00,000"",nan"||
"587,11/09/17,Call Health,Consumer Internet,Healthcare Services Aggregator,Hyderabad,""Sachin Tendulkar, P.V SIndhu, Pullela Gopichand"",Private Equity,""62,00,000"",nan"||
"588,12/09/17,Sattviko,eCommerce,Health Food etailer,New Delhi,""Raman Roy, Arvind Uppal, Sonu Bhasin, G Ravishankar"",Seed Funding,N/A,nan"||
"589,12/09/17,3HCare,Consumer Internet,Healthcare services portal,New Delhi,Undisclosed Investor,Seed Funding,""1,00,000"",nan"||
"590,12/09/17,Tonbo Imaging,Technology,Imaging Technology for Armed Forces,Bangalore,""WRV Capital, Qualcomm Ventures, Edelweiss Private Equity, Artiman Ventures"",Private Equity,""1,70,00,000"",nan"||
"591,12/09/17,Get My Parking,Consumer Internet,Smart Parking Enabler,New Delhi,""IAN Fund, Beenext, Indian Angel Network"",Private Equity,""30,00,000"",nan"||
"592,13/09/17,WittyFeed,Technology,Content marketing platform,Indore,""Anand Chandrasekaran, Apurva Chamaria, Ritesh Malik, Ashish Toshniwal, Ajeet Khurana"",Seed Funding,N/A,nan"||
"593,13/09/17,Glowroad,Consumer Internet,women focussed customer-to-customer reseller network,Bangalore,""Accel Partners,"",Private Equity,""20,00,000"",nan"||
"594,13/09/17,OYO Rooms,Consumer Internet,budget hotel marketplace,Gurgaon,China Lodging Group,Private Equity,""1,00,00,000"",nan"||
"595,13/09/17,Unacademy,Consumer Internet,Online learning platform,Mumbai,""Sequoia Capital India, SAIF Partners, Nexus Venture Partners and Blume Ventures,"",Private Equity,""1,15,00,000"",nan"||
"596,13/09/17,Heterogenous,Technology,Telecom & IoT platform,Chennai,""Chennai Angels, Keiretsu Forum & Others"",Seed Funding,""7,80,000"",nan"||
"597,14/09/17,Gurukul,Consumer Internet,co-working space provider,New Delhi,""Rohit Nanda, Rajit Nanda, Smarak Bhuyan, Sashwat Brahma,"",Seed Funding,N/A,nan"||
"598,14/09/17,Smaaash,Technology,Virtual Reality gaming and entertainment platform,Mumbai,ECL Finance,Private Equity,""4,40,00,000"",nan"||
"599,14/09/17,WheelStreet,Consumer Portal,Bike Rental Platform,Bangalore,Y Combinator,Seed Funding,""1,20,000"",nan"||
"600,14/09/17,Xprep,Consumer Internet,Online Tutoring Platform,New Delhi,""Rising Stars, Manish Amin, Pallav Pandey, Chavi Jafa"",Private Equity,N/A,nan"||
"601,18/09/17,The Moms Co,eCommerce,Pregnancy & Baby Care product etailer,Gurgaon,""DSG Consumer Partners, Saama Capital"",Private Equity,""10,00,000"",nan"||
"602,19/09/17,Noticeboard,Technology,""mobile-first communication platform for on-field staff,"",Bangalore,""Shamik Sharma, Aprameya Radhakrishna"",Seed Funding,N/A,nan"||
"603,19/09/17,High Radius,Technology,Integrated receivables software solutions,Hyderabad,Susquehanna Growth Equity LLC,Private Equity,""5,00,00,000"",nan"||
604,20/09/17,HWell24 Plus,Healthcare,Technology-Empowered Healthcare Solutions,Mumbai,Undisclosed Investors,Seed Funding,N/A,nan||
"605,21/09/17,SaveBC,Finance,financial services firm,Gaya,Incofin Investment Management.,Private Equity,""60,00,000"",nan"||
606,21/09/17,Gaming Monk,Consumer Internet,E-sports platform,New Delhi,AdvantEdge,Private Equity,N/A,nan||
"607,21/09/17,91SpringBoard,Consumer Internet,Co-working spaces,New Delhi,""Sandway Investment Ltd, Pearl Brook Holdings, Silo Holdings and Al Nour"",Private Equity,N/A,nan"||
"608,21/09/17,Homergize,eCommerce,Home Furnishing & Building material marketplace,Bangalore,LG Chandrasekhar,Private Equity,""10,00,000"",nan"||
"609,22/09/17,Yatra.com,eCommerce,Online Travel Agency,Gurgaon,InnoVen Capital India,Debt Funding,""1,54,00,000"",nan"||
610,22/09/17,Ace Turtle,Technology,Omni-channel web commerce solutions provider,Bangalore,InnoVen Capital,Private Equity,N/A,nan||
611,25/09/17,Vogo,Consumer Internet,Scooter Rental Platform,Bangalore,AV Thomas Group,Seed Funding,N/A,nan||
"612,25/09/17,Synup,Technology,SME Marketing Management Solution,Bangalore,""Vertex Ventures, Prime Venture Partners."",Private Equity,""60,00,000"",nan"||
613,25/09/17,Tinmen,Consumer Internet,Food Delivery platform,Hyderabad,Zomato Media Pvt. Ltd,Private Equity,N/A,nan||
614,25/09/17,Cropin,Technology,Crop Technology Solutions,Bangalore,Beenext,Private Equity,N/A,nan||
"615,25/09/17,Rapido,Consumer Internet,Bike Aggregator Mobile App,Bangalore,Battery Road Digital Holdings LLC,Seed Funding,""4,22,000"",nan"||
"616,25/09/17,Sportobuddy,Consumer Internet,Sports & Sport related equipment portal,Mumbai,Mehul Shah,Seed Funding,""1,50,000"",nan"||
617,26/09/17,Credifiable,Consumer Internet,Online consumer lending platform,Bangalore,Kae Capital,Private Equity,N/A,nan||
"618,26/09/17,Inclov,Consumer Internet,Matchmaking app for the differently abled,Gurgaon,""Rajan Anandan, Jamil Khatri, Ravi Iyer, Raghav Bahl"",Seed Funding,N/A,nan"||
"619,26/09/17,Multibhashi,Consumer Internet,Language learning Mobile App,Bangalore,""Aniruddha Malpani, Startup Oasis"",Seed Funding,N/A,nan"||
"620,27/09/17,Transerve,Technology,Geospatial Technology-based SaaS solutions,Mumbai,""IL&FS Investment Managers, Omidyar Network."",Private Equity,""16,00,000"",nan"||
"621,27/09/17,Fashalot,Consumer Internet,O2O fashion discovery platform,Gurgaon,""Capillary Technologies, Whiteboard Capital, YourNest Angel Fund, Rajul Garg"",Private Equity,N/A,nan"||
"622,27/09/17,Pitstop,Consumer Internet,Car repair and Servicing Platform,Bangalore,""Blume Ventures, Goldbell Group, Anurag Srivastava, Shailesh Rao, Amiya Pathak, Rajesh Yohanan and Rahul Garg"",Private Equity,""10,00,000"",nan"||
"623,27/09/17,GoChoppers,Consumer Internet,Luxury Helicopter Tourism Services portal,Gurgaon,""Rivergate Capital,"",Seed Funding,N/A,nan"||
"624,27/09/17,MyUpchar,Consumer Internet,Local Language Health Information portal,New Delhi,LetsVenture,Seed Funding,""3,00,000"",nan"||
"625,28/09/17,Aadyah,Technology,Defense Tech & Aerospace startup,Bangalore,Keiretsu Forum,Private Equity,""10,00,000"",nan"||
"626,01/08/17,TouchKin,Technology,Predictive Care Platform,Bangalore,Kae Capital,Private Equity,""13,00,000"",nan"||
627,02/08/17,Ethinos,Technology,Digital Marketing Agency,Mumbai,Triton Investment Advisors,Private Equity,N/A,nan||
"628,02/08/17,Leverage Edu,Consumer Internet,Online platform for Higher Education Services,New Delhi,""Kashyap Deorah, Anand Sankeshwar, Deepak Jain, Sadashiva NT, Arjun Mehta, Satish Kaul, Anindya Ghose"",Seed Funding,N/A,nan"||
"629,02/08/17,Zepo,Consumer Internet,DIY Ecommerce platform,Mumbai,""Kunal Shah, LetsVenture, Anupam Mittal, Hetal Sonpal"",Seed Funding,""5,00,000"",nan"||
"630,02/08/17,Click2Clinic,Consumer Internet,healthcare service aggregator,Hyderabad,""Narottam Thudi, Shireesh Palle"",Seed Funding,""8,50,000"",nan"||
"631,03/08/17,SpeedBox,Logistics,On-Demand Logistics Service provider,Mumbai,Cismat Cargo Services Pvt. Ltd.,Seed Funding,""3,00,000"",nan"||
632,03/08/17,Skill Connect,Consumer Internet,Recruitment Portal,Jaipur,Rajasthan Angel Investor Network,Seed Funding,N/A,nan||
"633,03/08/17,Chai Point,Consumer Internet,Tea Delivery Portal & offline stores,Bangalore,""DSG Consumer Partners, Eight Roads Ventures India"",Private Equity,N/A,nan"||
634,03/08/17,Zoctr,Consumer Internet,Health Products & Services Aggregator,Mumbai,SIDBI,Private Equity,N/A,nan||
635,04/08/17,Lime Tray,Technology,Restaurant Management Solutions,New Delhi,JSW Ventures,Private Equity,N/A,nan||
"636,04/08/17,CoutLoot,eCommerce,Fashion Resale Marketplace,Mumbai,""Anuj Puri, Redcliffe Capital, Artha India Ventures, Siddharth Kothari, Apoorv Ranjan Sharma,"",Seed Funding,N/A,nan"||
"637,04/08/17,Box My Space,Logistics,Warehouse Aggregator,Mumbai,""R. Jayakumar, Vaibhav Vohra, Aditya Vazirani, Rhea Vazirani, AVN Business Solutions, Dreamweaver Investments"",Seed Funding,N/A,nan"||
638,05/08/17,Curatio,Healthcare,Skincare Speciality services,Chennai,Anicut Capital,Private Equity,N/A,nan||
"639,08/08/17,New Castle Technologies,Technology,Hospital Management Software,Chennai,Undisclosed investors,Seed Funding,""2,43,000"",nan"||
"640,08/08/17,My Forex Eye,Consumer Internet,foreign exchange services,New Delhi,""Rahul Dev Kumar, Rajesh Mahajan, Ankit Sharma and others"",Seed Funding,""2,20,000"",nan"||
"641,09/08/17,TruxApp,Logistics,Mobile based Logistics Service,New Delhi,""Venugopal Dhoot, Ajay Bhatia, Tarun Khandelwal, Ganpat Singhvi, Mandhian family & Others"",Seed Funding,""31,00,000"",nan"||
"642,09/08/17,CroFarm,Technology,Agriculture Supply Chain solutions,Gurgaon,Factor[e] Ventures,Seed Funding,""7,83,000"",nan"||
643,09/08/17,DoodhWala,Consumer Internet,Online milk delivery,Bangalore,Tom Varkey,Seed Funding,N/A,nan||
"644,10/08/17,Stayabode,Consumer Internet,Co-Living space aggregator,Bangalore,""Incubate Fund, Sanjay Shenoy, Mridul Upreti,"",Private Equity,N/A,nan"||
"645,11/08/17,Flipkart,eCommerce,Online Marketplace,Bangalore,Softbank,Private Equity,""2,50,00,00,000"",nan"||
646,11/08/17,Moong Labs,Technology,Mobile games developer,New Delhi,Nazara Games,Private Equity,N/A,nan||
"647,11/08/17,Ola Cabs,Consumer Internet,App based cab aggregation Service,Gurgaon,Tekne Capital Management,Private Equity,""3,60,00,000"",nan"||
"648,14/08/17,Sports Flashes,Consumer Internet,Sports Content Mobile App,New Delhi,""Bennett, Coleman and Company Ltd (BCCL),"",Private Equity,N/A,nan"||
"649,14/08/17,Digilend,Technology,Personal Loans & EMI solutions platform,Mumbai,""InCred Finance, Fullerton India Credit Company Ltd"",Seed Funding,""3,12,000"",nan"||
"650,15/08/17,KNAB Finance,Consumer Internet,Unsecured Small Business Loans,Bangalore,""InCred, Krishnakumar Natarajan, Ravi Bhardwaj"",Seed Funding,""3,85,000"",nan"||
"651,17/08/17,Get Simpl,Consumer Internet,Payment Solution Mobile app,Mumbai,""Green Visor Capital LP II, IA Venture Strategies Fund II LP, Boillot Family Trust, Russell M Byrne, The Oliver R. Grace, Jr. Millennium Trust, SF Capital Investments LP"",Seed Funding,N/A,nan"||
"652,20/08/17,Rootefy,eCommerce,Building material online store,New Delhi,""Abhinav Gupta,"",Seed Funding,""1,87,000"",nan"||
"653,21/08/17,Uniphore,Technology,speech recognition startup,Chennai,IDG Ventures,Private Equity,""68,00,000"",nan"||
"654,21/08/17,Cerebroz,Consumer Internet,E-Tech platform,Vadodara,Undisclosed HNI\\xe2\\x80\\x99s,Seed Funding,""7,34,000"",nan"||
"655,22/08/17,Flochat,Consumer Internet,instant messaging platform,Mumbai,""iSquare Global,"",Seed Funding,N/A,nan"||
"656,22/08/17,EasyGov,Consumer Internet,Govt service application portal,Noida,""Social Alpha, Rajan Anandan, Rajeev Ahuja, Kshitij Arora"",Seed Funding,N/A,nan"||
657,23/08/17,Milk Basket,Consumer Internet,Online Grocery platform,Gurgaon,Blume Ventures. Lenovo Capital and Incubator Group (LCIG),Seed Funding,N/A,nan||
"658,23/08/17,Dhruva,Technology,Cloud data protection and management solutions,Pune,""Riverwood Capital, Sequoia Capital India, Nexus Venture Partners, Tenaya Capital"",Private Equity,""8,00,00,000"",nan"||
"659,23/08/17,Bombay Shaving Company,eCommerce,Men Grooming product etailer,New Delhi,Fireside Ventures,Private Equity,""23,00,000"",nan"||
"660,23/08/17,Awign,Technology,Operations and manpower outsourcing,Bangalore,""IIT Ropar, Imanpreet Singh Arora, Sidharth Rozario, Saurabh Abichandani, Shikhar Gupta,"",Seed Funding,N/A,nan"||
"661,23/08/17,Indiez,Technology,Software & Mobile app development platform,Bangalore,Haresh Chawla,Seed Funding,""5,00,000"",nan"||
"662,24/08/17,Ezetap,Technology,mPOS solutions provider,Bangalore,""JS Capital Management, Social Capital, Horizons Ventures,"",Private Equity,""1,60,00,000"",nan"||
"663,25/08/17,Ink Monk,Consumer Internet,Online printing marketplace,Chennai,""VAMM Ventures, Raksul, Dena"",Seed Funding,""7,50,000"",nan"||
"664,25/08/17,Medinfi,Consumer Internet,Online Doctor Discovery Platform,Bangalore,""PBS Srinivas, Vinod Martin,"",Seed Funding,""1,25,000"",nan"||
"665,28/08/17,Mobikon,Technology,Restaurant & Hotel CRM platform,Pune,""Sistema Asia Fund, C31 Ventures, Qualgro."",Private Equity,""70,00,000"",nan"||
"666,29/08/17,CureFit,Consumer Internet,End to End health and wellness platform.,Bangalore,""Accel Partners, IDG Ventures, Kalaari Capital,\\xc2\\xa0 UC-RNT fund"",Private Equity,""2,50,00,000"",nan"||
"667,29/08/17,Doxper,Technology,Healthtech IoT platform,Mumbai,""idal Health, growx ventures, Capier Investments, Globevestor & others"",Seed Funding,""7,50,000"",nan"||
668,29/08/17,Fieldassist,Technology,SAAS based sales force automation services,Gurgaon,Small Industries Development Bank of India (SIDBI),Debt Funding,N/A,nan||
"669,30/08/17,Treebo,Consumer Internet,Budget Hotel Aggregator platform,Bangalore,""Ward Ferry Management and Karst Peak Capital,"",Private Equity,""3,40,00,000"",nan"||
"670,30/08/17,MedGenome,Technology,Genomics Research and Diagnostics Solutions,Bangalore,""Sequoia India, Sofina s.a., Zodius Capital, Kris Gopalakrishnan, Lakshmi Narayanan,"",Private Equity,""3,00,00,000"",nan"||
"671,01/07/17,Billion Loans,Consumer Internet,Peer to Peer Lending platform,Bangalore,Reliance Corporate Advisory Services Ltd,Seed Funding,""10,00,000"",nan"||
"672,03/07/17,Ecolibriumenergy,Technology,Energy management solutions provider,Ahmedabad,""Infuse Ventures, JLL"",Private Equity,""26,00,000"",nan"||
"673,04/07/17,Droom,eCommerce,Online marketplace for automobiles,Gurgaon,""Asset Management (Asia) Ltd, Digital Garage Inc"",Private Equity,""2,00,00,000"",nan"||
"674,05/07/17,Jumbotail,eCommerce,online marketplace for food and grocery,Bangalore,""Kalaari Capital, Nexus India Capital Advisors"",Private Equity,""85,00,000"",nan"||
"675,05/07/17,Moglix,eCommerce,B2B marketplace for Industrial products,Noida,""International Finance Corporation, Rocketship, Accel Partners, Jungle Ventures, Shailesh Rao, Venture Highway"",Private Equity,""1,20,00,000"",nan"||
"676,05/07/17,Timesaverz,Consumer Internet,Hyperlocal home services provider,Mumbai,BCCL,Private Equity,""10,00,000"",nan"||
"677,06/07/17,Minjar,Technology,Cloud Solutions provider,Bangalore,""Blume Ventures, Contrarian Capital India Partners, Emergent Ventures India, Pallav Nadhani, Ashish Gupta, Sharad Sharma, Sirion Labs"",Seed Funding,N/A,nan"||
678,06/07/17,MyCity4kids,Consumer Internet,parenting blog and kids\\xe2\\x80\\x99 events discovery platform,Gurgaon,N/A,Seed Funding,N/A,nan||
"679,07/07/17,Clip App,Consumer Internet,Digital Media Video platform,Bangalore,""India Quotient, Shunwei Capital"",Seed Funding,""10,00,000"",nan"||
"680,07/07/17,Upwardly.in,Consumer Internet,MF investment platform,Bangalore,""Sreeram Iyer, Suvo Sarkar, Anita Gupta, Likemind Ventures"",Seed Funding,N/A,nan"||
"681,10/07/17,Autorox.co,Technology,Workshop Management Software Platform,Hyderabad,Mitsui & Co.,Private Equity,""30,00,000"",nan"||
"682,11/07/17,Fabogo,Consumer Internet,Salon & Spa Aggregation & Discovery platform,Pune,Dunamis Ventures Pte Ltd,Private Equity,""22,50,000"",nan"||
"683,11/07/17,Flickstree,Consumer Internet,Video Content Discovery Platform,Mumbai,""Venture Catalysts, Sourav Ganguly, Ankit Aditya, Moksh Sports Ventures"",Seed Funding,""4,64,000"",nan"||
"684,11/07/17,Design Cafe,Consumer Internet,Online Interior Design platform,Bangalore,""Fireside Ventures, Apurva Salarpuria, Sidharth Pansari, Sprout Capital"",Seed Funding,N/A,nan"||
"685,12/07/17,Innoviti,Technology,Digital payments solutions,Bangalore,""SBI-FMO Fund, Bessemer Venture Partners, Catamaran Ventures"",Private Equity,""1,85,00,000"",nan"||
"686,12/07/17,VDeliver,Logistics,Door Step Delivery platform,Hyderabad,""Corvus Ventures, MAPE Advisory Group"",Private Equity,N/A,nan"||
"687,12/07/17,Bottr.me,Technology,Chatbot creation tool,Bangalore,""500 Startups, Purvi Capital, Rajan Anandan, Abhishek Gupta"",Seed Funding,N/A,nan"||
688,12/07/17,Arcatron,Technology,Next Gen Mobility device manufacturer,Pune,Indian Angel Network,Seed Funding,N/A,nan||
"689,14/07/17,QwikSpec,Technology,Construction site operations and analytics platform,Bangalore,""Brigade Innovations LLP, TV Mohandas Pai, Suhail Rahman, Bobby Reddy, M George Oommen"",Seed Funding,""5,40,000"",nan"||
"690,14/07/17,Chumbak,eCommerce,Designer consumer products Marketplace,Bangalore,Blacksoil Capital Pvt. Ltd,Private Equity,""17,00,000"",nan"||
"691,17/07/17,Increff,Technology,Sales Solutions for Fashion Brands,Bangalore,""Sequoia Capital, Grey Orange, Rajesh Ramaiah, Anshuman Das, Rishi Das"",Seed Funding,""20,00,000"",nan"||
"692,17/07/17,Vayana,Technology,Enterprise Banking Solutions,Pune,""IDG Ventures India Advisors, Jungle Ventures"",Private Equity,""40,00,000"",nan"||
693,18/07/17,MObiquest,Technology,Mobile Services & Solutions,Noida,One97 Communication Ltd,Private Equity,N/A,nan||
"694,18/07/17,Ambee,Consumer Internet,Ambulance Aggregation Services,Hyderabad,""Uber Technologies Inc, Amaya Capital LLP"",Seed Funding,N/A,nan"||
695,18/07/17,Ideal Insurance,Consumer Internet,Online Insurance platform,Kolkata,Xelpmoc,Seed Funding,N/A,nan||
696,18/07/17,Hypernova Interactive,Technology,Mobile games creator,Bangalore,Kae Capital,Seed Funding,N/A,nan||
"697,19/07/17,Rentomojo,Consumer Internet,Consumer Leasing Platform,Bangalore,""ain Capital Ventures, Renaud Laplanche"",Private Equity,""1,00,00,000"",nan"||
698,19/07/17,AirCTO,Consumer Internet,AI powered recruitment platform,Bangalore,Francesco Cara,Seed Funding,N/A,nan||
"699,19/07/17,Playablo,Technology,Gamified Learning App,Bangalore,ABI-Showatech (India) Ltd,Seed Funding,""6,00,000"",nan"||
"700,20/07/17,Trupay,Technology,Online payments platform,Gurgaon,""Kae Capital, M&S Partners,"",Seed Funding,""7,00,000"",nan"||
"701,21/07/17,Brick2Wall,eCommerce,Online Marketplace for Construction Material,Gurgaon,""Subramani Somasundaram, Sundeep Sahni, Mayank Mittal & Others"",Seed Funding,""2,00,000"",nan"||
"702,21/07/17,FableStreet,eCommerce,Women Work wear etailer,New Delhi,""Harmeet Bajaj, Pameela P, Fusiontech Ventures & Others"",Seed Funding,N/A,nan"||
"703,21/07/17,Monsoon Fintech,Technology,Machine Learning Access platform,New Delhi,""Sunil Kalra, Aditya Singh, Rishi Srivastava, Rajan Anandan"",Seed Funding,N/A,nan"||
"704,21/07/17,MonkeyBox,Consumer Internet,Healthy Food Delivery Platform,Bangalore,""Blume Ventures, NB Ventures, Nspira"",Seed Funding,N/A,nan"||
"705,25/07/17,Noticeboard,Consumer Internet,Mobile-first Enterprise communication platform,Bangalore,""Stellaris Venture Partners,"",Private Equity,""12,00,000"",nan"||
"706,25/07/17,Byju\\xe2\\x80\\x99s,Consumer Internet,Mobile Learning App,Bangalore,Tencent Holdings,Private Equity,""3,50,00,000"",nan"||
707,26/07/17,Creator\\xe2\\x80\\x99s Gurukul,Others,Co-Working Space Provider,New Delhi,Yuvraj Singh,Seed Funding,N/A,nan||
"708,26/07/17,Fab Hotels,Consumer Internet,Budget hotels brand & Aggregator Platform,New Delhi,Goldman Sachs,Private Equity,""2,50,00,000"",nan"||
"709,26/07/17,ThinkerBell,Consumer Internet,Assisted Learning Startup,Bangalore,""Indian Angel Network, Anand Mahindra"",Seed Funding,""2,00,000"",nan"||
"710,27/07/17,1mg,eCommerce,Online Pharmacy,Gurgaon,""HBM Healthcare Investments, Maverick Capital Ventures, Sequoia India, Omidyar Network and Kae Capital"",Private Equity,""1,50,00,000"",nan"||
711,28/07/17,Jhakaas,Consumer Internet,App-based Aggregator of Offline Businesses,Mumbai,Amen Dhyllon,Seed Funding,N/A,nan||
"712,28/07/17,BigStylist,Consumer Internet,Beauty Services Marketplace,Mumbai,Info Edge (India) Ltd,Private Equity,""12,50,000"",nan"||
713,28/07/17,Gympik.com,Consumer Internet,online marketplace for discovering fitness centres,Bangalore,RoundGlass Partners,Seed Funding,N/A,nan||
"714,01/06/17,Tripeur,Technology,Mobile based travel ERP platform,Bangalore,""Grace Grace Techno Ventures LLP, Rajul Garg & Other undisclosed investors"",Seed Funding,N/A,nan"||
"715,02/06/17,RentOnGo,eCommerce,""Online Marketplace for Renting Bikes, Electronics & Appliances"",Bangalore,TVS Motor Company,Seed Funding,""2,34,000"",nan"||
"716,05/06/17,Goomo,Consumer Internet,Online Travel & Holiday Booking platform,Mumbai,Emerging India,Private Equity,""5,00,00,000"",nan"||
"717,05/06/17,MaxMyWealth,Consumer Internet,Online Wealth Management & Savings platform,Mumbai,""lockchain ecosystem Global Advisors, Horseferry"",Private Equity,N/A,nan"||
"718,06/06/17,Spinny,eCommerce,Online Used Car marketplace,Gurgaon,""Blume Ventures, Indian Angel Network, Kunal Shah, Sandeep Tandon"",Private Equity,""10,00,000"",nan"||
"719,06/06/17,Healthbuds,Consumer Internet,Healthcare Discovery & booking platform,Kolkata,""Arun Patodia, Bharat Kedia"",Seed Funding,N/A,nan"||
"720,06/06/17,Ftcash,Consumer Internet,Mobile Payments platform,Mumbai,""500 Startups, IvyCap Ventures"",Private Equity,N/A,nan"||
"721,06/06/17,BHIVE Workspace,Consumer Internet,co-working spaces,Bangalore,Blume Ventures,Private Equity,""12,00,000"",nan"||
"722,06/06/17,wayForward,Consumer Internet,Mobile app for Mental Health,New Delhi,""Harsh Mahajan, Farhan Naqvi, Sreepathy Viswanathan"",Seed Funding,""10,00,000"",nan"||
723,06/06/17,GyanDhan,Consumer Internet,Education Marketplace,New Delhi,Sundaram Finance Holdings,Private Equity,N/A,nan||
724,06/06/17,Hungry Foal,Consumer Internet,For profit Social Venture,Gurgaon,SBI (Stand Up India Scheme),Private Equity,N/A,nan||
"725,07/06/17,ZipLoan,Consumer Internet,Online lending platform,New Delhi,WaterBridge Ventures,Seed Funding,""6,50,000"",nan"||
"726,07/06/17,GrowFitter,Consumer Internet,health and fitness discovery platform,Mumbai,SQue Capital,Seed Funding,""6,00,000"",nan"||
"727,08/06/17,Stratfit,Consumer Internet,Health coaching programs,Hyderabad,Bodhtree Consulting Limited,Seed Funding,""2,32,000"",nan"||
"728,08/06/17,Multiplier Solutions,Technology,CRM Software for Healthcare space,Hyderabad,Norwest Venture Partners,Private Equity,""15,00,000"",nan"||
"729,08/06/17,ABI Health,Technology,Unified Digital Health Platform,Bangalore,Norwest Venture Partners,Private Equity,""15,00,000"",nan"||
"730,08/06/17,Stockal,Consumer Internet,App-based Investment advisory Services,Bangalore,""Mohan Alexander, R. Natarajan, Vikrant Varshney, Amit Sinha"",Seed Funding,""3,50,000"",nan"||
"731,09/06/17,Guidoo,Consumer Internet,Travel & adventure planning platform,Mumbai,""Pawan Borle, Nirmal Singh, Manish Prasad, Vineet Varma, Nick Haulkoury, Abhai S. Rao"",Seed Funding,""3,00,000"",nan"||
"732,09/06/17,eSahai.in,Consumer Internet,ambulance aggregator and medical taxi provider,Hyderabad,""Dr Ramesh Ayyala, Satya Muthyala"",Seed Funding,""2,50,000"",nan"||
"733,12/06/17,Loanmeet,Consumer Internet,Online peer-to-peer lending platform,Bangalore,""Cao Yibin, Huang Wei, Madhusudan E,"",Seed Funding,N/A,nan"||
"734,12/06/17,LendingKart,Consumer Internet,Online Lending platform,Ahmedabad,Yes Bank,Debt Funding,""78,00,000"",nan"||
"735,12/06/17,Boxx.ai,Technology,Artificial Intelligence,Bangalore,""Unicorn India Ventures, Venky Krishnakumar, Suresh Shankar, Vivek Bhargava"",Private Equity,""5,00,000"",nan"||
"736,12/06/17,PeeSafe.in,Healthcare,Hygiene care product manufacturer,New Delhi,""Venture Catalysts, Alfa Capital, Green Shots Capital, Real Time Ventures"",Private Equity,""10,00,000"",nan"||
"737,12/06/17,Vista Rooms,Consumer Internet,Online rooms aggregation platform,Mumbai,""Artha India Ventures, Singularity Holdings, Rajan Anandan, Girish Mathrubootham"",Seed Funding,""7,76,000"",nan"||
"738,12/06/17,CoverFox,Consumer Internet,Online insurance brokerage platform,Mumbai,Transamerica,Private Equity,""1,50,00,000"",nan"||
"739,13/06/17,HyperTrack,Technology,Location tracking solutions,New Delhi,""Nexus Venture Partners, Founders Fund"",Private Equity,N/A,nan"||
"740,13/06/17,Goodera,Technology,CSR and sustainability management platform,Bangalore,""Nexus Venture Partners, Omidyar Network"",Private Equity,""55,00,000"",nan"||
741,13/06/17,Digit,Technology,Tech driven Insurance platform,Bangalore,Fairfax Holdings,Private Equity,N/A,nan||
"742,14/06/17,Ola,Consumer Internet,Cab Aggregation App,Bangalore,Tekne Capital Management LLC,Private Equity,""5,00,00,000"",nan"||
743,14/06/17,Vanitycask,Consumer Internet,Beauty products discovery platform,Mumbai,RB Investments,Seed Funding,N/A,nan||
"744,14/06/17,MrNeeds,Consumer Internet,Micro Food Delivery platform,Noida,undisclosed investors,Seed Funding,""5,00,000"",nan"||
"745,15/06/17,MoneyTap,Consumer Internet,Money Lending platform,Bangalore,""Sequoia India, NEA, Prime Venture Partners"",Private Equity,""1,23,00,000"",nan"||
"746,16/06/17,Goodbox,eCommerce,Mobile SAAS\\xc2\\xa0 ECommerce platform for SMEs,Bangalore,""Nexus Venture Partners, Mekin Maheshwari"",Private Equity,""10,00,000"",nan"||
"747,16/06/17,Fincash,Consumer Internet,Personal Finance platform,Mumbai,""Mohammed Khan, Sameer Narayan & Others"",Seed Funding,""1,00,000"",nan"||
"748,16/06/17,PortDesk,Technology,Maritime Solutions,Noida,Alphard Maritime Group,Seed Funding,""20,00,000"",nan"||
"749,16/06/17,EdgeFx,eCommerce,DIY project Kits seller,Hyderabad,""Cross Border Angels & Experts, Rajasthan Angel Innovators Network, The Chennai Angels"",Seed Funding,N/A,nan"||
750,16/06/17,EazyDiner,Consumer Internet,Online Restaurant Reservation Platform,Gurgaon,YouWeCan Ventures,Seed Funding,N/A,nan||
751,16/06/17,HealthIntel,Healthcare,Online Pharmacy,New Delhi,BLIP Initiatives,Seed Funding,N/A,nan||
"752,19/06/17,Unbxd,Technology,Cloud-based product discovery platform,Bangalore,Eight Roads Ventures,Private Equity,""1,25,00,000"",nan"||
"753,19/06/17,DarwinBox,Technology,Enterprise human resources management platform,Hyderabad,""Lightspeed India Partners, Endiya Partners, 3one4 Capital Advisors LLP, Startupxseed Ventures LLP"",Private Equity,""40,00,000"",nan"||
"754,20/06/17,ForeverShop,Consumer Internet,Mobile based ecommerce platform,Bangalore,91maker.com,Seed Funding,""3,00,000"",nan"||
"755,20/06/17,Insider.in,Consumer Internet,Events Ticketing platform,Mumbai,Paytm,Private Equity,""52,00,000"",nan"||
"756,21/06/17,Fynd,eCommerce,Fashion etailer,Mumbai,""IIFL Seed Ventures, Kae Capital, FJ Labs, Singularity Ventures, GrowX, Tracxn Labs, Axis Capital"",Private Equity,""24,00,000"",nan"||
"757,21/06/17,Grow Fit,Consumer Internet,Health-Tech platform,Bangalore,""Manipal Education and Medical Group (MEMG), SAR Group, The Grover Trust"",Private Equity,""45,00,000"",nan"||
"758,21/06/17,Fabulyst,Technology,Artificial Intelligence based platform,Hyderabad,iBhubs,Seed Funding,""2,15,000"",nan"||
"759,21/06/17,mSwipe,Technology,Point-of-Sale services,Mumbai,""UC-RNT Fund, Matrix Partners, alcon Edge Capital, DSG Consumer Partners"",Private Equity,""3,10,00,000"",nan"||
760,21/06/17,OneAssist,Consumer Internet,Credit card fraud protection,Mumbai,Sequoia Capital,Private Equity,N/A,nan||
"761,22/06/17,Julia Computing,Technology,Open Source Language for Data Science and Machine Learning,Bangalore,""General Catalyst, Founder Collective"",Private Equity,""46,00,000"",nan"||
"762,22/06/17,Kissht,Consumer Internet,Consumer Lending platform,Mumbai,""Endiya Partners, Ventureast"",Private Equity,""20,00,000"",nan"||
"763,22/06/17,Explore Life traveling,Consumer Internet,Local homes booking platform,Bangalore,""Mekin Maheshwari, Bharat Vijay, Krish Seshadri, Amar Arsikere"",Seed Funding,""5,00,000"",nan"||
"764,23/06/17,Loantap,Consumer Internet,Lending platform for salaried professionals,Mumbai,""Kae Capital, India Quotient, IFMR, and MAS Financial Services Ltd"",Private Equity,""40,00,000"",nan"||
"765,23/06/17,Voxweb,Consumer Internet,Mobile based social networking platform,Mumbai,Undisclosed investors,Seed Funding,""10,00,000"",nan"||
"766,26/06/17,HUG Innovations,Technology,Gesture based\\xc2\\xa0 Smartwatch manufacturer,Hyderabad,""Mohit Srivastav, Kishore Ganji, Venkat Vallabhaneni, Rajeev Menon"",Private Equity,""50,00,000"",nan"||
"767,26/06/17,Flipkart,eCommerce,Online marketplace,Bangalore,Naspers,Private Equity,""7,10,00,000"",nan"||
"768,26/06/17,V Resorts,Consumer Internet,Holiday & Vacation resort aggregator,Noida,""Seedfund, RB International"",Private Equity,""40,00,000"",nan"||
"769,27/06/17,Stashfin,Consumer Internet,Personal Finance App,New Delhi,""Snow Leopard Ventures, Alto Partners"",Private Equity,""50,00,000"",nan"||
770,27/06/17,Formcept,Consumer Internet,Unified Data Analysis platform,Bangalore,Gujarat Venture Finance Ltd,Private Equity,N/A,nan||
"771,27/06/17,Spares Hub,eCommerce,Automobile parts marketplace,Pune,""The Chennai Angels, Anthill Scale Ventures, Esvee Technologies Inc, Inc95 Consulting"",Seed Funding,""3,11,000"",nan"||
"772,28/06/17,FiTraQ,Consumer Internet,Fitness Centre Discovery Platform,New Delhi,""Aparup Sengupta, Devendra Reddy,"",Seed Funding,N/A,nan"||
"773,28/06/17,Rubique,Consumer Internet,Online Marketplace for financial products,Mumbai,""Kalaari Capital, Udayan Goyal"",Private Equity,""30,00,000"",nan"||
"774,28/06/17,Niki.ai,Consumer Internet,AI Based Personal Assistant,Bangalore,""SAP.iO, Unilazer Ventures"",Private Equity,""20,00,000"",nan"||
"775,29/06/17,Fitpass,Consumer Internet,Online Fitness Marketplace,New Delhi,""Abhinav Bindra, Gaurav Marya"",Private Equity,""10,00,000"",nan"||
"776,29/06/17,ZingHR,Technology,""digital employee solutions,"",Mumbai,Zeta,Private Equity,N/A,nan"||
"777,30/06/17,Tagos Design,Technology,in-video discovery platform,Bangalore,Undisclosed Investors,Private Equity,""50,00,000"",nan"||
"778,30/06/17,UrbanClap,Consumer Internet,Mobile Services Marketplace,Gurgaon,""Vy Capital, SAIF Partners, Accel Partner, Bessemer Venture Partners"",Private Equity,""2,10,00,000"",nan"||
"779,01/05/17,Ace2three,Consumer Internet,Online Rummy playing Website,Hyderabad,Clairvest Group,Private Equity,""7,37,00,000"",nan"||
"780,01/05/17,Power2SME,eCommerce,Buying portal for SMEs,Gurgaon,International Finance Corporation,Private Equity,""1,00,00,000"",nan"||
"781,02/05/17,Innovapptive,Technology,Enterprise Mobility Solutions,Hyderabad,Hyderabad Angels,Seed Funding,""15,00,000"",nan"||
"782,02/05/17,4tigo,Logistics,Truck Network company,Bangalore,""Accel Partners, Nandan Nilekani,"",Private Equity,""1,00,00,000"",nan"||
783,02/05/17,SMECorner,Consumer Internet,Online Platform for small business loans,Mumbai,Dutch government fund,Private Equity,N/A,nan||
"784,02/05/17,ZippServe,Consumer Internet,Real estate risk assessment platform,Bangalore,undisclosed investors,Seed Funding,""3,90,000"",nan"||
"785,03/05/17,Ola,Consumer Internet,Cab Aggregation App,Bangalore,""Falcon Edge Capital,\\xc2\\xa0 Capital Advisers"",Private Equity,""10,45,00,000"",nan"||
"786,03/05/17,Sumeru,Technology,Software & Mobile development services,Bangalore,undisclosed investors,Seed Funding,""10,00,000"",nan"||
"787,04/05/17,Healthians,Consumer Internet,Online Diagnostics and wellness platform,New Delhi,""Asuka Holdings, YouWeCan Ventures, Beenext, Beenos, M&S Partners"",Private Equity,N/A,nan"||
788,05/05/17,HealthMir,Consumer Internet,AI-based health content platform,New Delhi,Nimit Panigrahi,Seed Funding,N/A,nan||
789,05/05/17,Uactive,Consumer Internet,Health-based social networking & discovery App,Mumbai,Hinduja family,Seed Funding,N/A,nan||
790,05/05/17,i-lend,Consumer Internet,Peer-to-peer lending platform,Hyderabad,50K Ventures,Seed Funding,N/A,nan||
791,05/05/17,Good Methods Global,Technology,Cloud Based Practice Management Software,Trivandrum,Accel Partners,Private Equity,N/A,nan||
"792,05/05/17,Balance App,Consumer Internet,Money Savings & Management App,Bangalore,Rainmatter,Seed Funding,""2,33,000"",nan"||
"793,08/05/17,YepMe,eCommerce,Private Label Fashion etailer,Gurgaon,""Rainbow Digital Services Pvt. Ltd, ILearnFinance Academy Pvt. Ltd."",Private Equity,""7,00,000"",nan"||
"794,08/05/17,Nightstay,Consumer Internet,Last minute hotel booking mobile app,New Delhi,""Indian Angels Network, LetsVenture"",Seed Funding,N/A,nan"||
795,08/05/17,Devourin,Technology,Restaurant Automation Solution,Pune,Deepak Nathani,Seed Funding,N/A,nan||
"796,08/05/17,MyGreens,Food & Beverage,Cold-press Juices manufacturer,New Delhi,""Ajay Relan, LetsVenture"",Seed Funding,""10,00,000"",nan"||
"797,08/05/17,Ace Turtle,Technology,Omni-Channel Platform,Bangalore,""Vertex Ventures, C31 Ventures"",Private Equity,""50,00,000"",nan"||
"798,08/05/17,CureFit,Technology,Health-Tech Platform,Bangalore,""Trifecta Capital Advisors LLP, Prathithi Investment Trust, RNT Capital, Gokul Rajaram, Aditya Agarwal, Ruchi Sanghvi & others"",Private Equity,""32,00,000"",nan"||
"799,09/05/17,Curie Labs,Technology,Energy Analytics startup,New Delhi,Satoshi Studios,Seed Funding,""50,000"",nan"||
800,09/05/17,Uncanny Vision,Technology,Computer Vision on Embedded Systems,Bangalore,Anand Chandrasekaran,Seed Funding,N/A,nan||
801,09/05/17,Anchanto,Technology,Ecommerce Fulfilment and Technology Platform,Pune,Luxasia Group,Private Equity,N/A,nan||
"802,09/05/17,Sequretek,Technology,IT Security & Data Management Services,Mumbai,""GVFL, Unicorn India Ventures"",Private Equity,N/A,nan"||
"803,10/05/17,Lucideus,Technology,Cyber Security Startup,New Delhi,""Vellayan Subbiah, Jonathan Boutelle, Rajan Anandan,\\xc2\\xa0 Rahul Chawla, Salil Donde, Amit Ranjan, Govind Rajan & Others"",Seed Funding,N/A,nan"||
"804,10/05/17,Vidooly,Consumer Internet,Video Intelligence platform,Noida,""Times Internet, GVFL"",Private Equity,""14,00,000"",nan"||
"805,10/05/17,Shopclues,eCommerce,Online marketplace,Gurgaon,InnoVen Capital,Private Equity,""77,00,000"",nan"||
"806,10/05/17,Fourth Ambit,Consumer Internet,Community Building platform,Bangalore,1Crowd,Seed Funding,""6,00,000"",nan"||
"807,10/05/17,Chymera VR,Technology,Advertising Platform for Virtual Reality,Bangalore,""Varsha Rao, Surojit Chatterjee, Nirav Choksi & Others"",Seed Funding,N/A,nan"||
"808,11/05/17,Early Salary,Consumer Internet,Online lending platform,Pune,""DG Ventures India, Dewan Housing Finance Corp"",Private Equity,""40,00,000"",nan"||
809,11/05/17,Book My Diamond,eCommerce,Diamond B2B eTailer,Mumbai,Chirag Nikunj Sheth & Others,Seed Funding,N/A,nan||
"810,11/05/17,ION Energy,Technology,Clean Tech Startup,Mumbai,""Aakrit Vaish, Swapan Rajdev, Sushill Jiwarajka"",Seed Funding,N/A,nan"||
"811,12/05/17,Legal Raasta,Consumer Internet,Legal Services to SMEs & Individuals,New Delhi,Impanix Capital,Private Equity,""50,00,000"",nan"||
812,12/05/17,Log 9 Materials,Technology,NanoTech product developer,Bangalore,GEMs,Seed Funding,N/A,nan||
"813,12/05/17,Remit Guru,Consumer Internet,Digital money transfer platform,Mumbai,""Infibeam, CCavenue"",Private Equity,""4,66,000"",nan"||
"814,12/05/17,Aequm,eCommerce,Cloud ECommerce platform,Bangalore,undisclosed investors,Seed Funding,""10,00,000"",nan"||
"815,15/05/17,Zapty,Technology,Project Management tool,Bangalore,IdeaSpring Capital,Seed Funding,""5,00,000"",nan"||
816,15/05/17,Vernacular.ai,Technology,Multi-lingual AI Platform for Businesses,Bangalore,Kstart Capital,Seed Funding,N/A,nan||
817,16/05/17,Niki.ai,Technology,AI-based chatbot,Bangalore,SAP,Private Equity,N/A,nan||
"818,16/05/17,Telr,Technology,Online Payment Gateway,Mumbai,Innovations East,Private Equity,""30,00,000"",nan"||
"819,16/05/17,Fynd,eCommerce,Fashion ECommerce Portal,Mumbai,Rocketship,Private Equity,""5,00,000"",nan"||
"820,17/05/17,Genie,Consumer Internet,hyperlocal delivery and logistics mobile app,Chennai,undisclosed investors,Seed Funding,""2,50,000"",nan"||
"821,17/05/17,Paysense,Consumer Internet,Online Lending platform,Mumbai,Jungle Ventures,Private Equity,""53,00,000"",nan"||
"822,18/05/17,The Good Life,ECommerce,Online Luxury Tea etailer,Mumbai,""Ayesha Takia Azmi, Abu Farhan Azmi"",Seed Funding,""10,00,000"",nan"||
823,18/05/17,PumpKart,eCommerce,Online Water Pumps etailer,Chandigarh,Dr. Ritesh Malik,Seed Funding,N/A,nan||
"824,18/05/17,Paytm,ECommerce,Mobile Wallet & ECommerce platform,Bangalore,SoftBank Group,Private Equity,""1,40,00,00,000"",nan"||
"825,19/05/17,EzCred,Consumer Internet,Consumer Lending Platform,Bangalore,""Dheeraj Pandey, Rajesh Yohannan, Akash Garg"",Seed Funding,""10,00,000"",nan"||
"826,19/05/17,HealthSutra,Food & Beverage,Health Food Maker,Hyderabad,""Ankur Capital, Hyderabad Angels"",Seed Funding,N/A,nan"||
827,20/05/17,YepMe,eCommerce,Private Fashion Brand etailer,New Delhi,Gokaldas Exports Ltd,Private Equity,N/A,nan||
"828,22/05/17,Delhivery,Logistics,ECommerce Logistics provider,New Delhi,Fosun International,Private Equity,""3,00,00,000"",nan"||
"829,22/05/17,ZipGrid,Consumer Internet,""Cashless, paperless solutions for Housing societies"",Mumbai,""JLL, 1Crowd"",Seed Funding,""5,00,000"",nan"||
830,23/05/17,TravelSpice,ECommerce,Travel ECommerce portal,Hyderabad,Eagle10 Ventures,Seed Funding,N/A,nan||
"831,23/05/17,Magicpin,Consumer Internet,Hyperlocal discovery platform,Gurgaon,""Lightspeed Venture Partners, Vy Capital,"",Private Equity,""66,00,000"",nan"||
"832,23/05/17,The Print,Consumer Internet,News Portal,New Delhi,""Ratan Tata, Nandan Nilekani, Uday Kotak, Vijay Shekhar Sharma, Kiran Mazumdar-Shaw, Rajiv C Mody"",Seed Funding,N/A,nan"||
"833,23/05/17,Box8,Consumer Internet,Food Delivery Platform,Mumbai,Trifecta Capital,Private Equity,""10,00,000"",nan"||
"834,24/05/17,GenNext Students,Consumer Internet,Online Tutoring Services,Mumbai,Undisclosed Investors,Seed Funding,""5,80,000"",nan"||
"835,25/05/17,Aye Finance,Finance,Non-Banking Financial Company,Gurgaon,Blue Orchard,Private Equity,""80,00,000"",nan"||
836,26/05/17,WhatsLoan,Consumer Internet,Online Lending mobile app,Bangalore,Lahiri Music\\xe2\\x80\\x99s family office,Seed Funding,N/A,nan||
837,29/05/17,Cube Consumer Services,Consumer Internet,Finance management Mobile app,Mumbai,N/A,Seed Funding,N/A,nan||
"838,29/05/17,Nivesh,Consumer Internet,Online MF investment platform,Noida,""PV Sahad, Sandeep Shroff, Rahul Gupta"",Seed Funding,N/A,nan"||
839,29/05/17,Wowflux,Technology,image Processing solution,New Delhi,Undisclosed Investors,Seed Funding,N/A,nan||
"840,29/05/17,Collateral Medical,eCommerce,Online Medical equipment supplier,Mumbai,Carpediem Capital,Private Equity,""35,00,000"",nan"||
841,30/05/17,Loadshare,Logistics,Express Logistics Network,Bangalore,Matrix Partners,Seed Funding,N/A,nan||
842,30/05/17,SimpliLend,Consumer Internet,Online lending platform,New Delhi,Undisclosed Investors,Seed Funding,N/A,nan||
"843,30/05/17,Supr Daily,Consumer Internet,Subscription based delivery platform,Mumbai,""Soma Capital, Great Oaks Ventures, 122 West Ventures"",Private Equity,""15,00,000"",nan"||
"844,30/05/17,Swiggy,Consumer Internet,Online food delivery platform,Bangalore,""Nasper, Accel India, SAIF Partners, Bessemer Venture Partners, Harmony Partners, Norwest Venture Partners"",Private Equity,""8,00,00,000"",nan"||
"845,31/05/17,SastaSundar,eCommerce,Online Pharmacy,Kolkata,Rohto Pharmaceutical,Private Equity,""50,00,000"",nan"||
"846,31/05/17,Magicpin,Consumer Internet,Hyperlocal Discovery\\xc2\\xa0 & Rewards platform,Gurgaon,""Lightspeed India Partners, Waterbridge Ventures"",Private Equity,""70,00,000"",nan"||
"847,01/04/17,Cashe,Consumer Internet,Online & Mobile based Lending platform,Mumbai,""Mathew Cyriac, Florintree Advisors,"",Private Equity,""38,00,000"",nan"||
"848,03/04/17,Eruditus,Education,Executive Education Provider,Mumbai,Bertelsmann India,Private Equity,""82,00,000"",nan"||
849,03/04/17,TestBook,Consumer Internet,Online Test Preparation Platform,Mumbai,Matrix Partners India,Private Equity,N/A,nan||
"850,03/04/17,Healthcare at Home,Healthcare,Home Healthcare Provider,Noida,Quadria Capital Advisors,Private Equity,""4,00,00,000"",nan"||
851,03/04/17,Tyre Express,Technology,Enterprise IoT solutions For Tyre Performance,Mumbai,Rohitash Gupta,Seed Funding,N/A,nan||
852,03/04/17,SmartCoin,Consumer Internet,Micro Lending platform,Bangalore,Unicorn India Ventures & Others,Private Equity,N/A,nan||
"853,04/04/17,WayCool,Food & Beverage,Fresh-Produce Distribution Platform,Chennai,Aspada Investments,Private Equity,""27,00,000"",nan"||
"854,04/04/17,Perfios,Technology,Fin-Tech Solutions,Bangalore,Bessemer Venture Partners,Private Equity,""61,00,000"",nan"||
"855,04/04/17,Whatfix,Technology,Interactive Tech-Support Guides,Bangalore,""Stellaris Venture Partners, Helion Venture Partners, Powerhouse Ventures, Gokul Rajaram, Girish Mathrubootham, Aneesh Reddy, Vispi Daver"",Private Equity,""36,90,000"",nan"||
"856,04/04/17,ElastiRun,Technology,App based Logistics & Distribution platform,Pune,""Kalaari Capital, Norwest Venture Partners"",Private Equity,""70,00,000"",nan"||
"857,04/04/17,Trukky,Consumer Internet,Online Truck Aggregator & Booking platform,Ahmedabad,""Keyur Joshi, Pavan Bakeri"",Seed Funding,""5,00,000"",nan"||
"858,04/04/17,Konsult App,Consumer Internet,App based Doctor Consulting platform,New Delhi,""Koen Bouwers, Lomesh Agarwal, Jeroen Mensen, Pablo van den Bosch & Others"",Seed Funding,""5,00,000"",nan"||
"859,05/04/17,Credit Sudhaar,Consumer Internet,Credit Score Improvement platform,Mumbai,""Deepak Kulkarni, Sandeep Pangal"",Seed Funding,N/A,nan"||
"860,05/04/17,Fingerlix,Consumer Internet,Food Delivery Platform,Mumbai,Zephyr Peacock India,Private Equity,""30,00,000"",nan"||
"861,05/04/17,DataWeave,Technology,Business Intelligence Solutions,Bangalore,""FreakOut Group, Blume Ventures, Herb Madan, WaterBridge Ventures"",Private Equity,N/A,nan"||
"862,06/04/17,Medwell Ventures,Healthcare,Home-Based Healthcare provider,Bangalore,""Mahindra Partners, Eight Roads Ventures, F-Prime Capital Partners"",Private Equity,""2,10,00,000"",nan"||
"863,06/04/17,Mech Mocha,Consumer Internet,Mobile gaming startup,Bangalore,""Accel Partners, Shunwei Capital"",Private Equity,""50,00,000"",nan"||
"864,07/04/17,Startup Buddy,Consumer Internet,Startup Support Platform,Gurgaon,""YouWeCan Ventures,"",Seed Funding,N/A,nan"||
865,07/04/17,QorQI,Healthcare,Online Healthcare provider,Noida,Paytm,Seed Funding,N/A,nan||
"866,07/04/17,Twenty Two Motors,Technology,Smart Scooter manufacturer,Gurgaon,""Ishwar Singh,Farhaan Shabbir"",Seed Funding,N/A,nan"||
"867,07/04/17,PharmEasy,eCommerce,Online Pharmacy,Mumbai,""Bessemer Venture Partners, Orios Venture Partners, Trifecta Capital,"",Private Equity,""1,80,00,000"",nan"||
868,08/04/17,WonderChef,eCommerce,Online marketplace for kitchen products,Mumbai,Labruyere Eberl\\xc3\\xa9,Private Equity,N/A,nan||
"869,08/04/17,FastFox,Consumer Internet,Online rental discovery platform,Gurgaon,""Lightspeed India Partners, Blume Ventures, CyberAgent Ventures, GrowX Ventures, IMJ Investment Partners"",Private Equity,""46,00,000"",nan"||
"870,10/04/17,Omnify,Technology,SaaS platform for SMEs,Bangalore,""Rajan Anandan, L.D Sharma, Saurabh Arora"",Seed Funding,""1,50,000"",nan"||
"871,10/04/17,Capital Float,Consumer Internet,Online Lending Platform for SME,Bangalore,Mahindra and Mahindra Financial Services,Private Equity,""23,00,000"",nan"||
"872,11/04/17,Ninjacart,eCommerce,B2B agri-marketing platform,Bangalore,""Accel Partners, Nandan Nilekani\\xe2\\x80\\x99s NRJN Trust, Mistletoe, Qualcomm Ventures, M&S Partners"",Private Equity,""55,00,000"",nan"||
"873,11/04/17,MergerWare,Technology,Software solutions for M&As,Bangalore,Philippe Bouchet,Seed Funding,""1,00,000"",nan"||
"874,11/04/17,Sports Flashes,Consumer Internet,Online Sports portal & Mobile app,New Delhi,""Sushil Kumar, Sandeep Singh"",Seed Funding,N/A,nan"||
"875,12/04/17,Clovia,eCommerce,Online lingerie & Sleepwear etailer,New Delhi,""Ivycap Ventures Advisors, Singularity Ventures and Ravi Dhariwal"",Private Equity,""40,00,000"",nan"||
"876,12/04/17,Emiza,Logistics,Third Party Logistics provider,Mumbai,""Mayfield, Nishant Rao, Dileep Nath"",Private Equity,""45,00,000"",nan"||
"877,12/04/17,HackerEarth,Consumer Internet,Online Skill Assessment Platform,Bangalore,""DHI Group Inc, Prime Venture Partners, Beenext, Beenos, Digital Garage, BizReach"",Private Equity,""45,00,000"",nan"||
"878,12/04/17,Squadrun,Technology,Software-As-a-Service Platform,Noida,""Blume Ventures, Contrarian Capital, 91springboard, Emergent Ventures, Abstract Ventures, Anthill Ventures, Axilor Ventures"",Private Equity,""21,00,000"",nan"||
"879,12/04/17,Tinmen,Consumer Internet,Food Delivery Platform,Hyderabad,""MAPE Advisory Group, R Ramaraj, Corvus Ventures"",Seed Funding,N/A,nan"||
880,12/04/17,ScoutMyTrip,Consumer Internet,Online Travel planner,Mumbai,Z Nation Lab,Seed Funding,N/A,nan||
881,13/04/17,SafetyKart,eCommerce,Safety & Hygiene Products etailer,Gurgaon,Redcliffe Capital,Private Equity,N/A,nan||
"882,13/04/17,WeAreHolidays,Consumer Internet,Travel Packages & Planner marketplace,Gurgaon,""Urrshila Kerkar,"",Private Equity,""77,00,000"",nan"||
"883,14/04/17,Ola Cabs,Consumer Internet,Cab Aggregator App,Bangalore,SIMI Pacific Pte,Private Equity,""26,00,00,000"",nan"||
"884,15/04/17,Myly,Consumer Internet,Mobile App for Schools,Jaipur,mall Industries Development Bank of India (SIDBI),Seed Funding,""3,10,000"",nan"||
"885,17/04/17,CrediHealth,Consumer Internet,Online Medical Assistance platform,Gurgaon,""Tolaram Inc, Mountain Pine Capital"",Private Equity,""15,00,000"",nan"||
886,17/04/17,Navia Life Care,Technology,Health Technology platform,New Delhi,Benori Ventures LLP,Seed Funding,N/A,nan||
887,17/04/17,Raw Pressery,Food & Beverages,Raw Pressed Juices manufacturer,Mumbai,Jacqueline Fernandez,Seed Funding,N/A,nan||
"888,17/04/17,Snackible,Food & Beverages,Healthy Snacks manufacturer,Mumbai,""Nibhrant Shah, Anandbir Singh, Anirudh Sheth, Pratik Singhi, Vikram Mehta, Murali Nair"",Seed Funding,""1,75,000"",nan"||
"889,17/04/17,Be U Salons,Consumer Internet,Online Salon discovery & Booking Services,New Delhi,""Gaurav Kachru, Sundeep Singh Sahni, Jatin Aneja, Arun Malhotra"",Seed Funding,""6,20,000"",nan"||
890,17/04/17,Simulanis,Consumer Internet,eLearning & Skills Development plat,New Delhi,Village Capital,Seed Funding,N/A,nan||
"891,17/04/17,LendingKart,Consumer Internet,Lending platform for small businesses,Ahmedabad,Anicut Capital,Private Equity,""46,50,000"",nan"||
"892,18/04/17,Innefu Security Consulting,Technology,Cyber Security solutions using AI,New Delhi,IndiaNivesh Venture Capital Fund,Private Equity,""20,00,000"",nan"||
"893,18/04/17,Whodat,Technology,Markerless AR platform,Bangalore,Ideaspring Capital,Private Equity,""6,00,000"",nan"||
"894,18/04/17,Absentia VR,Technology,Virtual Reality Startup,Bangalore,Exfinity Venture Partners,Private Equity,""12,50,000"",nan"||
"895,19/04/17,IOTrek,Technology,IoT Platform for Bus,New Delhi,Undisclosed Investor,Seed Funding,""1,55,000"",nan"||
"896,20/04/17,HolaChef,Consumer Internet,Online Food Delivery,Mumbai,""SIDBI Venture Capital Ltd, Kalaari Capital"",Private Equity,""30,00,000"",nan"||
897,20/04/17,Wooplr,eCommerce,Social Commerce\\xc2\\xa0 Fashion platform,Bangalore,Ankit Nagori,Private Equity,N/A,nan||
"898,21/04/17,Video Ken,Consumer Internet,Video Based Collaborative Learning,Bangalore,""Ravi Garikipati, Surot Chatterjee, Ashish Agrawal, LG Chandrasekhar, Sashi Reddi"",Seed Funding,""10,00,000"",nan"||
"899,24/04/17,Faasos,Food & Beverage,QSR chain and online food delivery,Pune,""Ligthbox Ventures II, Lightbox Expansion Fund, Sequoia Capital India, RuNet South Asia, RB Investments"",Private Equity,""63,00,000"",nan"||
"900,24/04/17,Oyo Rooms,Consumer Internet,Branded Budget Hotels Aggregator,Gurgaon,""SoftBank Vision Fund, Lightspeed Venture Partners, Sequoia Capital India Advisors, Greenoaks Capital Partners"",Private Equity,""25,00,00,000"",nan"||
"901,24/04/17,Toppr,Consumer Internet,Learning mobile app for students,Mumbai,WGG International,Private Equity,""32,00,000"",nan"||
"902,24/04/17,Niramai,Healthcare,Breast Cancer Screening Solutions,Bangalore,""pi Ventures, Axilor Ventures, 500 Startups, Binny Bansal"",Seed Funding,N/A,nan"||
"903,25/04/17,The Office Pass,Consumer Internet,CoWorking Spaces booking platform,Gurgaon,""Arun Tadanki, Aditya Verma"",Seed Funding,""2,45,000"",nan"||
"904,25/04/17,UrbanClap,Consumer Internet,Mobile Services Marketplace,Gurgaon,Trifecta Capital,Private Equity,""31,00,000"",nan"||
"905,26/04/17,Awfis,Consumer Internet,Collaborative co-Working Spaces,Mumbai,Sequoia India,Private Equity,""2,00,00,000"",nan"||
"906,26/04/17,Myra,Consumer Internet,Online Pharmacy,Bangalore,""Times Internet,Matrix Partners"",Private Equity,N/A,nan"||
"907,26/04/17,Flytxt,Technology,Customer data analytics software,Mumbai,DAH Beteiligungs GmbH,Private Equity,""1,10,00,000"",nan"||
"908,26/04/17,Howdy Ventures,Consumer Internet,Public and Private Events creation app,Chennai,S. Xavier Britto,Seed Funding,""15,00,000"",nan"||
"909,26/04/17,StalkBuyLove,eCommerce,Online fashion marketplace,New Delhi,Trifecta Capital,Private Equity,""10,00,000"",nan"||
"910,26/04/17,ZipGo,Consumer Internet,Bus Pooling services platform,Bangalore,""Orios Ventures Partners, Team Builder Ventures, Omidyar Networks"",Private Equity,N/A,nan"||
"911,27/04/17,Scootsy,Consumer Internet,On-Demand Food Delivery,Mumbai,""Agnus Capital, Khattar Holdings"",Private Equity,""36,00,000"",nan"||
912,27/04/17,Autobix,Technology,Software Solutions for Auto Dealership,Pune,GardX International,Seed Funding,N/A,nan||
913,27/04/17,eShiksha,Technology,Education Institution Management Solutions,Jaipur,Cross Border Angels & Experts,Seed Funding,N/A,nan||
"914,27/04/17,iNurture,Consumer Internet,Online Educational courses,Bangalore,BlackSoil Capital Pvt. Ltd,Private Equity,""15,00,000"",nan"||
"915,28/04/17,Sepalika,Consumer Internet,Healthcare related content platform,New Delhi,Accel Partners,Seed Funding,""7,50,000"",nan"||
916,28/04/17,Mintwalk,Consumer Internet,Financial advisory mobile app,Mumbai,Poshika Financial Ecosystem,Seed Funding,N/A,nan||
917,29/04/17,Qriyo,Consumer Internet,Tutor Discovery & Booking platform,Jaipur,NB Ventures,Private Equity,N/A,nan||
"918,01/03/17,Ola,Consumer Internet,App based cab aggregator,Bangalore,SoftBank Group Corp,Private Equity,""33,00,00,000"",nan"||
"919,01/03/17,Belong,Consumer Internet,Online Jon Portal,Bangalore,Sequoia Capital India,Private Equity,""1,00,00,000"",nan"||
"920,01/03/17,Seenit,Consumer Internet,AI based Fashion Search Portal,Kolkata,""Calcutta Angels Network (CAN), Augment Ventures"",Seed Funding,N/A,nan"||
"921,01/03/17,Paalak,ECommerce,Fresh Produce Selling portal,New Delhi,""Vishwadeep Bajaj, Harsh Kundra, Nandkumar Rane, LN Buddharaju, Anupam Tyagi"",Seed Funding,N/A,nan"||
"922,02/03/17,Celes Care,Consumer Internet,Women Healthcare & Information portal,Hyderabad,""Ventureast, Endiya Partners, Eight Roads Ventures, F-Prime Capital Partners"",Private Equity,""15,00,000"",nan"||
"923,02/03/17,Karomi,Technology,Packaging Artwork Management software,Chennai,Ideaspring Capital,Seed Funding,""5,00,000"",nan"||
"924,02/03/17,Red Carpet,Consumer Internet,Micro Lending platform,Gurgaon,Lightspeed Venture Partners,Private Equity,""25,00,000"",nan"||
925,02/03/17,Kreate Konnect,Technology,End-to-End Seller e-commerce solutions Provider,Vadodara,Langoor,Seed Funding,N/A,nan||
"926,02/03/17,CreditMantri,Consumer Internet,Online Credit score & lending platform,Chennai,Quona Capital,Private Equity,""76,00,000"",nan"||
"927,03/03/17,Lets Endorse,Consumer Internet,Online Ecosystem of social innovators,Bangalore,""Chandigarh Angels Network, Social Alpha and other unnamed angel investors"",Seed Funding,N/A,nan"||
"928,03/03/17,Tydy,Technology,Employee Onboarding and Engagement platform,Bangalore,""Bhupen Shah, Jayesh Parekh, Sanjay Sathe"",Seed Funding,""2,75,000"",nan"||
"929,03/03/17,Nactus,Consumer Internet,Professional Tutors discovery & booking mobile app,Jaipur,""Sandeep Aggarwal, Gautam Chhaochharia, R Balachandar"",Seed Funding,N/A,nan"||
"930,03/03/17,Oho Shop,Technology,eCommerce Mobile App Builder,Ahmedabad,""Bennett, Coleman and Company Ltd"",Private Equity,""67,00,000"",nan"||
931,03/03/17,Emojifi,Consumer Internet,Mobile App for live emoji,Hyderabad,Undisclosed angel investors,Seed Funding,N/A,nan||
"932,03/03/17,Paytm Marketplace,ECommerce,ECommerce Marketplace,Bangalore,Alibaba,Private Equity,""20,00,00,000"",nan"||
"933,04/03/17,iGenetics,Healthcare,Health Diagnostic Solutions,Mumbai,CDC Group Plc,Private Equity,""1,95,00,000"",nan"||
"934,06/03/17,Juno Clinic,Consumer Internet,Online Counseling Platform,Mumbai,Atul Nishar,Seed Funding,""12,00,000"",nan"||
"935,06/03/17,Summerlabel,Consumer Internet,Fashion and Lifestyle discovery platform,Gurgaon,""Aneesh Seth, Tushar Mittal"",Seed Funding,""1,50,000"",nan"||
"936,06/03/17,PickMe,Consumer Internet,Gadget Insurance & Repair Services platform,Mumbai,SIDBI Venture Capital Fund,Private Equity,""17,90,000"",nan"||
"937,07/03/17,Agrostar,Technology,Direct-to-Farmer Mobile-Based Retail platform,Pune,Accel Partners,Private Equity,""1,00,00,000"",nan"||
"938,07/03/17,Zapr,Technology,""DSP, TV Analytics & Cross-Platform advertising"",Bangalore,Star India Pvt Ltd,Private Equity,""1,00,00,000"",nan"||
"939,07/03/17,Data Resolve,Technology,Cyber Security Solutions,Noida,IDFC Parampara Early Stage Opportunities Fund,Private Equity,""10,00,000"",nan"||
"940,07/03/17,Book Servicing,Consumer Internet,Online Vehicle Services Booking platform,New Delhi,National Science and Technology Entrepreneurship Development Board,Seed Funding,""30,000"",nan"||
"941,07/03/17,Blowhorn,Consumer Internet,Intra-City Logistics provider,Bangalore,""IDG Ventures India, Michael & Susan Dell Foundation, Draper Associates, Unitus Seed Fund"",Private Equity,""36,50,000"",nan"||
"942,08/03/17,Rivigo,Logistics,Technology Enabled Logistics Company,Gurgaon,Private Sector Banks (Debt Funding),Private Equity,""1,50,00,000"",nan"||
"943,08/03/17,PipeCandy,Technology,Intelligent Sales Prospecting Platform,Chennai,""IDG ventures, Axilor Ventures, Emergent Ventures, Indian Angel Network"",Seed Funding,""11,00,000"",nan"||
"944,08/03/17,Supr Daily,Consumer Internet,Subscription based Home Delivery Platform,Mumbai,Y Combinator,Seed Funding,""1,20,000"",nan"||
"945,08/03/17,Parentune,Consumer Internet,Online Community for Parents,Gurgaon,""Kae Capital, SEGNEL Ventures"",Private Equity,N/A,nan"||
"946,09/03/17,AppBrowzer,Consumer Internet,Instant Mobile Apps Store,Bangalore,Deepak Gurnani,Seed Funding,""5,00,000"",nan"||
"947,09/03/17,MagicBricks,Consumer Internet,Online Real Estate Portal,Mumbai,Times Internet Ltd,Private Equity,""45,00,000"",nan"||
"948,10/03/17,PeeBuddy,Healthcare,Female Hygiene product manufacturer,New Delhi,Indian Angel Network,Seed Funding,""4,43,000"",nan"||
949,10/03/17,iOrderFresh,ECommerce,Online fresh fruits and grocery store,New Delhi,Singapore Angel Network,Seed Funding,N/A,nan||
"950,10/03/17,Lavelle Networks,Technology,SDN Solutions,Bangalore,Ideaspring Capital,Seed Funding,""6,00,000"",nan"||
"951,10/03/17,PropertyShare,Consumer Internet,Fractional Proerty Ownership & Rental platform,Bangalore,""Asuka, Pravega Ventures, BEENEXT"",Seed Funding,N/A,nan"||
952,14/03/17,MyDermacy,Consumer Internet,Online Dermatology consultation platform,New Delhi,Cyber Carrier,Private Equity,N/A,nan||
"953,15/03/17,LatestOne,eCommerce,Tech Accessories e-tailer,Hyderabad,""Florintree, Mathew Cyriac, Chidambaram Palaniappan, Bharat Sheth"",Private Equity,""33,50,000"",nan"||
"954,15/03/17,Frapperz,Consumer Internet,On-demand home services provider,Kolkata,Undisclosed Investor,Seed Funding,""1,00,000"",nan"||
"955,16/03/17,mPaani,Consumer Internet,Loyalty rewards app,Mumbai,""IDG Ventures, Blume Ventures, Saha Fund,"",Private Equity,""13,50,000"",nan"||
"956,16/03/17,ShilpMIS,Technology,Virtual Reality platform,Surat,""Puneet Gupta, Nimitt Desai & Others"",Seed Funding,N/A,nan"||
"957,16/03/17,POPxo,Consumer Internet,Digital Media publication for women,New Delhi,""GREE Ventures, Kalaari Capital and IDG Ventures India, Summit Media, Atul Goel, and Gurpreet Singh"",Private Equity,""31,00,000"",nan"||
"958,16/03/17,Fitso,Consumer Internet,Fitness Mobile App,Gurgaon,""Sujeet Kumar, Bhupender Singh, Yashish Dhaiya"",Seed Funding,""2,00,000"",nan"||
959,17/03/17,FarMart,Technology,Farming rental equipment provider,Gurgaon,Indian Angel Network,Seed Funding,N/A,nan||
"960,21/03/17,Flipkart,eCommerce,ECommerce Marketplace,Bangalore,""Microsoft, eBay, Tencent Holdings"",Private Equity,""1,40,00,00,000"",nan"||
"961,21/03/17,Airpay,Technology,Online payment Gateway,Mumbai,""Kalaari Capital, Rakesh and Rajesh Jhunjhunwala"",Private Equity,""36,70,000"",nan"||
"962,21/03/17,MyGlamm,Consumer Internet,On-Demand Beauty Services,Mumbai,L\\xe2\\x80\\x99Occitane,Private Equity,""53,00,000"",nan"||
"963,22/03/17,The Mons Co.,eCommerce,Pregnancy & Baby Care etailer,New Delhi,""Shripad Nadkarni, Nandu Nandkishore"",Seed Funding,N/A,nan"||
"964,22/03/17,Haqdarshak,Consumer Internet,Tech-Enabled Social Enterprise,Bangalore,""Ravi Saxena, Sandeep Raju,"",Seed Funding,""1,91,000"",nan"||
"965,23/03/17,Ixigo,Consumer Internet,Online Travel Search Engine,Gurgaon,""Sequoia Capital, Kinzon Capital"",Private Equity,""1,50,00,000"",nan"||
"966,23/03/17,Markets and Markets,Technology,Marketing Research Company,Pune,""FTV Capital, Zodius Capital"",Private Equity,""5,60,00,000"",nan"||
"967,24/03/17,Bizom,Technology,supply chain automation platform,Bangalore,Ojas Ventures,Seed Funding,""3,82,000"",nan"||
"968,24/03/17,BabyonBoard,Consumer Internet,Parenting Mobile App,Bangalore,""Mahavir Sharma, Vishal Jain, Rohit Sethi, Gaurav Luniya"",Seed Funding,N/A,nan"||
"969,24/03/17,Delhivery,Technology,Tech enabled Fulfilment & Logistics Solutions,New Delhi,""Carlyle Group, Tiger Global"",Private Equity,""10,00,00,000"",nan"||
"970,27/03/17,Sport Flashes,Consumer Internet,Sports Based Online Media portal,New Delhi,""Vikas Bajaj, Amit Kharbanda,"",Seed Funding,N/A,nan"||
"971,28/03/17,Fynd,ECommerce,Online fashion marketplace,Mumbai,Venture Catalysts,Private Equity,""5,00,000"",nan"||
972,28/03/17,Wigzo,Technology,Enterprise Automation suite,New Delhi,3one4 capital,Private Equity,N/A,nan||
"973,28/03/17,DoneThing,Consumer Internet,On-demand Personal Assistant service,Gurgaon,Brand Capital,Private Equity,""3,00,000"",nan"||
974,29/03/17,Zapyle,ECommerce,Luxury Fashion Marketplace,Bangalore,Undisclosed Investors,Seed Funding,N/A,nan||
"975,29/03/17,Ithaka,Consumer Internet,Vacation Trip Planning platform,Mumbai,""Ankit Gupta, Puneet Motihar"",Seed Funding,""3,25,000"",nan"||
"976,29/03/17,perpule,eCommerce,Self-Checkout ECommerce App,Bangalore,KStart Capital,Seed Funding,""6,50,000"",nan"||
977,29/03/17,Byju\\xe2\\x80\\x99s,Consumer Internet,Online Education Platform,Bangalore,Verlinvest,Private Equity,N/A,nan||
"978,29/03/17,Licious,ECommerce,Online Meat Ordering platform,Bangalore,""Mayfield India, 3one4 Capital, Sistema Asia Fund, Neoplux Technology Fund"",Private Equity,""1,00,00,000"",nan"||
"979,29/03/17,Medinfi,Consumer Internet,Doctor & Hospital search Platform,Bangalore,""Vinod Martin, Hemant Kaul, Prof. Ram Kumar Kakani & Others"",Seed Funding,""50,000"",nan"||
"980,30/03/17,Indus OS,Technology,Mobile OS creator,Mumbai,""JSW Ventures, VenturEast"",Private Equity,N/A,nan"||
"981,30/03/17,Emflux Motors,Technology,Electric Motorcycle manufacturer,Bangalore,""Meher Roy, Nikhil Arora, Meet Kanodia, Krit Sankalp, Nitish Singh, Risabh Gupta"",Seed Funding,N/A,nan"||
982,30/03/17,Klinic App,Consumer Internet,Pathology & Diagnostic Tests Portal,Gurgaon,Om Chaudhry,Seed Funding,N/A,nan||
"983,31/03/17,Jhakaas,Consumer Internet,Offline Business Aggregator App,Mumbai,""Malini Patel, Stelcore Management Services, Anjani Prasad"",Seed Funding,""1,55,000"",nan"||
"984,31/03/17,Oriano Solar,Technology,Turnkey Solar Solutions,Mumbai,Samridhi Fund,Private Equity,""30,00,000"",nan"||
"985,31/03/17,BigBasket,ECommerce,Online Grocer,Bangalore,Trifecta Capital,Private Equity,""70,00,000"",nan"||
986,31/03/17,Rooter,Consumer Internet,Sports engagement platform,New Delhi,Intex Technologies,Private Equity,N/A,nan||
"987,31/03/17,FalconBrick,Technology,Real-Estate Workflow mobile app,Bangalore,""Satveer Thakral, LetsVenture, Mumbai Angels"",Seed Funding,N/A,nan"||
"988,31/03/17,Icertis,Technology,ERP solutions provider,Pune,""B Capital Group, Ignition Partners, Greycroft, e.ventures,\\xc2\\xa0 Eight Roads Ventures"",Private Equity,""2,50,00,000"",nan"||
989,02/02/17,Clodura,Technology,Intelligent Sales Assistant,Pune,Undisclosed Investors,Seed Funding,N/A,nan||
"990,03/02/17,Stockroom.io,Consumer Internet,Curated Platform for Developers,Hyderabad,""Satya D Sinha, Gyanendra Singh"",Seed Funding,N/A,nan"||
"991,06/02/17,Capital Float,Consumer Internet,Online lending platform,Bangalore,IFMR Capital Finance,Private Equity,""25,00,000"",nan"||
992,06/02/17,iManageMyHotel,Technology,Hotel Management Solution,Kolkata,Jaarvis Accelerator,Seed Funding,N/A,nan||
"993,07/02/17,Inner Hour,Consumer Internet,Online Counselling Platform,Mumbai,""Batlivala & Karani Securities, Venture Works"",Seed Funding,""4,50,000"",nan"||
"994,07/02/17,Travel Triangle,Consumer Internet,Online travel agent marketplace,Noida,""RB Investments, SAIF Partners, Bessemer Venture Partners"",Private Equity,""1,00,00,000"",nan"||
"995,08/02/17,Wandertrails,Consumer Internet,""Online Travel, Adventure & Activities Portal"",Bangalore,Earlsfield Capital,Seed Funding,""10,00,000"",nan"||
"996,08/02/17,Zenatix,Technology,IoT Based Energy Monitoring & Control,Gurgaon,""pi Ventures, Blume Ventures"",Private Equity,""12,00,000"",nan"||
"997,08/02/17,Cartrade,Consumer Internet,Automobile Classifieds Portal,Mumbai,Temasek Holdings,Private Equity,""5,50,00,000"",nan"||
"998,08/02/17,MindYourFleet,Technology,Car Rental Software Solutions,Noida,""Japan Vyas, Tarun Adlakha"",Seed Funding,N/A,nan"||
"999,08/02/17,Edurev,Consumer Internet,Online Education Portal,Gurgaon,Facebook FB Start programme,Seed Funding,""40,000"",nan"||
"1000,09/02/17,Voonik,ECommerce,Women Apparel & Lifestyle etailer,Bangalore,""RB Investments, Sequoia Capital"",Private Equity,""60,00,000"",nan"||
1001,09/02/17,1Crowd,Finance,Startup Crowd-funding platform,Mumbai,Ganesh Natarajan,Seed Funding,N/A,nan||
"1002,09/02/17,Wooplr,ECommerce,Women Fashion Portal,Bangalore,""Sistema Asia Fund, Amereus Group, Helion Ventures"",Private Equity,""80,00,000"",nan"||
"1003,10/02/17,48East,ECommerce,Online Food Delivery Platform,Bangalore,Al Dhaheri family,Private Equity,""5,00,000"",nan"||
1004,10/02/17,Redesyn,Consumer Internet,Tech Enabler for Artists,Mumbai,ThinQbate,Seed Funding,N/A,nan||
"1005,13/02/17,Sigtuple,Technology,Medical Automation platform,Bangalore,""Accel Partners, IDG Ventures, Endiya Partners, pi Ventures, VH Capital, Axilor Partners"",Private Equity,""58,00,000"",nan"||
"1006,13/02/17,Flutura,Technology,Decision Sciences Analytics Solutions,Bangalore,""Vertex Ventures, Lumis Partners"",Private Equity,""75,00,000"",nan"||
"1007,13/02/17,Wassup,Consumer Internet,On Demand Laundry & Dry Cleaning Services,Chennai,Anil Jain & other HNIs,Private Equity,""32,00,000"",nan"||
"1008,13/02/17,Better Mortgage,Consumer Internet,Mortgage Offering Platform,Gurgaon,""Kleiner Perkins, Goldman Sachs, Pine Brook"",Private Equity,""1,50,00,000"",nan"||
"1009,13/02/17,Nurturey,Consumer Internet,Parenting Mobile App,New Delhi,Mohit Joshi & Others,Seed Funding,""3,30,000"",nan"||
"1010,13/02/17,Fyle,Technology,Expense Management Solution,Bangalore,Pravega Ventures,Seed Funding,""4,00,000"",nan"||
"1011,14/02/17,GoBumpr,Consumer Internet,Online Bike & Car Services provider,Chennai,""Mahalingam K, Girish Mathrubootham"",Seed Funding,""3,00,000"",nan"||
"1012,14/02/17,CCAvenue,Consumer Internet,Online Payment Gateway,Mumbai,Infibeam,Private Equity,""2,24,00,000"",nan"||
1013,14/02/17,Connaizen,Technology,Data Analytics platform,New Delhi,Vikram Sud,Seed Funding,N/A,nan||
"1014,15/02/17,Innov8,Consumer Internet,Co-Working Space Platform,New Delhi,""Vijay Shekhar Sharma, Rajan Anandan, Kunal Shah, Girish Mathrubootham, Punit Soni, Anand Chandrasekaran, Sunil Kalra, Utsav Somani, Vishal Gondal, Vikram Limaye"",Seed Funding,N/A,nan"||
"1015,15/02/17,ZestMoney,Consumer Internet,Online Consumer Lending platform,Bangalore,""PayU, Ribbit Capital, Omidyar Network"",Private Equity,""65,00,000"",nan"||
"1016,15/02/17,AirZaar,Technology,Drone operations management platform,Missourie,Quake Capital,Seed Funding,""3,50,000"",nan"||
"1017,16/02/17,Truebil,Consumer Internet,Online Marketplace for Used Cars,Mumbai,Shunwei Capital,Private Equity,""30,00,000"",nan"||
"1018,16/02/17,YourStory,Consumer Internet,Online Media,Bangalore,""Kalaari Capital Partners, Qualcomm, 3ONE4 Capital Advisors, UC-RNT"",Private Equity,""30,00,000"",nan"||
"1019,17/02/17,Imaginate,Technology,AR & VR platform,Hyderabad,SRI Capital,Seed Funding,""5,00,000"",nan"||
"1020,17/02/17,The Ken,Consumer Internet,Online Media Platform,Bangalore,""Aprameya Radhakrishna, Deepak Natraj, Girish Mathrubootham, Mahesh Murthy, Pallav Nadhani, Pavan Ongole, Sandeep Mathur, Vijay Shekhar Sharma & Others"",Seed Funding,""4,00,000"",nan"||
"1021,17/02/17,Urban Ladder,ECommerce,Online Furniture Store,Bangalore,""Kalaari Capital, SAIF Partners, Steadview Capital, Sequoia Capital"",Private Equity,""1,52,00,000"",nan"||
"1022,17/02/17,Aisle,Consumer Internet,Online match-making app,Bangalore,""Konglo Ventures, White Unicorn Ventures, LetsVenture"",Seed Funding,N/A,nan"||
1023,17/02/17,TownScript,Consumer Internet,DIY event registration and ticketing portal,Pune,BookMyShow,Private Equity,N/A,nan||
"1024,17/02/17,Leopetra,eCommerce,Solution provider for pet needs,Mumbai,Facebook FBStart,Seed Funding,""40,000"",nan"||
"1025,18/02/17,Blood n Care,Consumer Internet,First Aid care app,Gurgaon,Facebook FBStart,Seed Funding,""40,000"",nan"||
"1026,20/02/17,Flipkart,eCommerce,Online Marketplace,Bangalore,""Bennett, Coleman and Co. Ltd (BCCL)"",Private Equity,""3,87,00,000"",nan"||
"1027,21/02/17,True Balance,Consumer Internet,Mobile balance Checking App,Gurgaon,""Softbank Ventures Korea, IMM Investment"",Private Equity,""1,50,00,000"",nan"||
"1028,22/02/17,Vebbler,Consumer Internet,Photo Sharing for Groups,Bangalore,Facebook FBStart,Seed Funding,""40,000"",nan"||
"1029,23/02/17,Get My Parking,Consumer Internet,Smart Parking Platform,New Delhi,""Indian Angel Network (IAN), BEENEXT, The Chennai Angels, Sunil Munjal"",Private Equity,""11,00,000"",nan"||
"1030,23/02/17,Lets Reap,Consumer Internet,B2B Mobile App for Pharmacies,Mumbai,""Kunal Shah, Sandeep Tandon, Nitin Saluja, Gagan Goyal"",Seed Funding,N/A,nan"||
"1031,24/02/17,Oglas,Consumer Internet,Mobile Advertising App,Noida,""Pankaj Rungta, Yogesh Agarwal"",Seed Funding,N/A,nan"||
1032,27/02/17,Staydobe,Consumer Internet,Co-Living Spaces Aggregator,Bangalore,Ishan Manaktala,Seed Funding,N/A,nan||
"1033,27/02/17,Biryani By Kilo,Consumer Internet,Online Food Ordering & Delivery Portal,Gurgaon,""Chandigarh Angels, Ashish Gupta, Rohit, Ashish Chand, Sunil Singh & Others"",Seed Funding,""3,75,000"",nan"||
"1034,27/02/17,Johari Shop,ECommerce,Online Jewellery etailer,Bangalore,Undisclosed Investors,Seed Funding,""94,000"",nan"||
"1035,28/02/17,NeoStencil,Consumer Internet,Live Online Coaching Classes,New Delhi,""Brand Capital, Paragon Trust"",Private Equity,""10,00,000"",nan"||
"1036,28/02/17,Blackbuck,Logistics,Online freight aggregator,Bangalore,""Sands Capital, IFC, Accel Partners, Flipkart, Sanjiv Rangrass"",Private Equity,""7,00,00,000"",nan"||
"1037,02/01/17,TaxSutra,Consumer Internet,Online Tax Filing platform,Pune,""TV Mohandas Pai, V Balakrishnan, PV Srinivasan"",Seed Funding,""3,66,000"",nan"||
"1038,03/01/17,TempoGo,Technology,IoT & SAAS Solutions for Transportation Industry,Panaji,K2 Capital,Seed Funding,""8,25,000"",nan"||
"1039,03/01/17,GoFynd,ecommerce,Fashion ecommerce portal,Mumbai,""Anand Chandrasekaran, Rajiv Mehta, Ramakant Sharma"",Seed Funding,N/A,nan"||
1040,03/01/17,Vow Car Clinic,Consumer Internet,Online/App Based Car cleaning service provider,Gurgaon,Vishal Malik,Seed Funding,N/A,nan||
1041,04/01/17,LearnTron,Technology,Blended Learning Delivery App for Schools & Corporates,Chennai,Kae Capital,Seed Funding,N/A,nan||
1042,05/01/17,MobiDent,Consumer Internet,Dentist Appointments booking platform,Bangalore,DanGold Investment Corp,Private Equity,N/A,nan||
"1043,05/01/17,Yostra,Technology,Healthcare Technology Solutions,Bangalore,""Marico Innovation Foundation (MIF), Villgro"",Private Equity,N/A,nan"||
"1044,06/01/17,Leap India,Logistics,Supply Chain Solutions Provider,Mumbai,""India Nivesh Growth Fund, Sixth Sense, TCI Ventures"",Private Equity,""1,30,00,000"",nan"||
"1045,07/01/17,FreeCharge,Consumer Internet,Mobile Wallet,Mumbai,Jasper Infotech Pvt Ltd,Private Equity,""5,70,00,000"",nan"||
"1046,09/01/17,TicketNew,Consumer Internet,Movie Ticket Booking platform,Chennai,Alibaba Pictures,Private Equity,""3,50,00,000"",nan"||
"1047,10/01/17,Intelligence Node,Technology,SAAS Based Retail Analytics Solutions,Mumbai,BlackSoil Capital Pvt Ltd,Private Equity,""8,00,000"",nan"||
"1048,10/01/17,Securens,Technology,e-surveillance services provider,Mumbai,""Mayfield India, Trifecta Capital"",Private Equity,""50,00,000"",nan"||
"1049,10/01/17,Loan Frame,Consumer Internet,Small Business Loans Marketplace platform,Gurgaon,""Vedanta Capital, William Campbell, Toos N Daruvala"",Private Equity,""22,50,000"",nan"||
1050,10/01/17,DriveSkool,Consumer Internet,online marketplace for driving schools,Bangalore,Aavya Ventures,Seed Funding,N/A,nan||
"1051,10/01/17,Medinfi,Consumer Internet,Doctor & Clinic Discovery portal,Bangalore,""Vinod Martin, Evan Lim, Kanchan Ghoshal, Ram Kumar Kakani"",Seed Funding,""1,00,000"",nan"||
"1052,10/01/17,LensKart,eCommerce,Online eyewear retailer,Bangalore,Ronnie Screwvala,Private Equity,""35,00,000"",nan"||
"1053,11/01/17,InstaOffice,Consumer Internet,CoWorking Spaces booking platform,Gurgaon,""Zishaan Hayath, Karan Chellani, Mohit Satyan"",Seed Funding,N/A,nan"||
"1054,12/01/17,Hansel.io,Consumer Internet,Real-time Mobile App Management Platform,Bangalore,""IDG Ventures, Endiya Partners"",Private Equity,""13,50,000"",nan"||
"1055,12/01/17,Square Yards,Consumer Internet,Property Search Aggregator platform,Gurgaon,""Lohia Group, Andre Hoffman"",Private Equity,""1,00,00,000"",nan"||
"1056,13/01/17,Roambee,Technology,IoT smart Logistics and Asset Management Company,Mumbai,Deutsche Telekom Strategic Investments & Others,Private Equity,""41,00,000"",nan"||
1057,13/01/17,PaisaWapas,Consumer Internet,Cashback & Coupons platform,Bangalore,Vividhity Ventures,Seed Funding,N/A,nan||
"1058,13/01/17,iService,Consumer Internet,Gadgets Repair & Service Booking platform,Bangalore,""Blume Ventures, Girish Mathrubootham, Aprameya Radhakrishna"",Seed Funding,""4,40,000"",nan"||
"1059,14/01/17,Unacademy,Consumer Internet,Online learning platform,Bangalore,""Nexus Venture Partners, Blume Ventures"",Private Equity,""45,00,000"",nan"||
"1060,14/01/17,SecururAX,Technology,Cloud-based solutions provider,Bangalore,""Axilor Ventures, Parampara Early Stage Opportunities Fund & Others"",Private Equity,N/A,nan"||
"1061,16/01/17,Leadburg,Consumer Internet,Personality Development Mobile App,Bangalore,""Harsh V. Pant, Ratheesh Raveendran"",Seed Funding,N/A,nan"||
"1062,16/01/17,ZoloStays,Consumer Internet,Branded PG Accomodation booking platform,Bangalore,""Nexus Venture Partners, Innoven Capital"",Private Equity,""50,00,000"",nan"||
1063,16/01/17,Oi Media,Technology,SAAS Based Media Marketing platform,New Delhi,Quarizon,Seed Funding,N/A,nan||
"1064,16/01/17,HipCouch,Consumer Internet,Custom & Modular Furniture platform,Mumbai,Undisclosed Investors,Seed Funding,""7,00,000"",nan"||
"1065,17/01/17,Curiositi,Consumer Internet,Online Learning Platform,Bangalore,""Menterra Social Impact Fund, Unitus Seed Fund"",Private Equity,""8,00,000"",nan"||
"1066,17/01/17,TinyStep,Consumer Internet,Parenting Info & Social Network,Bangalore,Flipkart,Private Equity,""20,00,000"",nan"||
"1067,17/01/17,Practo,Consumer Internet,Online Healthcare platform,Bangalore,""Tencent,\\xc2\\xa0 ru-Net, RSI Fund, Thrive Capital"",Private Equity,""5,50,00,000"",nan"||
"1068,17/01/17,Ketchupp,Consumer Internet,Food Discovery Platform,New Delhi,India Quotient and others,Seed Funding,""4,41,000"",nan"||
"1069,17/01/17,Hoopy,Consumer Internet,Online Car Service Platform,Gwalior,undisclosed investors,Seed Funding,""5,00,000"",nan"||
"1070,17/01/17,Ezytruk,Consumer Internet,Logistics and truck aggregator platform,Bangalore,""Ajith Nair, Anish K"",Seed Funding,""1,47,000"",nan"||
"1071,18/01/17,Kratikal,Technology,Cyber Security Solution provider,New Delhi,""Amajit Gupta, Praveen Dubey, J.P. Bhatt"",Seed Funding,N/A,nan"||
1072,18/01/17,Direct Create,eCommerce,B2B Marketplace for Handicrafts,Gurgaon,Rajasthan Venture Capital Fund,Seed Funding,N/A,nan||
"1073,18/01/17,Vahdam Teas,eCommerce,Online Tea etailer,New Delhi,""Mumbai Angels Network, Fireside Ventures, Singapore Angel Network"",Seed Funding,""6,50,000"",nan"||
"1074,18/01/17,Qwikspec,Technology,Cloud-based construction,Bangalore,Undisclosed Investors,Seed Funding,""3,00,000"",nan"||
1075,19/01/17,PParke,Consumer Internet,Parking Solutions mobile app,Bangalore,SB Ventures,Seed Funding,N/A,nan||
"1076,19/01/17,Weddingz.in,Consumer Internet,Online Marketplace for Wedding Venues and vendors,Mumbai,Singularity Ventures,Private Equity,""10,00,000"",nan"||
"1077,19/01/17,Native Special,eCommerce,Indian Sweets & Snacks etailer,Karur,""Indian Angel Network, Native Angels Network"",Seed Funding,N/A,nan"||
1078,19/01/17,Fitnapp,Consumer Internet,Fitness Mobile App,Noida,SD Group,Private Equity,N/A,nan||
1079,20/01/17,Ethosh,Technology,Visual and Interactive communications Solutions,Pune,Deepak Nathani,Seed Funding,N/A,nan||
"1080,20/01/17,Wydr,eCommerce,B2B Wholesale Marketplace in India,Gurgaon,""Bessemer Venture Partners, Stellaris Venture Partners, Jungle Venture Partners, Axis Capital"",Private Equity,N/A,nan"||
1081,20/01/17,Tyre Express,Technology,IoT platform for Tyre Performance management & tracking,Mumbai,IvyCamp Ventures,Seed Funding,N/A,nan||
1082,20/01/17,Connaizen,Technology,Data Analytics platform,New Delhi,Umang Moondra,Seed Funding,N/A,nan||
"1083,22/01/17,MessaGif,Consumer Internet,social messaging platform,New Delhi,Undisclosed investor,Seed Funding,""50,000"",nan"||
1084,23/01/17,SmartHi,Technology,Audit automation Solutions,Pune,Singapore based investor,Seed Funding,N/A,nan||
1085,23/01/17,CRON Systems,Technology,Border Intrusion Alert Solutions,New Delhi,YourNest Fund II,Seed Funding,N/A,nan||
"1086,23/01/17,CueMath,Technology,Maths Learning program,New Delhi,""CapitalG, Sequoia India"",Private Equity,""1,50,00,000"",nan"||
1087,23/01/17,ChipperSage,Technology,Online learning platform,Bangalore,India Educational Investment Fund,Seed Funding,N/A,nan||
1088,24/01/17,SelectJobs,Consumer Internet,Online Job portal,Mumbai,India Educational Investment Fund,Seed Funding,N/A,nan||
"1089,24/01/17,Khel Now,Consumer Internet,Mobile-based Social Platform for Sports,Bangalore,Indochine International,Private Equity,""5,00,000"",nan"||
"1090,24/01/17,NowFloats,Consumer Internet,Platform to take businesses online,Hyderabad,""Iron Pillar and IIFL, Blume Ventures, Omidyar Network"",Private Equity,""1,00,00,000"",nan"||
"1091,24/01/17,Lets Transport,Consumer Internet,Online transport vehicle booking platform,Bangalore,""GMO Japan, Neelesh Bhatnagar"",Private Equity,""40,00,000"",nan"||
1092,24/01/17,BetaOut,Technology,ECommerce Marketing Software,Noida,East Ventures & Others,Private Equity,N/A,nan||
"1093,25/01/17,Wishberry,Consumer Internet,Crowdfunding Platform,Mumbai,""Sharad Sharma, Rajan Anandan,\\xc2\\xa0 Amit Ranjan, Alok Mittal & others"",Seed Funding,N/A,nan"||
"1094,25/01/17,RML Agtech,Technology,Agri Decision Support Solution for farmers,Pune,IvyCap Ventures,Private Equity,""40,00,000"",nan"||
"1095,25/01/17,LoyaltyPrime,Technology,Loyalty program management solutions,New Delhi,""Senovo, Unternehmertum Venture Capital, Alexander Bruehl"",Private Equity,N/A,nan"||
"1096,25/01/17,InstaSafe,Technology,Security-as-a-Service solution provider,Bangalore,ABM Knowledgeware,Private Equity,""22,00,000"",nan"||
"1097,25/01/17,Infibeam,eCommerce,eCommerce Marketplace,Ahmedabad,""Bennett, Coleman and Company Ltd"",Private Equity,""88,00,000"",nan"||
1098,02/01/17,99Games,Technology,Mobile Game Developer Studio,Udupi,Dream Incubator,Seed Funding,N/A,nan||
"1099,26/01/17,AirMed Labs,Consumer Internet,Health Tests Booking platform & ePharmacy,Ahmedabad,Brand Capital,Private Equity,""14,00,000"",nan"||
"1100,26/01/17,99PerHour,Consumer Internet,Hyper-local Handyman Service provider,Chennai,V Aanand R,Seed Funding,""3,00,000"",nan"||
"1101,26/01/17,Kochi Post,Consumer Internet,English Online News portal,Kochi,""Rajesh Yohannan, Puthen & Cole"",Seed Funding,N/A,nan"||
"1102,30/01/17,Intuit Things,Technology,IoT solutions for home automation applications,Mumbai,Sanjay Mehta & Others ( The Ten Minute Million),Seed Funding,""1,06,000"",nan"||
"1103,30/01/17,Cloudrino,Technology,Cloud based Virtual Servers,New Delhi,The Ten Minute Million,Seed Funding,""22,500"",nan"||
"1104,30/01/17,FabX,eCommerce,Used Furniture Marketplace,Mumbai,The Ten Minute Million,Seed Funding,""68,000"",nan"||
"1105,30/01/17,Maptags,Consumer Internet,Smart Online address tags,Bangalore,The Ten Minute Million,Seed Funding,""18,000"",nan"||
1106,30/01/17,YOLO Health,Consumer Internet,Online Healthcare platform,Mumbai,Chandigarh Angels Network (CAN),Seed Funding,N/A,nan||
"1107,31/01/17,Heads Up For Tails,eCommerce,Online Pet Products Store,New Delhi,Undisclosed Investors,Private Equity,""20,00,000"",nan"||
1108,31/01/17,Register My Marriage,Consumer Internet,Online Marriage Registration services,New Delhi,Mumbai Angels,Seed Funding,N/A,nan||
"1109,01/12/16,SidQam,Technology,Healthcare Software System,Noida,""SQue Capital, Grace Capital Ventures, Soham Vencaps"",Private Equity,""12,00,000"",nan"||
"1110,01/12/16,India Lends,Consumer Internet,Online Instant personal Loan provider,New Delhi,""DSG Consumer Partners, American Express Ventures, Cyber Carrier VC, AdvantEdge Partners"",Private Equity,""40,00,000"",nan"||
"1111,01/12/16,Slide App,Consumer Internet,Lock screen Rewards mobile app,New Delhi,Songhyun Investment,Private Equity,""36,00,000"",nan"||
"1112,02/12/16,Badiyajobs,Consumer Internet,Entry-Level job Seekers platform,New Delhi,Undisclosed,Seed Funding,""1,00,000"",nan"||
"1113,02/12/16,Streo,Consumer Internet,Live Music Streaming App,Bangalore,""GEMs Advisory, Quarizon"",Seed Funding,N/A,nan"||
"1114,02/12/16,TYGR,Technology,Transport and logistics mobile App,Mumbai,Franchise India,Private Equity,""30,00,000"",nan"||
1115,05/12/16,Mr Hot Foods,Consumer Internet,Online Food Ordering & Delivery Portal,Indore,IvyCamp Ventures,Seed Funding,N/A,nan||
"1116,05/12/16,UrDoorStep,eCommerce,Online Grocery Store,Bangalore,Lakshmi Vilas Bank & undisclosed HNIs,Private Equity,""14,00,000"",nan"||
"1117,05/12/16,ONN Bikes,eCommerce,""On-demand, self-drive bike rental platform"",Mumbai,Grace Capital Ventures,Seed Funding,N/A,nan"||
"1118,06/12/16,Diro Labs,Consumer Internet,Mobile Contacts Management app,New Delhi,Info Edge (India),Seed Funding,""1,47,000"",nan"||
"1119,06/12/16,THB,Technology,Clinical research and data analytics,Gurgaon,""Ajith Sukumaran, Currae Healthtech Fund"",Seed Funding,N/A,nan"||
1120,07/12/16,LookAtMe,Consumer Internet,Mobile App based Fashion Network,Singapore,Eros Labs,Seed Funding,N/A,nan||
"1121,07/12/16,Netree,eCommerce,Mobile-only Retailers Engagement Solution,New Delhi,""The Chennai Angels, LetsVenture"",Seed Funding,N/A,nan"||
"1122,07/12/16,BookEventz,Consumer Internet,""Venue, Events Booking platform"",Mumbai,Investors from Mumbai Angels & LetsVenture,Seed Funding,N/A,nan"||
"1123,07/12/16,Tailslife,Consumer Internet,Pet Parenting mobile app,Bangalore,""Mohan Kumar, V. Balakrishnan"",Seed Funding,N/A,nan"||
"1124,07/12/16,Revv,Consumer Internet,Self-Driven Car Services booking portal,New Delhi,Edelweiss Private Equity,Private Equity,""90,00,000"",nan"||
"1125,07/12/16,WealthApp,Consumer Internet,Online Investment Advisory platform,Bangalore,""Venk Krishnan, MJ Aravind, Vikram Kotak, Jayant Davar,\\xc2\\xa0 Ramkumar Nishtal, Arjun Sharmaa"",Seed Funding,""4,40,000"",nan"||
"1126,07/12/16,Vehico,Technology,Connected Transportation solutions,Bangalore,""Calcutta Angel Network, Appliyifi"",Seed Funding,N/A,nan"||
"1127,08/12/16,Zest Money,Consumer Internet,Online Consumer Lending platform,Mumbai,PayU,Private Equity,""65,00,000"",nan"||
"1128,08/12/16,GoMechanic,Consumer Internet,Online Car servicing Booking platform,Gurgaon,Venture Catalysts,Seed Funding,""2,50,000"",nan"||
"1129,09/12/16,Stalk Buy Love,eCommerce,Fashion Apparel eTailer,New Delhi,Kalaari Capital,Private Equity,""60,00,000"",nan"||
1130,09/12/16,Nykaa,eCommerce,Beauty Products etailer,Mumbai,Max Ventures and Industries,Private Equity,N/A,nan||
"1131,09/12/16,Wittyparot,Technology,Content Management & Productivity platform,Bangalore,Mumbai Angels,Seed Funding,""4,50,000"",nan"||
"1132,09/12/16,NeuroEquilibrium,Technology,Health-Tech platform,Jaipur,Unicorn India Ventures,Seed Funding,""2,50,000"",nan"||
"1133,12/12/16,Xseed Education,Technology,Education & learning Tech platform,Bangalore,Verlinvest SA,Private Equity,""1,00,00,000"",nan"||
"1134,12/12/16,Rupaiya Exchange,Consumer Internet,P2P Lending platform,New Delhi,Undisclosed Investors,Seed Funding,""2,00,000"",nan"||
"1135,12/12/16,Doctor Insta,Consumer Internet,Online Doctor Consulting platform,Gurgaon,RoundGlass Partners,Private Equity,""20,00,000"",nan"||
"1136,12/12/16,UrbanPiper,Consumer Internet,Self-Branded Websites & Apps for Ecommerce,Bangalore,""Axilor, undisclosed investors"",Seed Funding,N/A,nan"||
"1137,12/12/16,Fresh Food Concepts,Food & Beverage,Cold Press Juice manufacturer & seller,New Delhi,""Siddhartha Gupta, Ashvin Chadha"",Seed Funding,""20,00,000"",nan"||
"1138,13/12/16,Indifi,Consumer Internet,Online lending platform,Gurgaon,Omidyar Network,Private Equity,""1,00,00,000"",nan"||
"1139,13/12/16,GoComet,Logistics,Marketplace for International Freight,Mumbai,""India Quotient, Rajul Garg, Rajesh Yabaji, Chanakya Hridaya, Ramasubramaniam B, Vishwanathan, Nobel House, Sunstone Capital"",Seed Funding,N/A,nan"||
"1140,13/12/16,OfBusiness,eCommerce,Online business-to-business (B2B) marketplace,Gurgaon,""Zodius Technology Opportunities Fund, Matrix Partners"",Private Equity,""1,11,00,000"",nan"||
"1141,14/12/16,Fitmein,Consumer Internet,Fitness Discovery & Booking platform,New Delhi,""FiNC, GHV"",Seed Funding,N/A,nan"||
"1142,14/12/16,Qacco,Consumer Internet,Hotel Booking platform,Gurgaon,""Lead Angels Network, Anbu Pandian, Prabhakar MR & Others"",Seed Funding,""1,50,000"",nan"||
"1143,14/12/16,Fitpass,Consumer Internet,Fitness center aggregator & Booking mobile app,New Delhi,Mumbai Angels,Seed Funding,""10,00,000"",nan"||
1144,14/12/16,MoEngage,Technology,User analytics and engagement platform,Bangalore,Anand Chandrasekaran,Seed Funding,N/A,nan||
"1145,14/12/16,Ten3t Health,Technology,medical grade wearable patch maker,Bangalore,""V. Krishna Prasad, Bhupen Shah & Others"",Seed Funding,N/A,nan"||
"1146,14/12/16,Trading Bells,Consumer Internet,Online Share & Commodity Broking platform,Indore,Swastika Investmart Ltd,Seed Funding,""2,97,000"",nan"||
"1147,15/12/16,SERV\\xe2\\x80\\x99D,Consumer Internet,Financial Services For Unorganized Workforce,Pune,Digital Financial Service Lab,Seed Funding,""1,00,000"",nan"||
"1148,15/12/16,IdeaForge,Technology,Drone Manufacturing,Mumbai,""WRV Capital and IndusAge Partners, Infosys Innovation Fund"",Private Equity,""1,00,00,000"",nan"||
"1149,15/12/16,Amagi Media Labs,Technology,Media Technology Solutions,Mumbai,""Emerald Media, Premji Invest"",Private Equity,""3,50,00,000"",nan"||
"1150,15/12/16,Pocket Aces,Technology,Digital Entertainment Company,Mumbai,""Sequoia Capital India, North Base Media, Aarin Capital, 3one4 Capital, Axilor Ventures, Kunal Shah, Sandeep Tandon"",Private Equity,""30,00,000"",nan"||
"1151,16/12/16,Pi Data Centers,Technology,Cloud Data Center Solutions provider,Hyderabad,Epsilon Venture Partners,Private Equity,""2,30,00,000"",nan"||
"1152,16/12/16,TripShelf,Consumer Internet,Holiday Packages provider,New Delhi,""GEMS Advisory, Quarizon"",Seed Funding,""1,23,000"",nan"||
1153,19/12/16,Events High,Consumer Internet,Events & Activities Marketplace,Bangalore,Axilor Ventures,Private Equity,N/A,nan||
"1154,19/12/16,NoBroker,Consumer Internet,Rental property search portal,Bangalore,""KTB Network, SAIF Partners, BEENEXT, Digital Garage"",Private Equity,""74,00,000"",nan"||
"1155,20/12/16,VivoCarat,eCommerce,Online jewellery marketplace,Mumbai,Undisclosed Investors,Seed Funding,""50,000"",nan"||
1156,20/12/16,Tiyo,Consumer Internet,Doctor Search Mobile App,Kolkata,Ajith Nair,Seed Funding,N/A,nan||
1157,20/12/16,Zoomcar,Consumer Internet,Self-Driven Cab booking platform,Bangalore,Cyber Carrier CL,Private Equity,N/A,nan||
"1158,20/12/16,BYJU\\xe2\\x80\\x99s,Consumer Internet,Online Learning platform,Bangalore,International Financial Corporation,Private Equity,""1,50,00,000"",nan"||
"1159,21/12/16,Supr Daily,Consumer Internet,Daily Subscription based Delivery service,Mumbai,""Dr. Apoorv Ranjan Sharma, Anil Jain, Anuj Golecha, Krishna Jhunjhunwala, Anirudh Damani"",Seed Funding,N/A,nan"||
"1160,21/12/16,The BlueBook,Consumer Internet,online to offline marketing platform,Bangalore,""Indian Angel Network, Let\\xe2\\x80\\x99s Venture"",Seed Funding,""5,00,000"",nan"||
1161,21/12/16,MamaEarth,eCommerce,Babycare Products seller,New Delhi,Fireside Ventures & Others,Seed Funding,N/A,nan||
"1162,21/12/16,Vegetall,eCommerce,Online Vegetable eTailer,Chennai,The Chennai Angels,Seed Funding,""1,62,000"",nan"||
1163,22/12/16,Innoplexus,Technology,Data as a Service Provider,Pune,HCS Venture capital fund,Private Equity,N/A,nan||
"1164,22/12/16,Mindler,Consumer Internet,Career Planning & Assessment platform,New Delhi,Taxmann,Seed Funding,""3,24,000"",nan"||
"1165,22/12/16,MCaffeine,eCommerce,Personal care product etailer,Bangalore,""Kaushal Agarwal, Harminder Sahani, KK Mehra, Pranay Jivrajka, Navjot Saini"",Seed Funding,""3,00,000"",nan"||
"1166,23/12/16,enKast,Technology,Cloud based CRM for Agencies,Bangalore,Ivy League Alumni Angel Network,Private Equity,""20,00,000"",nan"||
"1167,23/12/16,ShopKirana,eCommerce,B2B platform for Merchants & Retailers,Indore,""Incubate Fund, Lead Angels Group & Others"",Private Equity,N/A,nan"||
"1168,23/12/16,MyAdvo,Consumer Internet,Legal Advice Platform,New Delhi,""Pradyumna Dalmia, S. Somasegar & Others"",Seed Funding,N/A,nan"||
1169,23/12/16,Asocon,Technology,Process management startup,Noida,Quarizon,Seed Funding,N/A,nan||
1170,23/12/16,LexComply,Consumer Internet,Compliance Management Software,New Delhi,Ajay Relan,Seed Funding,N/A,nan||
"1171,26/12/16,The Postbox,eCommerce,Art & Lifestyle ECommerce Store,Chennai,""The Chennai Angels, Ritesh Mehta, Aruna Ganesh Ram"",Seed Funding,N/A,nan"||
"1172,26/12/16,Pandorum Technologies,Technology,3D printed experimental Human Liver tissue creator,Bangalore,""Sachin Bansal, Binny Bansal"",Seed Funding,N/A,nan"||
"1173,26/12/16,Dekkho,Consumer Internet,Video Streaming platform,Mumbai,undisclosed investors,Seed Funding,""12,00,000"",nan"||
"1174,26/12/16,Shadowfox,Logistics,On-Demand Delivery Service,Gurgaon,Eight Roads Ventures,Private Equity,""1,00,00,000"",nan"||
"1175,27/12/16,ShopX,eCommerce,SAAS ECommerce Retail app,Bangalore,Nandan Nilekani,Private Equity,""50,00,000"",nan"||
"1176,28/12/16,BookEventz,Consumer Internet,Online event-booking platform,Mumbai,""Lead Angels, Mumbai Angels, LetsVenture, Girish Mathrubootham, Anbu Pandian"",Seed Funding,N/A,nan"||
"1177,29/12/16,Healthifyme,Consumer Internet,Fitness Mobile App,Bangalore,NB Ventures,Private Equity,""10,00,000"",nan"||
"1178,29/12/16,LetsMD,Consumer Internet,Healthcare plan comparison platform,New Delhi,""WaterBridge Ventures,"",Seed Funding,N/A,nan"||
1179,29/12/16,Justbooks,Consumer Internet,Library Chain Aggregator,Bangalore,CoCreate Ventures,Seed Funding,N/A,nan||
"1180,30/12/16,InstantPay,Consumer Internet,Digital payments & recharge platform,New Delhi,""RB Investments,\\xc2\\xa0 Kaleden Holdings"",Private Equity,N/A,nan"||
"1181,01/11/16,PickMyLaundry,Consumer Internet,On-Demand Washing & Dry Cleaning Services,New Delhi,""Kedar Lele, GHV Accelerator"",Seed Funding,""2,00,000"",nan"||
"1182,02/11/16,FreshDesk,Consumer Internet,SAAS Based HelpDesk Services,Chennai,""Sequoia Capital India, Accel Partners"",Private Equity,""5,50,00,000"",nan"||
"1183,02/11/16,LaundryAnna,Consumer Internet,On-Demand Washing & Dry Cleaning Services,Bangalore,Undisclosed Investors,Seed Funding,""1,50,000"",nan"||
"1184,02/11/16,LetsMD,Consumer Internet,Healthcare Services Comparison Platform,New Delhi,""Calcutta Angels Network, LetsVenture, Anupam Mittal, Currae Healthtech Fund"",Seed Funding,N/A,nan"||
"1185,02/11/16,Sattviko,Food & Beverage,Health Food Restaurant Chain,New Delhi,""Raman Roy, Ashish Gupta, Yogesh Andlay, Vaibhav Jain"",Seed Funding,N/A,nan"||
"1186,03/11/16,Zarget,Technology,SaaS-based web optimisation and marketing platform,Chennai,Sequoia India,Private Equity,""60,00,000"",nan"||
"1187,03/11/16,DoSelect,Consumer Internet,Skill Showcasing platform,Bangalore,""3one4 Capital, Mumbai Angels, Aarin Capital"",Seed Funding,N/A,nan"||
"1188,03/11/16,EasyPolicy,Consumer Internet,Online insurance Portal,Noida,""Unilazer Ventures,"",Private Equity,""1,00,00,000"",nan"||
1189,04/11/16,Browntape,Technology,cloud-based software solutions company,Goa,Gati Ltd,Private Equity,N/A,nan||
"1190,04/11/16,Connect India,Logistics,Last mile Delivery Network,Bangalore,Aavishkaar Venture Management,Private Equity,""10,00,000"",nan"||
"1191,04/11/16,Corseco,Technology,AI-based Software as a Service Solution provider,New Delhi,""Ameera Shah, Vivek Bhargava"",Seed Funding,""1,50,000"",nan"||
1192,04/11/16,vImmune,Consumer Internet,Immunisation Management Platform,Bangalore,Undisclosed investor,Seed Funding,N/A,nan||
1193,04/11/16,The Gourmet Jar,eCommerce,Gourmet Food etailer,Noida,Chandigarh Angels Network,Seed Funding,N/A,nan||
"1194,05/11/16,Medzin,eCommerce,Online ordering & Delivery of medicines,New Delhi,A M Sikander,Seed Funding,""45,000"",nan"||
"1195,05/11/16,Bizongo,eCommerce,Packaging Material Marketplace,Mumbai,""IDG Ventures, Accel Partners"",Private Equity,""30,00,000"",nan"||
"1196,07/11/16,Rivigo,Technology,Technology based Logistics platform,Gurgaon,Warburg Pincus,Private Equity,""7,50,00,000"",nan"||
"1197,07/11/16,JustRide,Consumer Internet,Online Car Sharing platform,Mumbai,""Justin Kan, Qasar Younis, Paul Bucche, Susa Ventures, Kima Ventures, Axan Venture, SCM Holdings"",Private Equity,""30,00,000"",nan"||
"1198,09/11/16,IIM Jobs,Consumer Internet,Online Job Portal,New Delhi,India Quotient,Private Equity,""20,00,000"",nan"||
"1199,09/11/16,Square Yards,Consumer Internet,Online Property Search Portal,Gurgaon,ADAG Reliance Private Equity,Private Equity,""1,20,00,000"",nan"||
"1200,10/11/16,GolfLAN,Consumer Internet,Golf Session Online Bookings platform,New Delhi,""YourNest Angel Fund, iSON"",Private Equity,""10,00,000"",nan"||
1201,10/11/16,Yottaasys,Technology,Data Sciences platform,Bangalore,Gleevoaz Ventures,Private Equity,N/A,nan||
"1202,10/11/16,Tone Tag,Technology,Contactless Payment Solution,Bangalore,""Arun Seth, T.V. Mohandas Pai, Anand Chandrasekaran, Deepak Ghaisas"",Private Equity,N/A,nan"||
1203,11/11/16,Life in Control,Consumer Internet,Online Diabetes Management platform,Gurgaon,RoundGlass Partners,Private Equity,N/A,nan||
"1204,14/11/16,Active.ai,Technology,Banking & Fintech Platform,Singapore,""Kalaari Capital, IDG Ventures India"",Private Equity,""30,00,000"",nan"||
"1205,14/11/16,ElasticRun,Technology,Tech driven Logistic & distribution platform,Pune,""Kalaari Capital, Norwest Venture Partners"",Private Equity,""20,00,000"",nan"||
1206,15/11/16,NoBroker,Consumer Internet,Online Rental discovery,Bangalore,Vijay Shekhar Sharma,Seed Funding,N/A,nan||
"1207,15/11/16,Zefo,eCommerce,Used Furniture & Appliances Marketplace,Bangalore,""Sequoia India, BEENEXT, Helion Ventures"",Private Equity,""60,00,000"",nan"||
"1208,15/11/16,PlaySimple,Technology,Mobile Gaming portal,Bangalore,""SAIF Partners, IDG Ventures India"",Private Equity,""40,00,000"",nan"||
"1209,16/11/16,Stasis Labs,Technology,Cloud based\\xc2\\xa0 health monitoring platform,Bangalore,""RTP-HC, Wonder Ventures, Techstars Ventures & Others"",Private Equity,""50,00,000"",nan"||
1210,17/11/16,Scienaptic,Technology,Data Analytics platform,Bangalore,Pramod Bhasin,Seed Funding,N/A,nan||
"1211,17/11/16,Koovs,eCommerce,Fashion eTailer,New Delhi,Times of India Group & Existing investors,Private Equity,""1,35,00,000"",nan"||
1212,17/11/16,Lawrato,Consumer Internet,Free Legal Advice,New Delhi,Indian Angel Network,Seed Funding,N/A,nan||
1213,17/11/16,Trip Tap Toe,Consumer Internet,Online Travel Portal,Gurgaon,R.S Sharma,Seed Funding,N/A,nan||
"1214,17/11/16,Pictor Imaging,Consumer Internet,Product Photography Mobile App,Mumbai,Quarizon,Seed Funding,""1,47,000"",nan"||
"1215,18/11/16,GramCover,Finance,Insurance Marketplace for the Rural Sector,New Delhi,Omnivore Capital,Seed Funding,""10,00,000"",nan"||
1216,18/11/16,AerMed,eCommerce,Online Pharmacy,Mumbai,Hitesh Windlass,Seed Funding,N/A,nan||
1217,18/11/16,WorkIndia,Consumer Internet,Job Board for Clue Collar Jobs,Mumbai,Asuka Holdings,Seed Funding,N/A,nan||
"1218,21/11/16,Bats on delivery,Consumer Internet,""Online food, Grocery ordering & Delivery"",Gurgaon,Devdeep Singh,Seed Funding,""90,000"",nan"||
"1219,21/11/16,numberz.in,Technology,Cash Flow Management Solution for Businesses,Gurgaon,""Kae Capital, Khosla Impact"",Seed Funding,""6,50,000"",nan"||
"1220,22/11/16,Housing.com,Consumer Internet,Real Estate Portal,Mumbai,Softbank Group,Private Equity,""50,00,000"",nan"||
"1221,22/11/16,Awesummly,Consumer Internet,Short News Mobile App,Bangalore,""Vivek Bhargava, Ameera Shah"",Seed Funding,""1,47,000"",nan"||
1222,22/11/16,VoLT,Consumer Internet,Ed-Tech Platform,Mumbai,YMS Mobitech,Seed Funding,N/A,nan||
"1223,22/11/16,Vymo,Technology,SaaS-based predictive analytics platform,Bangalore,Sequoia India,Private Equity,""50,00,000"",nan"||
"1224,22/11/16,ShubhLoans,Technology,Consumer Finance & Credit Score platform,Bangalore,""Sanjai Vohra, V. Bunty Bohra"",Seed Funding,N/A,nan"||
"1225,22/11/16,Noddapp,Consumer Internet,App based networking platform,Mumbai,Undisclosed multiple investors,Seed Funding,""1,47,000"",nan"||
"1226,23/11/16,Knowlarity,Consumer Internet,Cloud Telephony Platform,Bangalore,""Delta Partners, Sequoia India,\\xc2\\xa0 Mayfield, Blacksoil, Trifecta Capital"",Private Equity,""2,00,00,000"",nan"||
"1227,23/11/16,Infisecure,Technology,Bot Protection Solutions,Mumbai,""IDG Ventures, Axilor Ventures"",Seed Funding,""6,00,000"",nan"||
"1228,23/11/16,Udaan,eCommerce,B2B Marketplace,Bangalore,""Lightspeed Venture Partners India, Lightspeed US"",Private Equity,""1,00,00,000"",nan"||
1229,24/11/16,FroyoFit,Consumer Internet,Fitness Discovery Platform,Indore,Dr. Pooja Gandhi,Seed Funding,N/A,nan||
1230,24/11/16,Betterplace,Consumer Internet,Background Verification Services,Bangalore,Venture Highway,Seed Funding,N/A,nan||
"1231,24/11/16,ShareChat,Consumer Internet,Local Language Social Networking Platform,Mumbai,""Lightspeed India Partners, SAIF Partners, India Quotient, Venture Highway"",Private Equity,""40,00,000"",nan"||
1232,24/11/16,UClean,Consumer Internet,Tech Enabled Laundry Service Provider,Gurgaon,Franchise India,Private Equity,N/A,nan||
"1233,24/11/16,Servify,Consumer Internet,Personal Device Assistant App,Mumbai,""Blume Ventures, BEENEXT, Barkawi Holdings GmbH, TM Service Technology Holdings Gmbh, Sreevathsa Prabhakar"",Private Equity,N/A,nan"||
"1234,25/11/16,Hubilo,Consumer Internet,End-to-end Event Organizers Solutions,Ahmedabad,""Girish Mathrubootham, VC Karthic, Miten Mehta, Umasankar Nistala, Rakesh Patel, Akash Bhavsar, Jeevanandhan Rajagopal, Vikas Chadha & Others"",Seed Funding,N/A,nan"||
1235,25/11/16,FunOnGo,Consumer Internet,Digital Media Content and Distribution platform,Mumbai,Reliance Entertainment,Private Equity,N/A,nan||
1236,25/11/16,121Policy,Consumer Internet,Online Insurance Platform,Kolkata,Xelpmoc,Seed Funding,N/A,nan||
"1237,26/11/16,TapChief,Consumer Internet,Professional Expert Advice Platform,Bangalore,""Paytm, Aprameya Radhakrishna, Subramanya Venkat, Venk Krishnan"",Seed Funding,N/A,nan"||
"1238,28/11/16,Kloseby,Consumer Internet,proximity based\\xc2\\xa0 Rewards platform,Bangalore,Undisclosed Investor,Seed Funding,""1,00,000"",nan"||
"1239,28/11/16,WholeSaleBox,eCommerce,B2B Wholesale Apparel Marketplace,Jaipur,""Manish Maheshwari, Contrarian Vriddhi Fund"",Private Equity,""20,00,000"",nan"||
1240,29/11/16,Crossahead,Consumer Internet,Creative Artists Discovery & Booking platform,Noida,Mohit Sharma,Seed Funding,N/A,nan||
"1241,29/11/16,Affordplan,Consumer Internet,Savings platform for Medical Expenses,New Delhi,""Prime Venture Partners, Kalaari Capital"",Private Equity,""30,00,000"",nan"||
"1242,30/11/16,HandyTrain,Consumer Internet,Mobile App for SAAS based Training,Goa,""Silver Range Investments, Lumina Datamatics, Shun Yoshida & Others"",Private Equity,""10,00,000"",nan"||
"1243,30/11/16,ShopsUp,eCommerce,Hyperlocal Shopping App,Bangalore,""Anand Sankeshwar, Yang Shu"",Seed Funding,""9,63,000"",nan"||
"1244,30/11/16,Indofash,eCommerce,Ethnic Indian Fashion Marketplace,Bangalore,""Shekhar Sahu, Nitesh Pant"",Seed Funding,""1,50,000"",nan"||
"1245,30/11/16,Entropika,Technology,""AI, Machine learning Solutions"",Bangalore,""Dileep Bhatt, Milind Chaudhary"",Seed Funding,""2,00,000"",nan"||
"1246,30/11/16,MarianaIQ,Technology,AI-driven B2B marketing platform,Bangalore,Exfinity Venture Partners,Private Equity,""20,00,000"",nan"||
"1247,30/11/16,Chai Thela,Food & Beverage,Quick Service Restaurants,Noida,Quarizon,Seed Funding,""2,18,000"",nan"||
"1248,30/11/16,Interviewpad,Technology,Engineering Interview facilitation platform,Pune,Krishna Rokhale,Seed Funding,""1,00,000"",nan"||
"1249,30/11/16,Math Buddy,Consumer Internet,Online Math Learn,Vadodara,Menterra Social Impact Fund,Seed Funding,""4,40,000"",nan"||
"1250,30/11/16,Pulse,Consumer Internet,Campus Social Networking App,Bangalore,SAIF Partners,Private Equity,""5,00,000"",nan"||
1251,30/11/16,MonkeyBox,Consumer Internet,Healthy Food Delivery platform,Bangalore,Blume Ventures & Others,Seed Funding,N/A,nan||
"1252,30/11/16,Carcrew.in,Consumer Internet,Online Car repair Marketplace,Mumbai,TVS Group,Seed Funding,""5,00,000"",nan"||
1253,03/10/16,MeraKisan,eCommerce,Fruit & vegetable eTailer,Bangalore,Mahindra Univeg,Seed Funding,N/A,nan||
"1254,03/10/16,Mystifly,Consumer Internet,Airline Ticket Aggregator,Bangalore,Recruit Holdings,Private Equity,""50,00,000"",nan"||
"1255,03/10/16,HelpChat,Consumer Internet,AI Powered Content & Commerce platform,Bangalore,""American Express Ventures, Sequoia Capital"",Private Equity,N/A,nan"||
"1256,03/10/16,Uniphore,Technology,Speech Recognition Solutions,Chennai,""IDG Ventures, Indian Angel Network (IAN), YourNest Angel Fund"",Private Equity,""20,00,000"",nan"||
"1257,03/10/16,World Art Community,eCommerce,Art & Craft Marketplace,Gurgaon,Viraj Tyagi & Others,Seed Funding,""2,00,000"",nan"||
"1258,04/10/16,Giftxoxo,eCommerce,Online Gifting platform,Bangalore,Mahindra Holidays & Resorts India Ltd,Private Equity,""4,50,000"",nan"||
"1259,04/10/16,Bharat Bazaar,eCommerce,Online B2B Marketplace,Mumbai,""BeeNext, TV Mohandas Pai, Kunal Shah, Sandeep Tandon"",Seed Funding,N/A,nan"||
1260,04/10/16,GOQii,Consumer Internet,Health & Fitness Wearable Device,Mumbai,Ratan Tata,Private Equity,N/A,nan||
"1261,04/10/16,India Gifts Portal,eCommerce,Online Gifting platform,Noida,""Naveen Arya, Tarun Joshi"",Private Equity,""20,00,000"",nan"||
"1262,04/10/16,Moglix,eCommerce,Industrial & Home products marketplace,Noida,""Accel Partners, Jungle Ventures, SeedPlus"",Private Equity,""42,00,000"",nan"||
"1263,04/10/16,NetLinx,Consumer Internet,Internet Service Provider,Hyderabad,""Xchange Investors NV, TransGlobal FZC"",Private Equity,""30,00,000"",nan"||
1264,04/10/16,Scandid,Consumer Internet,Product Shopping Comparison App,Pune,3One4 Capital,Private Equity,N/A,nan||
"1265,04/10/16,Remitr,Consumer Internet,Foreign Currency Payments Platform,Mumbai,""Vijay Shekhar Sharma, Pravin Gandhi,\\xc2\\xa0 Smart Start Fund; Kunal Shah,\\xc2\\xa0 Sandeep Tandon, Vishal Gondal, & Others"",Seed Funding,""10,00,000"",nan"||
"1266,04/10/16,InnerChef,Consumer Internet,Online food ordering platform,Gurgaon,""Mistletoe, M&S Partners"",Private Equity,""25,00,000"",nan"||
"1267,04/10/16,AppsDaily,Consumer Internet,""Mobile Phone Theft, Damage Protection platform"",Mumbai,""Zodius Capital, Kalaari Capital, Qualcomm Ventures, Russian venture capital fund Ru-Net, Mumbai Angels"",Private Equity,""37,50,000"",nan"||
1268,05/10/16,MuhurtMaza,Consumer Internet,Online Puja Booking Service,Pune,Undisclosed Investor,Seed Funding,N/A,nan||
"1269,05/10/16,Azuro,Consumer Internet,Rental Property Finder platform,Mumbai,""White Unicorn Ventures, Kae Capital, Mumbai Angels"",Private Equity,N/A,nan"||
"1270,05/10/16,NeuroSynaptic,Technology,Remote Healthcare Delivery Solutions,Bangalore,""Indian Angel Network, Healthsquad, Axilor Ventures"",Private Equity,N/A,nan"||
"1271,05/10/16,UE LifeSciences,Technology,Mobile Health Technology Solutions,Mumbai,""Kiran Mazumdar-Shaw, Unitus Seed Fund"",Private Equity,""12,00,000"",nan"||
1272,06/10/16,FindmeaShoe,Consumer Internet,Footwear Recommendation App,Bangalore,Ventureast Fund Advisors,Seed Funding,N/A,nan||
"1273,06/10/16,RealBox,Technology,Data Sciences Platform,Noida,Hyderabad Angels,Seed Funding,""3,00,000"",nan"||
1274,06/10/16,Sportido,Consumer Internet,Sports Discovery platform,Noida,Sumpoorna Group,Seed Funding,N/A,nan||
"1275,06/10/16,GoZefo,eCommerce,Used Furniture & Appliances Marketplace,Bangalore,""Helion Venture Partners, BeeNext"",Private Equity,""10,50,000"",nan"||
"1276,07/10/16,RayIOT,Technology,Baby Monitoring Devices manufacturer,Bangalore,HAX Accelerator,Seed Funding,""1,00,000"",nan"||
"1277,07/10/16,KOOH Sports,Technology,Sports Training & Technology,Mumbai,""HDFC, Faering Capital, Elevate Sports"",Private Equity,""22,00,000"",nan"||
"1278,07/10/16,Flexiloans,Consumer Internet,Online Funds Raising Platform,Mumbai,""Sanjay Nayar, Vikram Sud, Anil Jaggia, Narayan Seshadri"",Private Equity,""1,50,00,000"",nan"||
1279,07/10/16,Sibia Analytics,Technology,Marketing & Customer Analytics Solutions,Kolkata,Radhakrishnan Natarajan & Others,Seed Funding,N/A,nan||
"1280,10/10/16,Vithi.com,eCommerce,Online Hair Extension etailer,New Delhi,undisclosed investor,Seed Funding,""3,75,000"",nan"||
"1281,11/10/16,Yupp TV,Consumer Internet,Internet-based TV streaming service provider,Bangalore,Emerald Media,Private Equity,""5,00,00,000"",nan"||
"1282,11/10/16,Deyor Camps,Consumer Internet,Branded Camping location Aggregator,Gurgaon,""Nitin Passi, Manickam Mahalingam, Udaan Angels, Rajesh Arora, Arkas Industries"",Seed Funding,""5,00,000"",nan"||
"1283,12/10/16,ZipLoan,Consumer Internet,online lending platform,New Delhi,""GrowX Ventures, Sunil Kalra, Arun Venkatachalam,\\xc2\\xa0 Badal Malick"",Seed Funding,N/A,nan"||
"1284,13/10/16,FabAlley,ecommerce,online fashion brand store,Noida,""India Quotient, FAO Ventures, Indian Angel Network, Tushar Singh, Ranjan Sharma"",Private Equity,""20,00,000"",nan"||
1285,13/10/16,Shoekonnect,eCommerce,B2B Marketplace for Shoes,Agra,Indian Angel Network,Seed Funding,N/A,nan||
1286,13/10/16,Maya,Consumer Internet,Womens Health Tracker App,Bangalore,Rajan Anandan,Seed Funding,N/A,nan||
"1287,13/10/16,RoboVac,Technology,waterless car washing solution,Ahmedabad,Virendra Patel,Seed Funding,""4,50,000"",nan"||
"1288,14/10/16,Newspatrolling,Consumer Internet,Online News portal,New Delhi,Undisclosed,Seed Funding,""25,000"",nan"||
"1289,14/10/16,Postman,Consumer Internet,API Platform,Bangalore,Nexus Venture Partners,Private Equity,""70,00,000"",nan"||
"1290,14/10/16,ISFC,Finance,Education Sector Lending,Hyderabad,Gray Matters Capital,Private Equity,""60,00,000"",nan"||
1291,14/10/16,BeatRoute,Technology,SAAS based mobile application platform,Gurgaon,Quarizon Consultancy Services LLP,Seed Funding,N/A,nan||
1292,14/10/16,Kidsstoppress,Consumer Internet,Parenting and Baby care Platform,Mumbai,Karan Bhagat,Seed Funding,N/A,nan||
1293,14/10/16,Innov8,Consumer Internet,Co-Working Spaces aggregator,Bangalore,Punit Soni,Seed Funding,N/A,nan||
"1294,15/10/16,DailyHunt,Consumer Internet,Vernacular content mobile app,Bangalore,""ByteDance, Arun Sarin, Matrix Partners, Sequoia Capital India, Omidyar Network,\\xc2\\xa0 Falcon Edge"",Private Equity,""2,50,00,000"",nan"||
"1295,15/10/16,Tazzo Bikes,Consumer Internet,Motorbike rental platform,Hyderabad,DSG Consumer Partners,Seed Funding,""2,27,000"",nan"||
"1296,15/10/16,MyKindofJob,Consumer Internet,Internet & Fresher Job platform,Mumbai,""Mayank Shah, Shreyans Shah"",Seed Funding,""10,00,000"",nan"||
"1297,17/10/16,Trilyo,Technology,B2B SAAS based product,Bangalore,""Vishnu Bhat, Rajiv Lunkad, Naresh Ravindranath"",Seed Funding,N/A,nan"||
"1298,17/10/16,Rooter,Consumer Internet,Sports Social Network mobile app,New Delhi,""Boman Irani, Dhruv Chitgopekar, Prantik Dasgupta"",Seed Funding,N/A,nan"||
"1299,17/10/16,Yumigo,Consumer Internet,App based Travel Discovery and Transactions platform,Gurgaon,Hemant Sahni,Seed Funding,""3,00,000"",nan"||
"1300,17/10/16,Rentalpha,Others,equipment rental and leasing company,Mumbai,Bravia Capital,Private Equity,""1,60,00,000"",nan"||
"1301,18/10/16,3Dexter,Technology,3D Printing Solutions for Edu space,New Delhi,Newbie Promoters,Seed Funding,""1,50,000"",nan"||
1302,18/10/16,BabyChakra,Consumer Internet,Parenting and Child Care portal,Mumbai,RoundGlass Partners,Private Equity,N/A,nan||
1303,18/10/16,Coppre,eCommerce,Copper based items etailer,Pune,Ganesh Natarajan,Seed Funding,N/A,nan||
"1304,18/10/16,MySUN,Technology,Solar Energy harnessing products marketplace,Noida,General Catalyst Partners,Private Equity,""25,00,000"",nan"||
"1305,18/10/16,ePathsala,Technology,Cloud based ERP for Accreditation & ICT,Bangalore,""Hyderabad Angels, TLabs"",Seed Funding,N/A,nan"||
"1306,19/10/16,Furlenco,Consumer Internet,Online Furniture Rental platform,Bangalore,""Lightbox Ventures, Axis Capital & Others"",Private Equity,""3,00,00,000"",nan"||
"1307,19/10/16,Fisdom,Consumer Internet,Personal Wealth Management Platform & App,Bangalore,""Saama Capital, Raghunandan G, Aprameya Radhakrishna"",Private Equity,""11,00,000"",nan"||
"1308,19/10/16,Actofit,Technology,Wearable Technology platform & devices,Mumbai,Next Orbit Ventures Fund,Private Equity,""7,50,000"",nan"||
1309,20/10/16,Stayology,Consumer Internet,Stay & Travel related services,Bangalore,Ranjan Pai,Seed Funding,N/A,nan||
1310,20/10/16,Hipcask,Consumer Internet,Alcoholic beverage discovery platform,Mumbai,Mobikon,Seed Funding,N/A,nan||
"1311,20/10/16,RailYatri,Consumer Internet,Train Travel Info mobile app,Noida,""Helion Ventures, Blume ventures"",Private Equity,N/A,nan"||
"1312,21/10/16,ChatOnGo,Consumer Internet,Hyperlocal\\xc2\\xa0 Communication Mobile app,Mumbai,Janak Jain,Seed Funding,""3,00,000"",nan"||
1313,23/10/16,WOTU,eCommerce,B2B Marketplace for traders,Bangalore,KAE capital,Seed Funding,N/A,nan||
"1314,24/10/16,Healthians,Consumer Internet,Health Test Discovery & Ordering service,Gurgaon,BEENEXT,Private Equity,""30,00,000"",nan"||
"1315,24/10/16,Box8,Consumer Internet,Online Food Ordering platform/App,Mumbai,""IIFL Seed Ventures Fund, Mayfield Ventures"",Private Equity,""75,00,000"",nan"||
"1316,25/10/16,Kredx,eCommerce,Invoice discounting marketplace,Bangalore,Sequoia Capital,Private Equity,""60,00,000"",nan"||
"1317,25/10/16,CreditMate,Consumer Internet,Credit Report Info platform,Mumbai,India Quotient,Seed Funding,""5,00,000"",nan"||
1318,25/10/16,Pickrr,Technology,Courier Logistics & Order management Solutions,New Delhi,Swastika Company Ltd,Seed Funding,N/A,nan||
1319,25/10/16,SatvaKart,eCommerce,Online Grocery Etailer,Gurgaon,Nimit Panigrahi,Seed Funding,N/A,nan||
"1320,25/10/16,SooperMO,Technology,Android utility app suite creator,Gurgaon,Lalit Vase,Seed Funding,""1,00,000"",nan"||
"1321,26/10/16,OrangeTwig,Consumer Internet,Social Media Marketing platform,New Delhi,Undisclosed investor,Seed Funding,""10,00,000"",nan"||
"1322,26/10/16,Wooplr,Consumer Internet,Fashion Discovery App,Bangalore,""Astarc Ventures, Anand Chandrasekaran"",Seed Funding,N/A,nan"||
"1323,26/10/16,The Kettlery,eCommerce,Online Tea Etailer,Ahmedabad,""hooting Starts Sports LLP, Franchise India Brands"",Private Equity,""10,00,000"",nan"||
"1324,27/10/16,Idea Bubbles,Consumer Internet,Doctor Consulting platform,Bangalore,""1Crowd, Eureka Forbes Ltd, Shapoorji Pallonji & Co. Ltd."",Private Equity,""7,00,000"",nan"||
"1325,27/10/16,FR8,Technology,Truck Fleet Operation platform,Chennai,Omnivore Partners,Private Equity,""9,71,000"",nan"||
"1326,27/10/16,Ather Energy,Technology,Electric Vehicle Manufacturer,Bangalore,Hero MotoCorp,Private Equity,""2,70,00,000"",nan"||
"1327,28/10/16,Pikkol,Logistics,Relocation Service provider,Bangalore,""Ajay Nanavati, Afsal Salu"",Seed Funding,N/A,nan"||
"1328,29/10/16,Velmenni,Technology,LiFi based wireless communication provider,New Delhi,Kalaari Capital,Seed Funding,""1,00,000"",nan"||
"1329,29/10/16,Volta Motors,Technology,Electric Bike Manufacturer,Chennai,Kalaari Capital,Seed Funding,""1,00,000"",nan"||
"1330,29/10/16,Cyclops,Technology,Clinical and Wearable Diagnostic Product creator,Bangalore,Kalaari Capital,Seed Funding,""1,00,000"",nan"||
"1331,30/10/16,Impact Analytics,Technology,Business intelligence and data science Startup,Bangalore,""Aarin Capital, Michael Herzig, Ashish Lakhanpal"",Private Equity,""7,50,000"",nan"||
"1332,31/10/16,Talent Next,Consumer Internet,Talent Discovery & Audition management platform,Mumbai,Karanpal Singh & Others,Seed Funding,""10,00,000"",nan"||
"1333,01/09/16,Mad Street Den,Technology,Artificial Intelligence platform,Chennai,""Sequoia India, Exfinity Ventures, growX ventures,"",Private Equity,N/A,nan"||
"1334,01/09/16,Mihup,Technology,Personal Digital Assistant,Kolkata,Accel Partners,Private Equity,""67,00,000"",nan"||
1335,01/09/16,Renowala,eCommerce,Home Improvement Marketplace,Hyderabad,Pradeep Dhobale,Seed Funding,N/A,nan||
1336,01/09/16,Lucideus,Technology,IT Risk Assessment and Digital Security Services provider.,New Delhi,Amit Choudhary,Seed Funding,N/A,nan||
1337,04/09/16,Trackbizz,Technology,Field Force Automation System,Kochi,Grasshoppers,Private Equity,N/A,nan||
"1338,05/09/16,Social Quotient,Technology,Platform for Social Causes,Mumbai,""Anita Dongre, Yash Dongre, Milind Sarwate"",Seed Funding,N/A,nan"||
1339,05/09/16,Stalk Buy Love,eCommerce,Fashion Apparel eTailer,New Delhi,William Bissel,Seed Funding,N/A,nan||
"1340,06/09/16,eShakti,eCommerce,Women\xe2\x80\x99s Fashion Apparel eTailer,Chennai,""Infina Finance Pvt. Ltd, Uday Kotak"",Private Equity,""13,50,000"",nan"||
"1341,06/09/16,CheersOye!,Consumer Internet,Online Gift Vouchers platform,Mumbai,Undisclosed Investors,Seed Funding,""5,00,000"",nan"||
1342,06/09/16,Lenskart,eCommerce,Online Eyewear eTailer,New Delhi,PremjiInvest,Private Equity,N/A,nan||
"1343,06/09/16,BigStylist,Consumer Internet,Hyperlocal doorstep Beauty Services provider,Mumbai,Info Edge (India) Ltd,Private Equity,""9,00,000"",nan"||
"1344,07/09/16,Zilingo,eCommerce,Online Fashion Retailer,Bangalore/ Bangkok,""Venturra Capital, Sequoia India, Susquehanna International Group.\\xc2\\xa0 Wavemaker Partners, Beenext, Beenos, Digital Garage"",Private Equity,""80,00,000"",nan"||
"1345,07/09/16,Alternacare,Consumer Internet,Online Doctor Consulting platform,New Delhi,Eros Labs,Seed Funding,""5,00,000"",nan"||
"1346,07/09/16,Simplilearn,Education,Online Certification programs,Bangalore,InnoVen Capital India,Private Equity,""60,00,000"",nan"||
"1347,07/09/16,Prozo,eCommerce,Study Material Marketplace,Gurgaon,""Earlsfield Capital, Sailender Solanki, Rajiv Solanki"",Seed Funding,""3,15,000"",nan"||
"1348,08/09/16,TopRankers,Education,Online Test Preparation platform,Bangalore,""CareerNet Consulting Pvt. Ltd, Ideation Initiative Pvt. Ltd,"",Seed Funding,""6,70,000"",nan"||
"1349,08/09/16,BuildTraders,eCommerce,Online Construction Materials Marketplace,Bangalore,Idein Ventures,Seed Funding,""2,00,000"",nan"||
"1350,09/09/16,Byju\\xe2\\x80\\x99s,Education,Online Learning App,Bangalore,""Chan Zuckerberg Initiative, Times Internet Ltd, Sequoia Capital, Sofina, Lightspeed Ventures"",Private Equity,""5,00,00,000"",nan"||
1351,09/09/16,NoBroker,Consumer Internet,Online Home Rental platform,Bangalore,Anand Chandrasekaran,Seed Funding,N/A,nan||
1352,10/09/16,Freshboxx,eCommerce,Fruits & vegetable eTailer,Hubli,Ravi Linganuri,Seed Funding,N/A,nan||
"1353,10/09/16,CureInstant,Consumer Internet,Social Health Networking Platform,New Delhi,Dr. Rameshwar Kumar,Seed Funding,""1,50,000"",nan"||
"1354,10/09/16,Poshtic,Consumer Internet,Online health & Wellness platform,Noida,""havya Sharma, Amit Nagar"",Seed Funding,""4,50,000"",nan"||
"1355,10/09/16,KarmaCircles,Consumer Internet,Peer-to-peer Social Learning platform,New Delhi,""Harinder Takhar, Zain Raj, Dr. Prasad Kaipa, Abaran Deep, Aseem Sood, Mustafa Patni"",Seed Funding,N/A,nan"||
"1356,12/09/16,Purple Style Labs,Consumer Internet,Personal Styling Online platform,Mumbai,""Augment Ventures, Rahul Kayan, Nikhil Golcha, Shubham Gupta, Roy Kwan"",Seed Funding,""4,48,000"",nan"||
"1357,12/09/16,Inuxu,Technology,Online Advertising Solutions,Pune,Fork Media,Private Equity,""30,00,000"",nan"||
"1358,12/09/16,Nykaa,eCommerce,Online Beauty products eTailer,Mumbai,""Sunil Munjal, Mariwala family"",Private Equity,""1,23,00,000"",nan"||
"1359,12/09/16,Glam Studios,Consumer Internet,Beauty Salon Aggregator,Noida,""Pradeep Mirani, Aqeel Ahmed, Anand Ladsariya, Nitin Agarwal"",Seed Funding,""3,00,000"",nan"||
1360,13/09/16,Findow,Consumer Internet,Fashion Discovery Mobile app,Bangalore,Raj Singh Bhandal,Seed Funding,N/A,nan||
1361,13/09/16,IdeaChakki,Consumer Internet,Restaurant Menu & Food mobile app,Delhi,Ratan Tata,Seed Funding,N/A,nan||
1362,13/09/16,ShoeKonnect,eCommerce,Footwear & Leather B2B App,Agra,Indian Angels Network,Seed Funding,N/A,nan||
"1363,13/09/16,NearBuy,Consumer Internet,Online Deals & Discount platform,Gurgaon,BlackSoil Capital Pvt. Ltd.,Private Equity,""25,00,000"",nan"||
1364,14/09/16,ZeroInfy,Consumer Internet,Online Video Lectures platform,Kolkata,Calcutta Angels Network,Seed Funding,N/A,nan||
"1365,14/09/16,Flocareer,Consumer Internet,Jobs & Skill Validation platform,Bangalore,""Balasubramanian Krishnamurthy, Sidhartha Hazarika & Others"",Seed Funding,""1,50,000"",nan"||
1366,14/09/16,LensPick,eCommerce,eyewear eTailer,Bangalore,Scadea Solutions Inc,Private Equity,N/A,nan||
"1367,15/09/16,infeedo,Consumer Internet,Employee engagement platform,Gurgaon,""Dheeraj Jain, Palash Jain, Anupam Mittal, Ameera Shah,\\xc2\\xa0 Vivek Bhargava, Rahul Singh, Ambarish Gupta,"",Seed Funding,""2,00,000"",nan"||
"1368,15/09/16,Furlenco,eCommerce,Online furniture rental startup,Bangalore,Lightbox Ventures and others,Private Equity,""50,00,000"",nan"||
"1369,15/09/16,GoPigeon,Consumer Internet,on-demand logistics service provider,Bangalore,Nexus Venture Partners,Private Equity,""15,00,000"",nan"||
"1370,16/09/16,NewsDistill,Consumer Internet,City based News Aggregator App,Hyderabad,""Ganesh Narasimhan, Ramana Thumu, Sudhir Mallem"",Seed Funding,""1,00,000"",nan"||
"1371,16/09/16,DoctorInsta,Consumer Internet,Online Doctor Consultations,Gurgaon,RoundGlass Partners,Private Equity,""10,00,000"",nan"||
"1372,19/09/16,Milofy,Consumer Internet,Couple Socialization App,Bangalore,Accel Partners,Seed Funding,""7,50,000"",nan"||
1373,19/09/16,Liqvid,Technology,Integrated eLearning content solutions,New Delhi,Gray Matters Capital,Private Equity,N/A,nan||
"1374,19/09/16,Swiggy,Consumer Internet,Online Food Ordering & Delivery,Bangalore,Bessemer Venture Partners,Private Equity,""1,50,00,000"",nan"||
1375,20/09/16,Codemojo,Consumer Internet,Customer Engagement Platform,Bangalore,CIO Angel Network,Seed Funding,N/A,nan||
"1376,20/09/16,JustLikeNew,eCommerce,Online gadget Repair Services Marketplace,Hyderabad,LetsVenture,Seed Funding,""5,00,000"",nan"||
1377,20/09/16,JoeHukum,Technology,Enterprise customer engagement solutions,New Delhi,Sumit Jain,Seed Funding,N/A,nan||
"1378,21/09/16,Co Life,Consumer Internet,shared living and working spaces platform,Bangalore,Undisclosed Investors,Seed Funding,""10,00,000"",nan"||
"1379,21/09/16,PurpleDocs,Consumer Internet,Electronic Health care records platform,Vadodara,""KellyGamma, Lead Angels & Others"",Seed Funding,N/A,nan"||
"1380,21/09/16,Pepperfry,eCommerce,Furniture eTailer,Mumbai,""Goldman Sachs Group, Zodius Technology Fund, Norwest Venture Partners, Bertelsmann India"",Private Equity,""3,13,00,000"",nan"||
"1381,21/09/16,eQuickies,eCommerce,Online Book etailer,Ahmedabad,Lothal Angel Ventures,Seed Funding,""2,98,000"",nan"||
"1382,21/09/16,Khel Now,Consumer Internet,Mobile-based social networking platform,New Delhi,Anglian Omega Network,Seed Funding,""3,50,000"",nan"||
"1383,22/09/16,Gadgetwood,Consumer Internet,On-Demand Gadget repair services platform,New Delhi,Carpediem Capital,Private Equity,""60,00,000"",nan"||
"1384,22/09/16,DailyRounds,Consumer Internet,Mobile App for Doctors,Bangalore,""Accel Partners, Beenext, Powerhouse Ventures, Akusa Holdings"",Private Equity,N/A,nan"||
"1385,22/09/16,Flixy Games,Technology,Mobile Game Publisher for Indian audience,Bangalore,Rebright Partners,Seed Funding,""4,25,000"",nan"||
"1386,22/09/16,HashTaag,Technology,Mobile App Development company,Bangalore,Undisclosed investors,Seed Funding,""10,00,000"",nan"||
"1387,22/09/16,PharmaRack,Technology,SAAS application for Pharma Industry,Pune,""Currae Healthtech Fund, Unicorn India Ventures"",Private Equity,""7,45,000"",nan"||
"1388,23/09/16,\\xc2\\xa0CloudCherry,Technology,CRM SAAS Platform,Chennai,""Vertex Ventures, Cisco Ventures, IDG Ventures"",Private Equity,""60,00,000"",nan"||
1389,23/09/16,Parentlane,Consumer Internet,Social Platform for babycare and parenting,Bangalore,Rohit MA,Seed Funding,N/A,nan||
1390,23/09/16,First Moms Club,Consumer Internet,Social Network for Mothers,Mumbai,Idea Wave Labs,Seed Funding,N/A,nan||
"1391,23/09/16,inMotion,Technology,Financial platform for daily wage earning communities,Noida,""Prashant Tandon, Gaurav Agarwal, Gaurav Bhogle, Shrishti Sahu, Shantanu Mathur, Prabhat Aggarwal"",Seed Funding,N/A,nan"||
1392,26/09/16,Let\xe2\x80\x99s Barter,Consumer Internet,Goods & Services Barter Platform,New Delhi,Scale Ventures Funds,Seed Funding,N/A,nan||
1393,26/09/16,EvenGini,Consumer Internet,Event Registration and Ticketing platform,Chennai,Procam International Pvt. Ltd,Private Equity,N/A,nan||
"1394,27/09/16,TinyStep,Consumer Internet,Parenting Network Platform,Bangalore,Flipkart Logistics Pvt. Ltd,Private Equity,""15,80,000"",nan"||
1395,27/09/16,Canvs,Consumer Internet,Community Platform for Artists and Designers,Mumbai,Pratik Seal,Seed Funding,N/A,nan||
"1396,28/09/16,Beardo,eCommerce,Mens Grooming products etailer,Ahmedabad,Venture Catalysts,Seed Funding,""5,00,000"",nan"||
"1397,28/09/16,Instacar,Consumer Internet,Out-Station Taxi Rental Platform,Indore,Swastika Co Ltd.,Seed Funding,""10,00,000"",nan"||
"1398,28/09/16,Celes Care,Consumer Internet,Virtual Health Clinic for Women,Hyderabad,Endiya Partners,Seed Funding,""10,00,000"",nan"||
"1399,28/09/16,Druva,Technology,Cloud Based Data Protection Solution,Pune,""Sequoia India, EDBI, Blue Cloud Ventures, Hercules Capital"",Private Equity,""5,10,00,000"",nan"||
"1400,29/09/16,Promon,eCommerce,Local Commerce Platform,New Delhi,Now Capital,Seed Funding,""1,80,000"",nan"||
"1401,29/09/16,Fastudent,eCommerce,Education eCommerce platform,Noida,""Kanwaljit Singh, Ajay Lakhotia, Pavan Ongole, Ashish Gupta"",Seed Funding,N/A,nan"||
"1402,29/09/16,Unocoin,Consumer Internet,Bitcoin Wallet,Bangalore,""Blume Ventures, Mumbai Angels, ah! Ventures, Digital Currency Group, Boost VC, Bank to the Future and Funders Club"",Private Equity,""15,00,000"",nan"||
1403,30/09/16,Demyto,Consumer Internet,Vehicle maintenance Services platform,Pune,Deepak Nathani,Seed Funding,N/A,nan||
"1404,30/09/16,Zeta,Technology,Enterprise Cloud Solutions,Mumbai,Bhavin Turakhia,Private Equity,""1,90,00,000"",nan"||
1405,30/09/16,Kalaage,Consumer Internet,Social Networking Platform for Writers,Jaipur,Rajasthan Angel Innovators Network,Seed Funding,N/A,nan||
"1406,01/08/16,HealthKart,eCommerce,Online Pharmacy & Health Marketplace,Gurgaon,""Sequoia Capital India, Omidyar Network, Kae Capital"",Private Equity,""1,20,00,000"",nan"||
"1407,01/08/16,Medinfi,Consumer Internet,Doctor & Clinic\\xc2\\xa0 Discovery Platform,Bangalore,""Mudit Saxena, Evan Lim"",Seed Funding,""2,00,000"",nan"||
"1408,01/08/16,RepairEasy,Consumer Internet,Gadget Repair Services Platform,Pune,Undisclosed HNIs,Seed Funding,""2,75,000"",nan"||
"1409,01/08/16,Voonik,eCommerce,Online Women\\xe2\\x80\\x99s Fashion Marketplace,Bangalore,InnoVen Capital,Private Equity,""30,00,000"",nan"||
"1410,01/08/16,Tokri,Consumer Internet,Hyperlocal Grocery Delivery platform,Pune,Syska LED group,Private Equity,""25,00,000"",nan"||
"1411,02/08/16,Sheroes,Consumer Internet,Online Job and Career Platform for Women,Noida,""Lumis Partners, The HR Fund, Rajul Garg, Quintillion Media"",Private Equity,""18,00,000"",nan"||
"1412,02/08/16,Daily Ninja,Consumer Internet,Hyperlocal daily needs Products delivery platform,Bangalore,""Venk Krishnan, Aprameya Radhakrishna, Anupam Mittal, Kunal Shah, Tracxn Labs, Subramanya SV, Ravi Garkipati"",Seed Funding,N/A,nan"||
"1413,02/08/16,Yumlane,Food & Beverage,Retail Food & Snack Offline centres,Mumbai,""Binny Bansal, Anupam Mittal, Sachin Bhatia, Darius Pandole, Kunal Khattar, Dheerag Jain"",Seed Funding,""10,00,000"",nan"||
1414,03/08/16,Xcode,Healthcare,Personal Genomics,Chennai,RoundGlass Partners,Private Equity,N/A,nan||
"1415,03/08/16,ExtraCarbon,Consumer Internet,Waste Recycle Management platform,Gurgaon,Brand Capital,Seed Funding,""2,25,000"",nan"||
"1416,03/08/16,FlickBay,Consumer Internet,Mobile Based Bollywood Discovery platform,Mumbai,Paul Roy,Seed Funding,""8,90,000"",nan"||
"1417,04/08/16,Petoo,Consumer Internet,Food Delivery Platform,Bangalore,Existing Investors,Seed Funding,""5,00,000"",nan"||
1418,04/08/16,lehlehsports,Others,Sports Arena discovery,New Delhi,Anglian Omega Network,Seed Funding,N/A,nan||
"1419,05/08/16,Tricog,Healthcare,Healthcare Analytics Platform,Bangalore,""Inventus Capital Partners, Blume Ventures & Others"",Private Equity,N/A,nan"||
"1420,06/08/16,VST Travels,Technology,Travel Ticket Booking Software,Kerala,Promatus Group,Seed Funding,""27,000"",nan"||
"1421,08/08/16,AdPushUp,Technology,Ad optimization Platform,New Delhi,""Geniee, Inc, Purvi Capital"",Private Equity,N/A,nan"||
"1422,08/08/16,Wefly Indoor Skydiving,Others,Indoor Skydiving Sports Provider,Mumbai,Swastika Company Ltd.,Seed Funding,""40,000"",nan"||
"1423,08/08/16,Mojarto,eCommerce,""Original Art, Digital Prints etailer"",Gurgaon,Undisclosed Investors,Seed Funding,""4,45,000"",nan"||
"1424,08/08/16,Zipgrid,Consumer Internet,Community services platform,Mumbai,1Crowd (through crowd funding),Seed Funding,""2,00,000"",nan"||
1425,09/08/16,MobiDent,Healthcare,Dental Protection Solution,Bangalore,Centre for Innovation Incubation and Entrepreneurship (CIIE),Seed Funding,N/A,nan||
1426,09/08/16,Zeolr/RespirON,Technology,Healthcare related IoT platform,New Delhi,Centre for Innovation Incubation and Entrepreneurship (CIIE),Seed Funding,N/A,nan||
"1427,10/08/16,Vebbler,Consumer Internet,Photo Sharing Mobile App,Bangalore,""Anupam Mittal, Sharad Sharma & 14 others"",Seed Funding,""5,00,000"",nan"||
"1428,10/08/16,Bombay Shaving Company,eCommerce,Men\\xe2\\x80\\x99s Grooming Product etailer,New Delhi,""Noshir Kaka, Subramanian Ramadorai, Kiran Deshpande, Pankaj Gupta, Ravi Nigam & Others"",Seed Funding,""6,00,000"",nan"||
"1429,11/08/16,Travelyaari,Consumer Internet,Online ticket booking platform,Bangalore,""Gujarat Venture Finance Limited (GVFL), Bennett Coleman & Co. Ltd"",Private Equity,""70,00,000"",nan"||
"1430,11/08/16,91SpringBoard,Consumer Internet,Co-Working Spaces Discovery & Booking platform,Mumbai,""Khattar Holdings, ThirtyThree Investments, Soumitra Sharma, Deepak Sharma, Sumit Dayal and others"",Private Equity,N/A,nan"||
"1431,11/08/16,Genextstudents,Consumer Internet,Online Tutoring Service provider,Mumbai,1Crowd (through crowdfunding),Seed Funding,""2,09,000"",nan"||
"1432,11/08/16,Zenoti,Technology,Cloud Based Software Solutions Provider,Hyderabad,""Norwest Venture Partners, Accel India"",Private Equity,""1,50,00,000"",nan"||
"1433,12/08/16,Crofarm,Technology,Agri-Tech supply chain Solution provider,Gurgaon,""Mukul Singhal, Rohit Jain, Himanshu Aggrawal, Sunil Goyal Ashish Gupta,"",Private Equity,""15,00,000"",nan"||
"1434,12/08/16,Faircent.com,Consumer Internet,peer-to-peer lending platform,Gurgaon,Brand Capital,Private Equity,""15,00,000"",nan"||
"1435,12/08/16,Innovaccer,Technology,Integrated Enterprise Analytics Platform,Noida,Westbridge Capital Partners,Private Equity,""1,56,00,000"",nan"||
"1436,12/08/16,Cuberoot,Technology,Data Analytics & Audience Management Platform,Gurgaon,Undisclosed Investors,Seed Funding,""5,00,000"",nan"||
"1437,12/08/16,Funcastic,Consumer Internet,B2C vernacular podcast aggregator platform,New Delhi,""HT Media Ltd, North Base Media"",Seed Funding,N/A,nan"||
"1438,15/08/16,Buttercups,ECommerce,Women Intimate Wear eTailer,Bangalore,""Anand Chandrasekaran, Kanwaljit Singh, Manoj Varghese"",Seed Funding,N/A,nan"||
1439,16/08/16,Zappfresh,ECommerce,Raw Meat Products eTailer,Gurgaon,Ashvin Chadha,Seed Funding,N/A,nan||
"1440,16/08/16,OyoRooms,Consumer Internet,Budget Hotels Aggregator,New Delhi,SoftBank Group,Private Equity,""6,20,00,000"",nan"||
"1441,16/08/16,Hike,Consumer Internet,Mobile Messaging App,New Delhi,""Tencent Holdings, Foxconn Technology Group, Tiger Global, SoftBank Group, Bharti Enterprises"",Private Equity,""17,50,00,000"",nan"||
"1442,16/08/16,Joolz,eCommerce,Online Jewellery Store,Mumbai,""Powerhouse Ventures, M&S Partners"",Private Equity,""5,00,000"",nan"||
"1443,16/08/16,SaleBhai,eCommerce,""Sweets, Dry Fruits & Handicrafts etailer"",Ahmedabad,Brand Capital,Private Equity,""15,00,000"",nan"||
"1444,16/08/16,Makkajai,Technology,Online & Mobile learning for kids,Pune,""Anand Chandrasekaran, Ananth Narayanan, Mekin Maheshwari, Ravi Garikipati, Divyesh Shah, Swastika Company Ltd"",Seed Funding,""2,50,000"",nan"||
1445,16/08/16,Gradopedia,Consumer Internet,Career progression Portal,Mumbai,Undisclosed Dubai based HNIs,Seed Funding,N/A,nan||
"1446,17/08/16,MaalGaadi,Logistics,Online Logistics Marketplace,Indore,""Swan Angel Network,Sachin Khandelwal and others"",Seed Funding,""3,75,000"",nan"||
1447,17/08/16,ZiPi,Technology,Mobile Chatbot App,Bangalore,Swan Angel Network,Seed Funding,N/A,nan||
"1448,17/08/16,Appknox,Technology,Mobile security solutions,Bangalore,""SeedPlus, Infocomm Investments, Accel Partners RNT Associates"",Private Equity,""6,75,000"",nan"||
1449,17/08/16,Pikkol,Logistics,Packers & Movers,Bangalore,Indian Angel Network,Seed Funding,N/A,nan||
"1450,18/08/16,Meesho,eCommerce,Mobile based eCommerce SAAS platform,Bangalore,""Kashyap Deorah, Rajul Garg, Maninder Gulati"",Seed Funding,N/A,nan"||
1451,18/08/16,Sesame Software,Technology,Financial Technology Solutions Provider,Kozhikode,Speridian Technologies,Private Equity,N/A,nan||
"1452,19/08/16,Quikr,Consumer Internet,Classified Listings platform,Mumbai,Brand Capital,Private Equity,""2,00,00,000"",nan"||
"1453,19/08/16,Digio,Technology,Aadhar based Document Signing platform,Bangalore,Rainmatter,Private Equity,""3,75,000"",nan"||
1454,19/08/16,Ziffity,Technology,Full Service Ecommerce Agency,Chennai,Aspire Systems,Private Equity,N/A,nan||
"1455,22/08/16,Zzungry,Consumer Internet,Food Delivery platform,Bangalore,""Satish Vasudeva, Madhusudhan Jujare & Others"",Seed Funding,N/A,nan"||
"1456,22/08/16,Puro Wellness,healthcare,""Organic,\\xc2\\xa0 Natural\\xc2\\xa0 Food substitute manufacturer"",Mumbai,Torrent Group,Private Equity,""3,70,00,000"",nan"||
"1457,22/08/16,Fitternity,Consumer Internet,Fitness Gym & Services Discovery platform,Mumbai,""Saha Fund, Exfinity Venture Partners & Others"",Private Equity,N/A,nan"||
1458,23/08/16,TAC Security,Technology,Cyber-Security Solutions Provider,New Delhi,Vijay Kedia,Seed Funding,N/A,nan||
"1459,23/08/16,Notesgen,Consumer Internet,Online Notes Sharing Portal,New Delhi,""Riju Gupta, Kamal Chabra"",Seed Funding,""1,00,000"",nan"||
1460,23/08/16,NearU,Consumer Internet,Marketing app for retailers,Mumbai,Dr. Goutam Challagalla,Seed Funding,N/A,nan||
"1461,23/08/16,Octo.ai,Technology,Artificial Intelligence based marketing platform,New Delhi,""Outbox Ventures, Jaspreet Bindra, Arjun Malhotra, Rohan Malhotra, Sidharth Rao, Rakesh Agrawal"",Seed Funding,""2,00,000"",nan"||
"1462,24/08/16,ShaadiSaga,Consumer Internet,Wedding Website Creator,New Delhi,""ah! Ventures, Anupam Mittal, Kunal Shah, Sandeep Tandon, Dheeraj Jain, Rohit Chokhani"",Seed Funding,N/A,nan"||
"1463,24/08/16,UnaAcademy,Consumer Internet,Free Interactive education platform,Bangalore,""Blume Ventures, Sachin Bansal, Vijay Shekhar Sharma, Binny Bansal,\\xc2\\xa0 Kunal Shah, Sandeep Tandon, Ashish Tulsian"",Private Equity,""10,00,000"",nan"||
"1464,24/08/16,Advenio,Technology,Clinical Imaging Solution Provider,Chandigarh,Kalaari Capital,Seed Funding,""1,00,000"",nan"||
"1465,24/08/16,Guarented,eCommerce,Home Furnishing rental marketplace,Bangalore,Kalaari Capital,Seed Funding,""5,00,000"",nan"||
"1466,24/08/16,Beyond Evolution,Technology,Mobile Apps & Tech Services provider,Gurgaon,""Vineet Taneja, Kamal Puri"",Seed Funding,N/A,nan"||
"1467,24/08/16,Uber Dreams,eCommerce,Dreams fulfilling marketplace,Mumbai,Mohit Lalvani,Seed Funding,""5,00,000"",nan"||
"1468,24/08/16,Convegenius,Education,Edutainment platform,Noida,Michael and Susan Dell Foundation,Private Equity,""9,00,000"",nan"||
"1469,24/08/16,UrbanLadder,eCommerce,Online Furniture Store,Mumbai,Trifecta Capital,Private Equity,""30,00,000"",nan"||
"1470,24/08/16,enCashea,Consumer Internet,Scrap Collection and Recycling platform,Bangalore,""Kunal Shah, Sandeep Tandon, Tracxn Labs"",Seed Funding,N/A,nan"||
1471,25/08/16,EngineerBabu,Technology,Mobile App & Web Development company,Indore,Scale Ventures,Seed Funding,N/A,nan||
"1472,25/08/16,Cult,Healthcare,Health and Fitness Centres,Bangalore,CureFit,Private Equity,""30,00,000"",nan"||
"1473,25/08/16,WitWorks,Technology,Consumer IoT Startup,Bangalore,""Fireside Ventures, Investopad, P39 Capital, Anupam Mittal, Pranay Jivrajka, Maninder Gulati, Abhinav Sinha"",Seed Funding,N/A,nan"||
"1474,25/08/16,NearFox,Consumer Internet,Local Lifestyle Content and Discovery Platform,Mumbai,""Globevestor Angel Fund, Devendra Rane, Ravi Jain,\\xc2\\xa0 Arpan Nagdeve"",Seed Funding,N/A,nan"||
"1475,25/08/16,ZoomCar,Consumer Internet,Self-driven car booking platform,Bangalore,Ford Smart Mobility Llc,Private Equity,""2,40,00,000"",nan"||
"1476,26/08/16,Plix,Consumer Internet,Photo and Video Sharing App,Gurgaon,Instalabs,Seed Funding,""5,00,000"",nan"||
"1477,26/08/16,Mobikwik,Consumer Internet,Digital Wallet platform,Gurgaon,Net1 UEPS Technologies Inc,Private Equity,""4,00,00,000"",nan"||
"1478,26/08/16,MyDidi,Consumer Internet,""on-demand, hyper-local Cleaning services provider"",Mumbai,Undisclosed Ex Mckinsey Directors and Partners,Seed Funding,""5,50,000"",nan"||
"1479,26/08/16,CrownIt,Consumer Internet,Cashback Mobile app,Gurgaon,""Kunal Shah & Sandeep Tandon, Girish Mathrubootham, Anand Chandrasekaran"",Seed Funding,N/A,nan"||
"1480,29/08/16,LoanTap,Consumer Internet,Lending platform for Salaried professionals,Mumbai,""Dr. Abhishek Pandey, Jaysukh Sapra"",Private Equity,""30,00,000"",nan"||
"1481,29/08/16,Runnr,Consumer Internet,hyperlocal Logistics services provider,Bangalore,""Nexus Venture Partners, Blume Ventures"",Private Equity,""70,00,000"",nan"||
1482,29/08/16,Zolo,Consumer Internet,on-demand online talent marketplace,Noida,Hitouch AG,Private Equity,N/A,nan||
"1483,29/08/16,Notion Press,Consumer Internet,Self-Publishing books platform,Chennai,Undisclosed HNI investors,Private Equity,""10,00,000"",nan"||
"1484,29/08/16,LivSpace,Consumer Internet,Online portal for Home Design,Bangalore,""Bessemer Venture Partners, Jungle Ventures, Helion Ventures"",Private Equity,""1,50,00,000"",nan"||
"1485,30/08/16,iAugmentor Labs,Technology,Assessment & Learning Platform,Gurgaon,Rajasthan Angel Investor Network & Others,Seed Funding,""1,49,000"",nan"||
"1486,30/08/16,DayBox,Consumer Internet,Fruit & Vegetable Delivery platform,New Delhi,""Ashutosh Lawania, Rajul Jain, Badal Malick, Rishi Gupta & Others"",Seed Funding,""1,04,000"",nan"||
"1487,30/08/16,Paytm,eCommerce,Mobile Wallet & ECommerce platform,Bangalore,MediaTek Inc.,Private Equity,""6,00,00,000"",nan"||
"1488,30/08/16,CropIn,Technology,Agriculture Technology Solutions,Bangalore,Sophia Investment ApS,Private Equity,""20,00,000"",nan"||
"1489,30/08/16,Canvera,Consumer Internet,Photographer Discovery & Information platform,Bangalore,Info Edge (India) Ltd,Private Equity,""30,00,000"",nan"||
1490,30/08/16,Prime Focus Technologies,Technology,Hybrid Cloud technology enabled Media ERP platform,Mumbai,Ambit Pragma,Private Equity,N/A,nan||
"1491,31/08/16,Flyrobe,eCommerce,Online fashion rental platform,Mumbai,""IDG Ventures, Sequoia Capital, GREE Ventures"",Private Equity,""53,00,000"",nan"||
"1492,31/08/16,inclov,Consumer Internet,Matchmaking App for Disabled,Mumbai,""Sarbvir Singh, Raghav Bahl"",Seed Funding,N/A,nan"||
1493,01/07/16,RazorPay,Consumer Internet,Online Payment Gateway,Bangalore,MasterCard,Private Equity,N/A,nan||
"1494,01/07/16,DarwinBox,Technology,HR Software Services Startup,Hyderabad,""3one4 Capital, Tracxn Labs, Aaruha Technology Fund, Endiya Partners"",Seed Funding,N/A,nan"||
"1495,01/07/16,Venture Catalysts,Consumer Internet,Seed Investment & Innovation Platform,Mumbai,Zaffiro Ventures,Seed Funding,""5,00,000"",nan"||
"1496,01/07/16,PressPlay TV,Consumer Internet,Video Content Discovery Platform,New Delhi,""Sequoia Capital, SD Ventures, Vistaar Investment Advisors Pvt. Ltd."",Private Equity,N/A,nan"||
"1497,02/07/16,Playment,Consumer Internet,Mobile Marketplace for Crowdsourced Work,Bangalore,SAIF Partners,Private Equity,""7,00,000"",nan"||
1498,04/07/16,WealthTrust,Consumer Internet,Wealth Management App,Mumbai,India Quotient,Seed Funding,N/A,nan||
"1499,04/07/16,Curefit,Consumer Internet,Online Preventive Healthcare Platform,Bangalore,""Accel Partners, IDG Ventures, Kalaari Capital"",Private Equity,""1,50,00,000"",nan"||
"1500,04/07/16,StitchWood,eCommerce,Custom Furniture Online,Mumbai,Deepak Gupta,Seed Funding,""2,00,000"",nan"||
"1501,04/07/16,Grab.in,Logistics,hyperlocal logistics service,Mumbai,Aramex Ventures Llc,Private Equity,""20,00,000"",nan"||
1502,04/07/16,Fulfil.IO,Consumer Internet,Cloud Based ERP Software,US,Rajan Anandan,Seed Funding,N/A,nan||
"1503,04/07/16,NeoGrowth,Finance,SME Lending platform,Mumbai,""IIFL Wealth Management Seed Venture Fund, Omidyar Network, Khosla Impact, Aspada"",Private Equity,""1,60,00,000"",nan"||
"1504,05/07/16,SeeDoc,Consumer Internet,Video Based Doctor Consulting platform App,Gurgaon,YourNest Angel Fund\\xc2\\xa0 & Others,Private Equity,""10,00,000"",nan"||
"1505,05/07/16,BookMyShow,Consumer Internet,Event & Movie Ticketing platform,Mumbai,""Stripes Group, Network 18, Accel Partners, SAIF Partners"",Private Equity,""8,20,00,000"",nan"||
"1506,05/07/16,Flyrobe,eCommerce,Online fashion rental platform,Mumbai,""Sequoia Capital, Rohit Bansal, Kunal Bahl, Sandeep Tandon, Kunal Shah, Zishaan Hayath,\\xc2\\xa0 Abhishek Jain"",Seed Funding,""17,00,000"",nan"||
"1507,06/07/16,HappilyUnmarried,eCommerce,Online Merchandize etailer,New Delhi,Info Edge (India) Ltd,Private Equity,""7,40,000"",nan"||
"1508,06/07/16,Don\\xe2\\x80\\x99t Scratch Your Head,Technology,Full Stack Offline & Online ERP Solution,Ahmedabad,""Gaurav Singhvi, Zaffiro Ventures"",Seed Funding,""2,50,000"",nan"||
"1509,06/07/16,Wedding Wishlist,Consumer Internet,""Wedding Wishlist, Gifts & Registry Creation platform"",Chennai,""Kirthiga Reddy, Renuka Ramanath,Cherry Tin"",Seed Funding,""2,97,000"",nan"||
"1510,07/07/16,AppDaily,Technology,Mobile Security App development & Distribution,Mumbai,""Kalaari Capital, Qualcomm Ventures, ru-Net, Zodius Technology Opportunities Fund,"",Private Equity,""20,00,000"",nan"||
"1511,07/07/16,Adytude,Consumer Internet,Gamified Consumer Insights Portal,New Delhi,Indian Angel Network,Private Equity,""10,00,000"",nan"||
"1512,07/07/16,Quickli,Logistics,On-Demand Delivery Startup,Gurgaon,""AVG Group, 500 Startups"",Private Equity,N/A,nan"||
1513,07/07/16,SpectraVR,Technology,Virtual Reality Content Studio,Mumbai,Rothenberg Ventures,Seed Funding,N/A,nan||
"1514,08/07/16,Pitstop,Consumer Internet,Online Car Repair and Servicing Booking platform,Bangalore,""Alex Chua, Rahul Garg"",Seed Funding,N/A,nan"||
"1515,08/07/16,HolaChef,Consumer Internet,Online Food Ordering & Delivery Platform,Mumbai,""Kalaari Capital, India Quotient"",Private Equity,""19,50,000"",nan"||
"1516,11/07/16,Purplle,eCommerce,Beauty Products Marketplace,Mumbai,""JSW Ventures, Blume Ventures & IvyCap Ventures"",Private Equity,""60,00,000"",nan"||
"1517,11/07/16,Trak N Tell,Technology,Car Tracking & Safety System,Gurgaon,Brian Acton,Private Equity,""35,00,000"",nan"||
"1518,11/07/16,Overcart.com,eCommerce,Unboxed & refurbished electronic products marketplace,Gurgaon,""JSW Ventures, Omidyar Network, Sattva Capital, Venture Works"",Private Equity,""30,00,000"",nan"||
"1519,12/07/16,SirionLabs,Technology,SAAS based Service Agreement Management,Gurgaon,Sequoia Capital,Private Equity,""1,22,50,000"",nan"||
"1520,12/07/16,GyanDhan,Consumer Internet,Education Focused Financing Platform,New Delhi,""Stanford Angels & Entrepreneurs, Harvard Angels"",Seed Funding,N/A,nan"||
"1521,12/07/16,MintM,Consumer Internet,Digital Marketing & AdTech Platform,Bangalore,""Mumbai Angels,\\xc2\\xa0 Times Internet"",Private Equity,N/A,nan"||
"1522,12/07/16,HitGrit,Consumer Internet,Online Legal Consultation platform,Chandigarh,""Ashish Mahajan, Sarvesh Sharma"",Seed Funding,N/A,nan"||
"1523,12/07/16,Find My Stay,Consumer Internet,Online Budget Hotel Aggregator & Booking Platform,New Delhi,""Rishi Parti, Yogesh Bansal"",Seed Funding,N/A,nan"||
"1524,13/07/16,YAAP,Consumer Internet,""Online Content Discovery, Creation & Distribution Platform"",New Delhi,Rainmaker Ventures,Private Equity,""50,00,000"",nan"||
1525,13/07/16,Utoo Cabs,Consumer Internet,Cab aggregation & Rental platform,Chennai,Ajay Piramal,Seed Funding,N/A,nan||
"1526,13/07/16,Twigly,Consumer Internet,Online Food Ordering & Delivery Startup,Gurgaon,""Tracxn Labs, Hyderabad Angels, Kunal Shah, Gaurav Bhalotia"",Seed Funding,""6,00,000"",nan"||
"1527,13/07/16,ShareChat,Consumer Internet,Vernacular Language Content Creation & Sharing App,Bangalore,""SAIF Partners, India Quotient"",Private Equity,""13,50,000"",nan"||
1528,13/07/16,Urban Tailor,Consumer Internet,E-Tailoring service provider,Bangalore,Unitus Seed Fund,Private Equity,N/A,nan||
"1529,13/07/16,RentMojo,Consumer Internet,Online Furniture Renting Platform,Bangalore,""Accel Partners, IDG Ventures India"",Private Equity,""50,00,000"",nan"||
1530,13/07/16,CityFurnish,Consumer Internet,Online Furniture Renting Platform,Gurgaon,Brand Capital,Seed Funding,N/A,nan||
"1531,13/07/16,HEAL Institute,Healthcare,Sports Focused Healthcare Startup,Mumbai,""Jaspal Bindra, Parth Jindal"",Seed Funding,N/A,nan"||
"1532,14/07/16,Augrav,eCommerce,Personalized precious Jewellery etailer,Coimbatore,Keiretsu Forum,Seed Funding,""4,50,000"",nan"||
"1533,14/07/16,ShoppinPal,Technology,M-Commerce Solutions for Retail Stores,Pune,""Plug and Play Tech Center, Steelhead Ventures & Others"",Private Equity,""10,70,000"",nan"||
1534,14/07/16,TransTutors / AskIITians,Consumer Internet,Online Education & Tutoring portals,New Delhi,500 Startups,Private Equity,N/A,nan||
"1535,15/07/16,WorkApps,Technology,Enterprise Work Management Software,Pune,SRI Capital,Seed Funding,""10,00,000"",nan"||
"1536,15/07/16,BankerBay,Consumer Internet,Online Investment Banking platform,Bangalore,undisclosed investors,Private Equity,""20,00,000"",nan"||
"1537,15/07/16,BaggOut,eCommerce,Women\\xe2\\x80\\x99s Fashion etailer,New Delhi,""Sumit Jain, Sumit Jain, Anurag Gupta, Varun Khanna, Faraz Khan"",Seed Funding,N/A,nan"||
"1538,15/07/16,TripShelf,eCommerce,Travel Package Marketplace,New Delhi,GEMS group,Seed Funding,""2,50,000"",nan"||
"1539,15/07/16,SatvaCart,eCommerce,Online Grocers,New Delhi,""Abhijit Avasthi, Karan Chellani, SP Vijay"",Seed Funding,N/A,nan"||
"1540,15/07/16,Ridlr,Consumer Internet,Public Transport Mobile App,Mumbai,""Times Internet, Innoven Capital, Matrix Partners India, Qualcomm Ventures"",Private Equity,""60,00,000"",nan"||
"1541,18/07/16,Yellowdig,Consumer Internet,Online Learning Platform,Pune,SRI Capital,Seed Funding,""6,50,000"",nan"||
"1542,18/07/16,Zuppler,Consumer Internet,Online Food Ordering platform,New Delhi,SRI Capital,Seed Funding,""6,50,000"",nan"||
"1543,18/07/16,BlueStone,eCommerce,Jewellery Etailer,Mumbai,""IIFL and Accel Partners, Kalaari Capital, IvyCap Ventures, RB Investments"",Private Equity,""3,00,00,000"",nan"||
1544,18/07/16,underDOGS,Technology,Game Development Startup,Mumbai,Intelli Reboot Digital Pvt. Ltd,Private Equity,N/A,nan||
1545,18/07/16,ImageProVision,Technology,Image Analysis Solutions,Pune,Satish Jamdar,Seed Funding,N/A,nan||
"1546,19/07/16,Sagacito,Technology,Cloud-Based Enterprise Solutions,New Delhi,Star India Pvt. Ltd,Private Equity,""1,00,00,000"",nan"||
1547,19/07/16,Deal4Loans / Wishfin,Consumer Internet,\\nLoans Comparison platform\\n\\n\\n\\n     (adsbygoogle = window.adsbygoogle ||" []).push({});\\n\\n,Noida,Franklin Templeton International Services Pvt. Ltd,Private Equity,""1,50,00,000"",nan"
"1548,19/07/16,NiYO Solutions,Technology,Payroll & Benefits Software solutions,Bangalore,Prime Venture Partners,Private Equity,""10,00,000"",nan"||
"1549,19/07/16,AppLop,Consumer Internet,Mobile Apps SaaS Platform,Gurgaon,Green House Ventures Accelerator,Seed Funding,""2,50,000"",nan"||
"1550,20/07/16,Tax2Win,Consumer Internet,Online Tax Filing Portal,Jaipur,Undisclosed Investors,Private Equity,""10,00,000"",nan"||
"1551,20/07/16,Truckola,Logistics,Tech-focused cargo transport startup,Mumbai,""Abhishek Agarwal, Krishnakumar Nataraj, Sarath Sura, Shanti Mohan, Sarthak and Nihit Agarwal, Suramya Gupta"",Seed Funding,""5,95,000"",nan"||
1552,20/07/16,iServe Financial,Consumer Internet,Loan Comparison & Deals platform,Pune,Nilesh Shah,Seed Funding,N/A,nan||
"1553,21/07/16,MyTaxiIndia,Consumer Internet,Online Car rental booking platform,New Delhi,Nihon Kotsu Co,Private Equity,""10,00,000"",nan"||
1554,21/07/16,AbeRuk,eCommerce,Online Marketplace for books,Bangalore,Swastika Company Pvt Ltd,Seed Funding,N/A,nan||
"1555,21/07/16,Wiwigo,Consumer Internet,Inter-City Taxi Booking platform,Bangalore,Indian Angel Network,Seed Funding,""5,95,000"",nan"||
"1556,21/07/16,Drums Food,Food & Beverage,Yogurt and Ice Cream maker,Mumbai,""Verlinvest, DSG Consumer Partners"",nan,nan,nan"||
1557,01/06/16,Chikoop,Consumer Internet,Free Ad based Voice Calling,Indore,Undisclosed Investors,Seed Funding,N/A,nan||
1558,01/06/16,BRIDGEi2I,Technology,Data Analytics Platform,Bangalore,Edelweiss Private Equity,Private Equity,N/A,nan||
"1559,02/06/16,Droom,eCommerce,Online marketplace for used automobiles,New Delhi,""Beenext, Digital Garage, Lightbox, Beenos"",Private Equity,N/A,nan"||
1560,02/06/16,Visit,Consumer Internet,On-Demand Healthcare Service provider,New Delhi,MapmyIndia,Seed Funding,N/A,nan||
"1561,02/06/16,Atomberg,Technology,""smart, energy efficient home appliance manufacturer"",Mumbai,Parampara Capital,Private Equity,""10,00,000"",nan"||
1562,02/06/16,Coutloot,eCommerce,Fashion Re-Commerce Platform,Mumbai,Venture Catalysts,Seed Funding,N/A,nan||
"1563,02/06/16,Limo,Consumer Internet,Bus Aggregator Mobile app,Mumbai,Rainmaker Ventures,Private Equity,""10,00,000"",nan"||
1564,03/06/16,iCliniq,Consumer Internet,Doctor Consultation platform,Bangalore,MadhanKumar Madathupalayam,Seed Funding,N/A,nan||
"1565,03/06/16,GoGo Truck,Consumer Internet,Truck Aggregator & Booking platform,Chennai,Undisclosed Investor,Seed Funding,""75,000"",nan"||
"1566,03/06/16,Vyome Biosciences,Healthcare,Treatment Development for Antibiotic-resistant diseases,New Delhi,Romulus Capital,Private Equity,""20,00,000"",nan"||
"1567,06/06/16,SillyMonks,Consumer Internet,Digital Media and Entertainment Startup,Hyderabad,Sreenivasa Reddy Musani,Seed Funding,""4,48,000"",nan"||
"1568,07/06/16,CueMath,Education,K-12 Maths Learning Courses,Bangalore,""Sequoia Capital, Unitus Seed Fund"",Private Equity,""40,00,000"",nan"||
"1569,07/06/16,KrazyBee,Consumer Internet,Student Micro-Loan platform,Bangalore,""Yeahmobi, Fenqile"",Private Equity,""20,00,000"",nan"||
"1570,07/06/16,Intgrea,Technology,Post merger Integration Partners,Bangalore,Undisclosed Investor,Seed Funding,""1,00,000"",nan"||
"1571,07/06/16,HelpShift,Technology,Mobile CRM Platform,Pune,""Microsoft Ventures, Salesforce Ventures"",Private Equity,""2,30,00,000"",nan"||
"1572,07/06/16,CreditVidya,Technology,Credit Scoring Platform,Mumbai,Kalaari Capital,Private Equity,""10,00,000"",nan"||
"1573,08/06/16,Grey Campus,Consumer Internet,Online Learning Platform,Hyderabad,Sarath Sura,Seed Funding,""10,00,000"",nan"||
"1574,08/06/16,ListUp,eCommerce,Location based Classified Mobile app,Mumbai,""Kae Capital, Kunal Shah, Sandeep Tandon"",Seed Funding,""5,00,000"",nan"||
"1575,08/06/16,6Degree,Technology,Tech-enabled Fashion Talent platform,Mumbai,Indian Angel Network,Seed Funding,""2,00,000"",nan"||
1576,08/06/16,Shopwati,Consumer Internet,Online Fashion Discussion Community,Gurgaon,Sanjiv Rai,Seed Funding,N/A,nan||
"1577,08/06/16,Cookifi,Consumer Internet,Online Chef Discovery & Booking Service,Bangalore,""Kunal Shah, Aneesh Reddy, Tracxn Labs, Venkat Tadanki, Krishna Mehra, Amit Rathore"",Seed Funding,N/A,nan"||
"1578,08/06/16,StoreKing,eCommerce,Connecting Small Town Consumers to E-Commerce,Bangalore,Axiata Digital,Private Equity,""1,60,00,000"",nan"||
"1579,08/06/16,Wired Hub,Real Estate,Co-Working Spaces,Jaipur,""Ankit Maheshwari, Anand Singh"",Seed Funding,N/A,nan"||
"1580,08/06/16,MySeniorDoctor,Consumer Internet,Online medical support platform,Gurgaon,BlackJag Partners,Seed Funding,""2,00,000"",nan"||
1581,09/06/16,Teabox,eCommerce,Online Tea Store,Siliguri,Cameron Jones,Seed Funding,N/A,nan||
"1582,09/06/16,ExtraaEdge,Consumer Internet,Student Acquisition Platform,Pune,""Ritesh Dwivedy, Priti Padhy"",Seed Funding,N/A,nan"||
"1583,09/06/16,EPayLater,Technology,Fin-Tech Platform,Mumbai,3 undisclosed HNIs,Seed Funding,""20,00,000"",nan"||
1584,10/06/16,Kyazoonga,eCommerce,Online event ticketing Platform,Mumbai,Ratan Tata,Seed Funding,N/A,nan||
"1585,10/06/16,Paytunes,Consumer Internet,Mobile based rewards platform,New Delhi,""CIO Angel Network, Indian Angel Network"",Private Equity,""5,00,000"",nan"||
"1586,10/06/16,Kickstart Jobs,Technology,Entry level hiring platform,Gurgaon,""Vivek Joshi, Mohit Satyanand, Amit Banati, Arun Khanna"",Seed Funding,N/A,nan"||
1587,10/06/16,Freshee,FMCG,Household packaging & Storage product manufacturer,Mumbai,Edelweiss Private Equity,Private Equity,N/A,nan||
"1588,10/06/16,MadRat Games,Technology,Wearable Gaming Platform,Bangalore,""Ratan Tata, Bhavish Aggarwal, Ankit Bhati, Binny Bansal, Girish Mathrubootham"",Seed Funding,N/A,nan"||
1589,11/06/16,Jazzmyride,eCommerce,Auto Parts & Accessories eTailer,New Delhi,TVS Automobile Solutions Ltd,Private Equity,N/A,nan||
1590,11/06/16,AutoSense,Technology,Data Analytics based Customer Management Services,New Delhi,TVS Automobile Solutions Ltd,Private Equity,N/A,nan||
1591,11/06/16,Redsun Telematics,Consumer Internet,Internet of Things Platform,Chennai,TVS Automobile Solutions Ltd,Private Equity,N/A,nan||
1592,13/06/16,KhanaGadi,Consumer Internet,Online Food Delivery for Train Travelers,Jaipur,50K Ventures,Seed Funding,N/A,nan||
"1593,13/06/16,Bombay Shirt Company,eCommerce,Online custom Shirt retailer,Mumbai,undisclosed investor,Private Equity,""10,00,000"",nan"||
"1594,13/06/16,Matrubharti,Consumer Internet,e-Book Publisher,,Viridian Capital,Seed Funding,""30,000"",nan"||
1595,14/06/16,EdTechReview,Consumer Internet,Education based online portal,New Delhi,EVC Ventures,Seed Funding,N/A,nan||
1596,14/06/16,Bonhomia,Food & Beverage,Premium Tea & Coffee Capsules maker,New Delhi,Valpro Capital and existing investors,Private Equity,N/A,nan||
1597,14/06/16,Gobolt,Logistics,B2B Logistics provider,New Delhi,MCube8,Seed Funding,N/A,nan||
"1598,14/06/16,Jivox,Technology,Data Driven Advertising platform,Bangalore,""You & Mr Jones, Fortisure Ventures, Diaz Nesamoney"",Private Equity,""60,00,000"",nan"||
"1599,14/06/16,Sminq,Consumer Internet,Queue management Mobile app,Pune,""Saama Capital, Blume Ventures & Vaibhav Domkundwar"",Seed Funding,""10,00,000"",nan"||
"1600,14/06/16,CureJoy,Consumer Internet,Online Alternative health community platform,Bangalore,Accel Partners India,Private Equity,""44,00,000"",nan"||
"1601,15/06/16,Oneway.cab,Consumer Internet,Taxi Rental Platform,Vadodara,Indian Angel Network,Seed Funding,""4,50,000"",nan"||
1602,15/06/16,GrabOnRent,eCommerce,On-demand product rental marketplace,Bangalore,IvyCap Ventures and Unicorn India Ventures,Private Equity,N/A,nan||
"1603,16/06/16,Diro Labs,Consumer Internet,Contact Management Mobile App,New Delhi,Info Edge (India) Ltd,Private Equity,""4,50,000"",nan"||
"1604,16/06/16,Unnati Helpers,Consumer Internet,Help Hiring Platform,Gurgaon,Info Edge (India) Ltd,Private Equity,""6,00,000"",nan"||
1605,16/06/16,Athletto,Consumer Internet,Sports Venue discovery and booking platform,Bangalore,Atul Ingle,Seed Funding,N/A,nan||
1606,16/06/16,Saavn,Consumer Internet,Web/Mobile Music Streaming service,USA,Guy Oseary,Private Equity,N/A,nan||
"1607,16/06/16,Voonik,eCommerce,Online Women\\xe2\\x80\\x99s Fashion Marketplace,Bangalore,Sequoia Capital,Private Equity,""2,00,00,000"",nan"||
1608,16/06/16,ThinkPhi,Technology,Sustainable Green Tech Solution developer,Mumbai,Nimmagadda Prasad,Seed Funding,N/A,nan||
"1609,17/06/16,Cleartax,Consumer Internet,Online Tax Filing Platform,New Delhi,""Ravi Adusumalli, SAIF Partners"",Private Equity,""1,20,00,000"",nan"||
"1610,17/06/16,Silvan Innovation Labs,Technology,Home Automation Solutions,Bangalore,Infuse Ventures,Private Equity,""9,00,000"",nan"||
"1611,17/06/16,GreytHR,Technology,Payroll & HR Software Developer,Bangalore,""New Enterprise Associates (NEA), Blume Ventures"",Private Equity,""52,00,000"",nan"||
1612,17/06/16,Duffl,eCommerce,Fashion Rental Marketplace,Bangalore,BetOnIndia Technology Pvt Ltd,Seed Funding,N/A,nan||
"1613,17/06/16,BYG,Consumer Internet,Fitness centre Discovery & Booking Mobile app,Bangalore,""Sanjay Verma, Amit Khanna (LetsVenture)"",Seed Funding,N/A,nan"||
1614,20/06/16,Dipper,eCommerce,Freight Logistics Marketplace,New Delhi,Undisclosed investor,Seed Funding,N/A,nan||
1615,20/06/16,Qonfuse,Consumer Internet,Online Test Papers for competitive exams,New Delhi,Hamraj Kumar,Seed Funding,N/A,nan||
1616,20/06/16,The Indian IRIS,Consumer Internet,Govt Policy Research & Information portal,Ahmedabad,Timbru Ventures,Seed Funding,N/A,nan||
"1617,21/06/16,Onspoon,Consumer Internet,Online Platform for Event Sponsorship,Mumbai,Swan Angel Network,Seed Funding,""1,50,000"",nan"||
1618,21/06/16,REstate,Consumer Internet,Real Estate Platform,Bangalore,Idein Ventures,Seed Funding,N/A,nan||
"1619,21/06/16,Cleartrip,Consumer Internet,Online Travel Agency,Mumbai,""Concur Technologies, Gund Investment"",Private Equity,N/A,nan"||
1620,21/06/16,ProcMart,Consumer Internet,Online Procurement Marketplace,Noida,IndiaMart,Private Equity,N/A,nan||
"1621,21/06/16,Celerix,Technology,Fintech Product Development & Services Startup,Bangalore,Bitkemy Ventures,Seed Funding,""4,00,000"",nan"||
"1622,21/06/16,NatureNama,Consumer Internet,Online Outdoors & travel,Mumbai,Unicorn Venture,Seed Funding,""2,25,000"",nan"||
1623,21/06/16,CyclopsMedtech,Technology,Medical Technology Provider,Bangalore,CP Bothra,Seed Funding,N/A,nan||
"1624,21/06/16,Syona Cosmetics,FMCG,Beauty Products & Training to Salons & Spas,Chennai,The Chennai Angels,Seed Funding,""1,50,000"",nan"||
"1625,21/06/16,PrettySecrets,eCommerce,Women Lingerie Store,Mumbai,""RB Investments PTE Ltd, Orios Venture Partners"",Private Equity,""60,00,000"",nan"||
"1626,22/06/16,SpiderG,Consumer Internet,Online invoice app for SMEs,Pune,""Rahul Kirloskar, Fusion Tech Ventures, Adi Saravanan, Pravin Dongre, Mahendra Doshi"",Seed Funding,""1,50,000"",nan"||
"1627,23/06/16,FarEye,Technology,Logistics Management Software,New Delhi,Saif Partners,Private Equity,""35,00,000"",nan"||
"1628,23/06/16,The Uolo,Consumer Internet,School Parent Communication App,Bangalore,""Purvi Ventures, Rajul Garg, Vipin Arora"",Seed Funding,""2,10,000"",nan"||
1629,23/06/16,Staqu,Technology,Artificial Intelligence based search platform,Gurgaon,Indian Angel Network,Seed Funding,N/A,nan||
1630,23/06/16,Padhopadhao,Consumer Internet,Home Tutors search & Discovery,New Delhi,Rise India,Private Equity,N/A,nan||
"1631,24/06/16,Drivify,Consumer Internet,Professional Driver discovery & Booking Mobile app,Mumbai,""Jitendra Gupta, Pankaj Tripathi"",Seed Funding,""50,000"",nan"||
1632,24/06/16,PratiLipi,Consumer Internet,Multi-Lingual self-publishing platform,Bangalore,Nexus Venture Partners,Seed Funding,N/A,nan||
"1633,24/06/16,ParaBlu,Technology,Cloud Data Security & Privacy Solutions,Bangalore,Kalaari Capital,Seed Funding,""5,00,000"",nan"||
"1634,24/06/16,Schedulers Logistics,Logistics,Cold Storage Logistics solutions,Mumbai,GVFL,Private Equity,""60,00,000"",nan"||
"1635,24/06/16,LEAP India,Others,Supply Chain Equipment & Services provider,Mumbai,Mayfield Ventures,Private Equity,""30,00,000"",nan"||
"1636,24/06/16,KabadiExpress,Others,Free Door Step Scrap Pickup Service,New Delhi,Undisclosed investor,Seed Funding,""1,48,000"",nan"||
"1637,27/06/16,YourDost,Consumer Internet,Online counselling & Personal coaching platform,Bangalore,""SAIF Partners, Aprameya Radhakrishnan, Phanindra Sama, Subba Rao Telidevara, Vibhu Garg, Paula Ravindra Mariwala, Gaurav Bhalotia"",Seed Funding,""12,00,000"",nan"||
"1638,27/06/16,Gomalon,Consumer Internet,Online Spa & Salon discovery & Booking platform,Bangalore,Undisclosed investor,Seed Funding,""1,00,000"",nan"||
"1639,27/06/16,Voler Cars,Consumer Internet,Self-Driven Car rental platform,New Delhi,""Kanodia family, Amit Banka"",Seed Funding,N/A,nan"||
"1640,27/06/16,Travelyaari,Consumer Internet,Online ticket booking platform,Bangalore,GVFL Ltd,Private Equity,""30,00,000"",nan"||
"1641,28/06/16,FabHotels,Consumer Internet,Online Hotel aggregator & Booking platform,Gurgaon,""Accel Partners, RB Investments"",Private Equity,""80,00,000"",nan"||
"1642,28/06/16,Locanix,Technology,GPS based SaaS Solutions,Ahmedabad,Undisclosed investors,Seed Funding,""3,00,000"",nan"||
"1643,28/06/16,LendingKart,Consumer Internet,Online Working Capital Business Loans Platform,Ahmedabad,""Bertelsmann India Investments, Mayfield India, Saama Capital, India Quotient"",Private Equity,""3,20,00,000"",nan"||
"1644,28/06/16,Hello Tax,Consumer Internet,Online Tax Filing Platform,New Delhi,Sanjeev Sinha,Seed Funding,""2,95,000"",nan"||
1645,28/06/16,MySuperBrain,Consumer Internet,Online Talent Discovery Platform for Kids,Hyderabad,Soniks Consulting,Seed Funding,N/A,nan||
1646,28/06/16,BlogBeats,Consumer Internet,Online Blogging Platform,Bangalore,Undisclosed Investor,Seed Funding,N/A,nan||
"1647,29/06/16,LetReach,eCommerce,ECommerce SAAS Solutions,New Delhi,vCommission,Private Equity,""1,00,000"",nan"||
"1648,29/06/16,TrendieApp,Technology,Visual Content Marketing,Kolkata,Harsh Vardhan Hada,Seed Funding,""50,000"",nan"||
1649,29/06/16,ImpactGuru,Consumer Internet,Crowdfunding Platform,Mumbai,Piyush Jain,Seed Funding,N/A,nan||
"1650,29/06/16,Velvetcase,eCommerce,Online designer jewellery marketplace,Mumbai,""Uniqorn Ventures Fund, TV Mohandas Pai, S Somasegar"",Private Equity,""15,00,000"",nan"||
"1651,30/06/16,Meru Cabs,Consumer Internet,Online/ Mobile Tax Cab booking,Mumbai,Brand Capital,Private Equity,""2,50,00,000"",nan"||
"1652,30/06/16,Campus Diaries,Consumer Internet,Student focussed Content Discovery portal,Bangalore,Aarin Capital,Seed Funding,""2,20,000"",nan"||
"1653,30/06/16,Scripbox,Consumer Internet,Online Mutual Fund Investment platform,Bangalore,""Omidyar Network, Accel Partners & existing investors"",Private Equity,N/A,nan"||
"1654,30/06/16,Biryani Blues,Food & Beverage,QSR Chain,Gurgaon,Carpediem Capital & Others,Private Equity,""3,68,000"",nan"||
"1655,01/05/16,MotoMojo,Consumer Internet,Mobile based Vehicle maintenance App,Mumbai,""Niloufer Dundh, Fauzan Rahim, Balamurugan Mani,"",Seed Funding,N/A,nan"||
"1656,01/05/16,Get My Parking,Technology,Parking Technology Platform,New Delhi,The Chennai Angels,Seed Funding,""3,76,000"",nan"||
"1657,01/05/16,Prescribez,Consumer Internet,Health Service Aggregator Platform,Pune,Ankush Mehta,Seed Funding,""1,45,000"",nan"||
1658,02/05/16,Airwood,Technology,Agri Data & Analytics Platform,Chennai,StartupXseed Ventures,Seed Funding,N/A,nan||
"1659,03/05/16,Mobikwik,Consumer Internet,Mobile & Digital Wallet,Gurgaon,""GMO Payment Gateway, MediaTek"",Private Equity,""5,00,00,000"",nan"||
1660,03/05/16,iDreamCareer,Consumer Internet,Career Planning Services Portal,New Delhi,Brand Capital,Private Equity,N/A,nan||
"1661,03/05/16,Zwayam,Consumer Internet,Online Recruitment Platform,Bangalore,Undisclosed investors,Seed Funding,""2,50,000"",nan"||
1662,03/05/16,BoiBanit,Consumer Internet,Online Food Delivery platform,Vadodara,Undisclosed investors,Seed Funding,N/A,nan||
"1663,03/05/16,Zuver,Consumer Internet,Car driver Discovery App,Mumbai,""Shruth & Smith Group, Hermes Group"",Seed Funding,""1,80,000"",nan"||
1664,03/05/16,Prepathon,Education,Competitive Exam learning platform,Mumbai,Blume Ventures,Private Equity,N/A,nan||
"1665,04/05/16,EasyRoads,Consumer Internet,Road Trip planning Mobile app,Mumbai,""Rohan Angrish, Hrishi Oberoi, Rahul Mehta, Kapil Hetamsaria, Pranav Dedhia"",Seed Funding,""2,00,000"",nan"||
"1666,04/05/16,Lenskart,eCommerce,Eyewear & Accessories etailer,New Delhi,""International Finance Corp, TPG Growth, Adveq Management, IDG Ventures, Ratan Tata, Kris Gopalakrishnan"",Private Equity,""6,00,00,000"",nan"||
"1667,04/05/16,Seclore,Technology,Enterprise Security Technology platform,Mumbai,""Sistema Asia Fund, Helion Venture, VentureEast, India Alternatives"",Private Equity,""1,20,00,000"",nan"||
"1668,04/05/16,SolarTown,Technology,Solar Rooftop system installation company,Chennai,Grex.in,Seed Funding,""2,00,000"",nan"||
"1669,04/05/16,Comarete,Technology,Telecom & Media IT services company,Pune,Grex.in,Seed Funding,""2,00,000"",nan"||
"1670,04/05/16,MyDentistChoice,eCommerce,Medical Supplies eTailer,Hyderabad,Undisclosed investors,Seed Funding,""1,50,000"",nan"||
"1671,04/05/16,Active.ai,Technology,Intelligent Tech platform for Finance vertical,Singapore,Kalaari Capital Accelerator Program,Seed Funding,""5,00,000"",nan"||
"1672,04/05/16,Affordplan,Technology,Affordable non-emergency medical service health plans,New Delhi,Kalaari Capital Accelerator Program,Seed Funding,""5,00,000"",nan"||
"1673,04/05/16,Indee,Consumer Internet,Web Video Streaming Platform,Bangalore,Kalaari Capital Accelerator Program,Seed Funding,""5,00,000"",nan"||
"1674,05/05/16,Unbxd,Technology,eCommerce product discovery software,New Delhi,""IDG Ventures, Inventus Capital, Indian Angel Network"",Private Equity,N/A,nan"||
"1675,05/05/16,WebAlligator,Consumer Internet,Cloud Based Software Solutions,Bangalore,Group of undisclosed Angel Investors & HNIs,Seed Funding,""3,75,000"",nan"||
"1676,06/05/16,EduAce Services,Education,Education Workshops & mentoring programs,Lucknow,MoMagic Technologies,Private Equity,""10,00,000"",nan"||
1677,06/05/16,Meesho,eCommerce,Social commerce platform,Bangalore,Rajul Garg & Others,Seed Funding,N/A,nan||
"1678,07/05/16,Zebroads,Logistics,Logistics and Warehousing services,Hyderabad,Undisclosed investors,Seed Funding,""75,000"",nan"||
"1679,09/05/16,Locus,Technology,Logistics Intelligence platform,Bangalore,""Exfinity Venture Partners, Blume Ventures, BeeNext, Rajesh Ranavat"",Private Equity,""27,50,000"",nan"||
"1680,09/05/16,Toko Innovations,Consumer Internet,Children\\xe2\\x80\\x99s Entertainment Portal,Bangalore,""Roopak Saluja, Vishal Khare"",Seed Funding,""4,50,000"",nan"||
"1681,09/05/16,Rentickle,eCommerce,""Furniture, appliances Portal"",New Delhi,""Manish Kheterpal, Vinay Mittal, Dinesh Mittal, Sandeep Gupta"",Seed Funding,""2,50,000"",nan"||
"1682,10/05/16,HealthifyMe,Consumer Internet,Health & Fitness App,Bangalore,""IDG Ventures India, Inventus Capital, Blume Ventures"",Private Equity,""60,00,000"",nan"||
"1683,10/05/16,Zarget,Consumer Internet,Conversion Rate Optimization Platform,Chennai,""Accel Partners, Matrix Partners, Girish Mathrubootham"",Private Equity,""15,00,000"",nan"||
"1684,10/05/16,InnoNano Research,Technology,Clean Water Technology,Chennai,NanoHoldings,Private Equity,""1,80,00,000"",nan"||
"1685,10/05/16,SchoolWear,eCommerce,School Uniform & Supplies Marketplace,Mumbai,Undisclosed investors,Seed Funding,""15,00,000"",nan"||
"1686,10/05/16,Swiggy,Consumer Internet,Food Delivery Platform,Bangalore,""Norwest Venture Partners, DST Global, Accel Partners"",Private Equity,""70,00,000"",nan"||
"1687,11/05/16,Zenify,Consumer Internet,Home rental Discovery & Booking Portal,Bangalore,Undisclosed Investors,Private Equity,""9,00,000"",nan"||
"1688,11/05/16,Faircent,Consumer Internet,Online Peer to Peer Lending platform,Gurgaon,""JM Financial Products Ltd, Arun Tadanki, Doreswamy Nandkishore, Kshitij Jain"",Private Equity,N/A,nan"||
"1689,11/05/16,Fractal Analytics,Technology,Data Analytics Company,Mumbai,Khazanah Nasional Berhad,Private Equity,""10,00,00,000"",nan"||
"1690,12/05/16,Unacademy,Consumer Internet,Free Online Education Platform,Bangalore,""Blume Ventures, Rajan Anandan, Sumit Jain, Aprameya Radhakrishna, Sujeet Kumar, Phanindra Sama"",Seed Funding,""5,00,000"",nan"||
"1691,12/05/16,Capital Float,Consumer Internet,Online Lending Platform,Bangalore,""Creation Investments Capital Management, SAIF Partners, Sequoia Capital, Aspada Ventures"",Private Equity,""2,50,00,000"",nan"||
"1692,12/05/16,Life Circle,Healthcare,Senior Healthcare Services,Hyderabad,GROUPE SOS,Private Equity,""1,50,000"",nan"||
"1693,12/05/16,Dream Wallets,Consumer Internet,Online Crowdfunding platform,Jaipur,""Rakesh Gupta, Aditya Aggarwal, Siddharth Banerjee, Vikas Ranjan, Anshul Jindal, Sunil Koul, and Sanjeev Agrawal"",Seed Funding,N/A,nan"||
1694,12/05/16,ShabdNagari,Consumer Internet,Hindi social networking portal,Kanpur,ah! Ventures,Seed Funding,N/A,nan||
"1695,12/05/16,Galleri5,Consumer Internet,Visual Content Discovery platform,Bangalore,""Phanindra Sama, Raghunandan G,"",Seed Funding,N/A,nan"||
1696,12/05/16,Derbii,Logistics,Carpooling Services,Gurgaon,Anurag Chauhan,Seed Funding,N/A,nan||
"1697,13/05/16,StayZilla,Consumer Internet,Budget Room Aggregator Booking platform,Chennai,""Matrix Partners, Nexus Ventures"",Private Equity,""1,35,00,000"",nan"||
"1698,13/05/16,WoW Express,Logistics,E-Commerce Logistics Solutions,Mumbai,Undisclosed Investors & Tamarind Family Private Trust,Private Equity,""22,00,000"",nan"||
"1699,16/05/16,Smartivity,eCommerce,Smart Learning products,Delhi,""S Chand, AdvantEdge Partners"",Private Equity,""10,00,000"",nan"||
"1700,16/05/16,BedBathMore,Consumer Internet,Home Decor eMarketplace,Mumbai,""Kinnevik Group, Rocket Internet"",Private Equity,N/A,nan"||
1701,17/05/16,Murgency,Consumer Internet,Medical Emergency Response App,Mumbai,Rata Tata,Private Equity,N/A,nan||
"1702,17/05/16,Crownit,Consumer Internet,Mobile customer rewards management platform,Gurgaon,""Undisclosed investors, Accel Partners, Helion Venture Partners"",Private Equity,N/A,nan"||
"1703,17/05/16,Blinge,eCommerce,Apparel Rental platform,Mumbai,""Anupam Mittal, Anuj Srivastava, Ankit Nagori"",Seed Funding,N/A,nan"||
"1704,18/05/16,TheSmartQ,Consumer Internet,Food Ordering Mobile App,Bangalore,YourNest Angel Fund,Seed Funding,""2,50,000"",nan"||
"1705,18/05/16,PurpleHealth,Consumer Internet,Online health-on-demand platform,Trivandrum,Katabole Technology Venture,Seed Funding,""1,00,000"",nan"||
1706,18/05/16,Fundamentor,Education,Aptitude Development Program,Pune,Subramanya SV,Seed Funding,N/A,nan||
"1707,18/05/16,EduPristine,Education,Online Certification Courses,Mumbai,""Kaizen Management Advisors, DeVry Inc"",Private Equity,""1,00,00,000"",nan"||
"1708,18/05/16,BhiveWorkspace,Reality,Co-Working Spaces,Bangalore,Blume Ventures,Private Equity,""10,00,000"",nan"||
"1709,18/05/16,Parentlane,Consumer Internet,Parenting & Child Care app,Bangalore,""Sujeet Kumar, Aprameya, Sumit Jain, Subramanya Venkat, Venk, Ravi Machani, Hitesh Gupta, Rohit Choudhary"",Seed Funding,N/A,nan"||
"1710,19/05/16,Appie,Consumer Internet,Location-based offline retail discovery platform,Mumbai,Undisclosed investors,Seed Funding,""10,00,000"",nan"||
1711,19/05/16,Niki.ai,Technology,Artificial Intelligence Platform,Bangalore,Ratan Tata,Private Equity,N/A,nan||
"1712,19/05/16,TaxiVaxi,Consumer Internet,Cab Aggregating Platform,New Delhi,Undisclosed HNIs,Seed Funding,""5,00,000"",nan"||
"1713,19/05/16,Veqta,Consumer Internet,On Demand Digital Sports Network,New Delhi,""Chatsworth Management, ITW Digital"",Seed Funding,""5,00,000"",nan"||
"1714,20/05/16,i2ifunding,Consumer Internet,Online Peer to Peer Funding,Noida,Undisclosed Investors,Seed Funding,""3,00,000"",nan"||
1715,23/05/16,EduRev,Consumer Internet,Online Learning Platform,Gurgaon,Pradeep Reddy Kamasan,Seed Funding,N/A,nan||
"1716,23/05/16,Hoppingo,Consumer Internet,Fashion Discovery platform,New Delhi,vCommission,Seed Funding,""89,000"",nan"||
1717,24/05/16,Eatonomist,Consumer Internet,Food Delivery Platform,Gurgaon,MCube Capital Advisors Pvt Ltd,Seed Funding,N/A,nan||
"1718,24/05/16,Goalwise,Consumer Internet,Online investment platform,Bangalore,Undisclosed HNIs,Seed Funding,""10,00,000"",nan"||
1719,25/05/16,Roast,Consumer Internet,Mobile entertainment App,New Delhi,Indian Angel Network,Seed Funding,N/A,nan||
"1720,25/05/16,Address Health,Healthcare,Pediatric Primary Healthcare Network,Bangalore,Gray Matters Capital,Private Equity,""15,00,000"",nan"||
"1721,25/05/16,Arcatron Mobility,Technology,Mobility Devices for differently abled,Pune,Sudhir Mehta,Seed Funding,""1,00,000"",nan"||
1722,25/05/16,SheThePeople,Consumer Internet,Digital platform for Women,New Delhi,Anand Mahindra,Seed Funding,N/A,nan||
"1723,26/05/16,Cleartax,Consumer Internet,Online Income Tax Filing platform,Bangalore,""FF Angel, Sequoia Capital"",Private Equity,""20,00,000"",nan"||
"1724,26/05/16,Consure Medical,Healthcare,Medical Devices Kit manufacturer,New Delhi,""Accel Partners, Indian Angel Network, India Innovation Fund India Venture Partners"",Private Equity,N/A,nan"||
"1725,26/05/16,mChamp,Consumer Internet,Celebrity Entertainment Contest App,New Delhi,MoMagic Technologies,Seed Funding,""4,75,000"",nan"||
"1726,27/05/16,Pianta,Consumer Internet,Online healthcare service discovery platform,Bangalore,""Kunal Shah, Sandeep Tandon"",Seed Funding,N/A,nan"||
"1727,30/05/16,Vahanalytics,Technology,Safe driving Analytics platform,Mumbai,""Anirudh Damani, Vikram Lakhotia"",Seed Funding,""2,00,000"",nan"||
1728,31/05/16,Play Your Sport,Consumer Internet,Location based Sports & Fitness Discovery App,New Delhi,Ashish Gupta and other undisclosed investors,Seed Funding,N/A,nan||
"1729,31/05/16,Koovs,eCommerce,Apparel & Lifestyle eTailer,New Delhi,HT Media Ltd,Private Equity,""44,00,000"",nan"||
"1730,31/05/16,CCavenue,Consumer Internet,Payment Gateway,Mumbai,NSI Infinium Global Pvt. Ltd,Private Equity,""89,00,000"",nan"||
1731,31/05/16,1mg,eCommerce,Online Pharmacy,Gurgaon,HBM Healthcare Investments,Private Equity,N/A,nan||
1732,31/05/16,Tpot,Food & Beverage,QSR Chain,Gurgaon,Ashish Gupta,Seed Funding,N/A,nan||
"1733,31/05/16,MachaDalo,Consumer Internet,Hyperlocal Advertising Platform,Mumbai,Undisclosed Investors,Seed Funding,""1,75,000"",nan"||
"1734,01/04/16,Dil Mil,Consumer Internet,Matchmaking Mobile App,SFO / Bangalore,""Nelstone Ventures, Transmedia Capital, Maiden Lane Ventures, CSC Upshot & Angel investors"",Private Equity,""27,00,000"",nan"||
1735,01/04/16,PicsDream,Consumer Internet,Online Marketplace for Photographers,Delhi,Raman Roy,Seed Funding,N/A,nan||
"1736,01/04/16,Process 9,Consumer Internet,online translation and transliteration,Gurgaon,""Indian Angel Network, Alok Sharma, Kris Gopalakrishnan, Saurabh Srivastava, and Ajai Chowdhry"",Seed Funding,N/A,nan"||
1737,04/04/16,Housing,Consumer Internet,Real Estate Portal,Mumbai,Vineet Singh,Private Equity,N/A,nan||
1738,04/04/16,Roll Mafia,Food & Beverage,Rolls & Biryanis QSR chain,Pune,Equentia Natural Resource & Other undisclosed investors,Seed Funding,N/A,nan||
"1739,04/04/16,Hungama,Consumer Internet,Digital Media Entertainment Portal,Mumbai,Xiaomi Inc,Private Equity,""2,50,00,000"",nan"||
1740,04/04/16,Highway Delite,Consumer Internet,Various Highway Help Services,Bangalore,N.S. Raghavan Centre for Entrepreneurial Learning,Seed Funding,N/A,nan||
1741,05/04/16,Cult Fitness,Healthcare,Healthcare training programs,Bangalore,Mukesh Bansal,Seed Funding,N/A,nan||
1742,05/04/16,Haptik,Technology,Personal Assistant App,Mumbai,Times Internet Ltd,Private Equity,N/A,nan||
"1743,05/04/16,Servify,Consumer Internet,Gadget & Appliances Service App,Mumbai,""Blume Ventures, Barkawi Holdings GmbH, TM Service Technology Holdings GmbH"",Private Equity,N/A,nan"||
"1744,06/04/16,Shipsy,Logistics,Logistics Solutions,Gurgaon,DTDC Express Ltd,Private Equity,""10,00,000"",nan"||
"1745,06/04/16,gear6,Consumer Internet,Online bike service and repairs platform,Bangalore,Ninestarter,Seed Funding,""5,00,000"",nan"||
"1746,06/04/16,MyGlamm,Consumer Internet,Mobile based on-demand Beauty Services platform,Mumbai,L\\xe2\\x80\\x99Occitane,Private Equity,""60,00,000"",nan"||
"1747,06/04/16,Petoo,Consumer Internet,Online Food Delivery Platform,Bangalore,Axilor Ventures,Private Equity,""10,00,000"",nan"||
1748,07/04/16,Truly Social,Consumer Internet,Mobile Gaming Studio,London,Nazara Technologies Pvt Ltd,Private Equity,N/A,nan||
"1749,08/04/16,Little Black Book,Consumer Internet,""Curated Food, event & Lifestyle guide"",New Delhi,""IDG, Indian Angel Network"",Seed Funding,N/A,nan"||
1750,08/04/16,Vahan,Education,Mobile Education Platform,Chennai,Villgro,Seed Funding,N/A,nan||
"1751,08/04/16,imedilane,Consumer Internet,Online Health Diagnosis platform,New Delhi,""Mahendra Patel, Nilender Chauhan"",Seed Funding,""40,000"",nan"||
"1752,11/04/16,Living Local,Consumer Internet,Social discovery platform,Mumbai,Rattan Chadha,Seed Funding,""2,00,000"",nan"||
1753,11/04/16,Vegfru,eCommerce,Online Fruit & Vegetable Marketplace,New Delhi,Wingify,Seed Funding,N/A,nan||
"1754,11/04/16,Oyo,Consumer Internet,Online Branded Budget Room Booking Service,New Delhi,""Softbank, Sequoia Capital, Lightspeed Venture Partners, Greenoaks Capital, DSG Consumer Partners and Venture Nursery"",Private Equity,""10,00,00,000"",nan"||
"1755,11/04/16,PriceRaja,Consumer Internet,Price Comparison Portal,Gurgaon,Prashant Puri,Seed Funding,""3,00,000"",nan"||
"1756,12/04/16,MagicX,Consumer Internet,On-Demand Task Management App,Bangalore,""Kris Gopalakrishnan, Dr. Ranjan Pai"",Seed Funding,""10,00,000"",nan"||
1757,12/04/16,Happydemic,Consumer Internet,Artist Discovery & Booking platform,Mumbai,Shaan,Seed Funding,N/A,nan||
"1758,12/04/16,LenDenClub,Finance,Peer-to-Peer Lending Platform,Mumbai,""Anirudh Damani, Daud Ali, Narendra Karnavat, Vikas Kapoor, Vikram Lakhotia, Krishna Jhunjhunwaala, Jayesh Shah"",Seed Funding,N/A,nan"||
1759,12/04/16,Indi.com,Consumer Internet,Video Social Network,N/A,Anil Kapoor,Seed Funding,N/A,nan||
"1760,13/04/16,Legalraasta,Consumer Internet,Online legal Services for Startups,New Delhi,""Pravin Khandelwal, Yatin Kumar Jain"",Seed Funding,""10,00,000"",nan"||
"1761,13/04/16,RainCan,Consumer Internet,Subscription-based grocery delivery Mobile App,Pune,Dr. Aniruddha Malpani,Seed Funding,""1,50,000"",nan"||
"1762,13/04/16,Hippily,eCommerce,Fashion ECommerce App,Mumbai,""Dr. Sridhar Ramaswamy, Rakesh Mathur"",Seed Funding,""2,50,000"",nan"||
"1763,13/04/16,kredX,eCommerce,Invoice discounting\\xc2\\xa0 Marketplace,Bangalore,""Prime Venture Partners,"",Seed Funding,""7,50,000"",nan"||
1764,14/04/16,Wedwise,Consumer Internet,Wedding related services community,New Delhi,StartUp Equity Partners,Seed Funding,N/A,nan||
"1765,14/04/16,BeaconsTalk,Technology,contextual mobile advertising,Mumbai,""Rajeev Agrawal, Prashant Gooty"",Seed Funding,""1,00,000"",nan"||
"1766,15/04/16,Deal 4Loans,Consumer Internet,Loan Comparison Portal,Noida,""Ram Shriram, Neeraj Arora, Puru Vashishtha"",Seed Funding,N/A,nan"||
"1767,15/04/16,RenewBuy,Consumer Internet,Online Car & Bike Insurance Comparison portal,New Delhi,Mount Nathan Advisors,Seed Funding,""10,00,000"",nan"||
"1768,15/04/16,Blue Box Media,Consumer Internet,Online Tech Portals,Jaipur,""Mahavir Pratap Sharma, Ajay Data, Yogesh Chaudhary, Sanjay Phophaliya, Siddharth Agarwal, Kamal Kothari"",Seed Funding,N/A,nan"||
"1769,15/04/16,Vyomo,Consumer Internet,On-Demand Beauty Service provider,New Delhi,Naturals Salon Chain,Private Equity,""1,50,00,000"",nan"||
"1770,15/04/16,Organicshop,eCommerce,Marketplace for organic products,Jaipur,""Vivek Nathani, Yogesh Chaudhary, Mahavir Pratap Sharma, Kamal Kothari, H C Jain"",Seed Funding,N/A,nan"||
1771,15/04/16,MInd Your Fleet,Consumer Internet,Car Rental Software,Noida,Undisclosed Investors,Seed Funding,N/A,nan||
"1772,15/04/16,NestAway,Consumer Internet,Furnished Home Rental Platform,Bangalore,Tiger Global,Private Equity,""3,00,00,000"",nan"||
"1773,15/04/16,Tapchief,Consumer Internet,Expert Advice Platform,Bangalore,Vijay Shekhar Sharma,Seed Funding,""1,50,000"",nan"||
"1774,18/04/16,Rapido,Consumer Internet,Bike Aggregator App,Bangalore,""Pawan Munjal, AdvantEdge Partners, Astarc Ventures"",Private Equity,N/A,nan"||
1775,18/04/16,Yufta,eCommerce,Women\\xe2\\x80\\x99s Fashion ECommerce Portal,Bangalore,Ajay Data & other HNIs,Seed Funding,N/A,nan||
1776,18/04/16,Smytten,eCommerce,Online Discovery and Shopping Platform,Gurgaon,Rajan Anandan,Seed Funding,N/A,nan||
"1777,18/04/16,Houssup,Consumer Internet,interior design and home furnishing portal,Jaipur,""Mitin Patel, Gaurav Agarwal"",Seed Funding,N/A,nan"||
"1778,18/04/16,Jugnoo,Consumer Internet,On-demand Delivery & Logistics platform,Chandigarh,Paytm & existing investors,Private Equity,""1,00,00,000"",nan"||
"1779,18/04/16,Tork Motocycles,Auto,Electric Motorcycle Manufacturer,Pune,""Bhavish Aggarwal, Ankit Bhati"",Seed Funding,N/A,nan"||
"1780,19/04/16,Betaout,eCommerce,customer intelligence and marketing automation platform,Noida,""Stanford Angels, LetsVenture, Chennai Angels, Hyderabad Angels, Mumbai Angels"",Private Equity,""15,00,000"",nan"||
"1781,19/04/16,DriversCart,Consumer Internet,on-demand chauffeur provider,Chennai,ah! Ventures,Seed Funding,""4,50,000"",nan"||
1782,19/04/16,LensKart,eCommerce,Eyewear etailing platform,New Delhi,Ratan Tata,Private Equity,N/A,nan||
"1783,19/04/16,CollegeDekho,Consumer Internet,College & Student information platform,New Delhi,Man Capital,Private Equity,""20,00,000"",nan"||
1784,19/04/16,OYOfit,Consumer Internet,Fitness Services Aggregator platform,Bangalore,RN Agarwal,Seed Funding,N/A,nan||
1785,19/04/16,Oliveboard,Consumer Internet,Online exam practice & preparation platform,Bangalore,India Educational Investment Fund,Private Equity,N/A,nan||
1786,19/04/16,Simplilearn,Consumer Internet,Online certification platform,Bangalore,Brand Capital,Private Equity,N/A,nan||
"1787,20/04/16,1mg,eCommerce,Online Pharmacy,Gurgaon,""Maverick Capital Ventures, Sequoia Capital, Omidyar Network"",Private Equity,""1,50,00,000"",nan"||
"1788,20/04/16,Fashalot,Consumer Internet,Fashion and Store discovery mobile app,New Delhi,""YourNest Angel Fund, Rajul Garg"",Seed Funding,N/A,nan"||
1789,20/04/16,Broomberg,Consumer Internet,Cleaning Services Provider,New Delhi,Undisclosed Angel investors & HNIs,Seed Funding,N/A,nan||
"1790,21/04/16,m.paani,Consumer Internet,Loyalty rewards platform,Mumbai,""Blume Ventures, Adil Allana, Aprameya Radhakrishna, Gautam Ivatury, Signal Point Partners"",Seed Funding,N/A,nan"||
1791,21/04/16,Yufta,eCommerce,hyperlocal fashion retail platform,Jaipur,Ajay Data & undisclosed HNIs,Seed Funding,N/A,nan||
"1792,21/04/16,mishTag,Consumer Internet,""Style, Fashion Discovery Mobile app"",New Delhi,""M&Y Partners, SVG Media, Anthil Ventures & others"",Seed Funding,N/A,nan"||
1793,21/04/16,Advanced Structures India,Auto,Automotive Design and Engineering company,Bangalore,GirnarSoft,Private Equity,N/A,nan||
"1794,22/04/16,Licious,eCommerce,Mobile based Meat ordering App,Bangalore,Mayfield India II Management Ltd,Private Equity,""30,00,000"",nan"||
"1795,22/04/16,Knolskae,Consumer Internet,Educational Gamification & Simulation platform,Bangalore,""Inventus Capital Partners, HR Fund"",Private Equity,N/A,nan"||
"1796,22/04/16,Druva,Technology,Converged Backup & Data Protection Solutions for Enterprises,Pune,""NTT Finance, Telephone Corporation"",Private Equity,N/A,nan"||
"1797,22/04/16,TOKO Innovation Studios,Consumer Internet,Children\xe2\x80\x99s Entertainment Games & Products,New Delhi,Indian Angel network,Seed Funding,""4,50,000"",nan"||
"1798,25/04/16,Commut,Consumer Internet,Shuttle Service Provider,Hyderabad,50K Ventures,Seed Funding,""2,00,000"",nan"||
1799,25/04/16,intouchapp,Consumer Internet,Contact Management Mobile App,Pune,Blume Ventures,Seed Funding,N/A,nan||
"1800,25/04/16,Dropkaffe,Food & Beverage,Ready-to-Drink Beverage Producer,Bangalore,""GrowthStory, Apurva Salapuria, Hitesh Oberoi, Sidharth Pansari, Nirupa Shankar"",Seed Funding,""5,50,000"",nan"||
"1801,26/04/16,Transerv,Consumer Internet,Digital Payments platform,Mumbai,""IDFC SPICE Fund, Micromax Informatics"",Private Equity,""1,50,00,000"",nan"||
"1802,26/04/16,ClearTax,Consumer Internet,Online filing of Tax returns,Bangalore,""Max Levchin, Scott Banister"",Private Equity,""13,00,000"",nan"||
"1803,26/04/16,Roposo,eCommerce,Social Fashion ECommerce Discovery platform,Gurgaon,Bertelsmann India Investments,Private Equity,""1,50,00,000"",nan"||
"1804,27/04/16,MilkBasket,Consumer Internet,Micro Grocery Delivery Platform,Gurgaon,EVC Ventures,Seed Funding,""5,00,000"",nan"||
"1805,27/04/16,CareonGO,Consumer Internet,Online Pharmacy,,""Farooq Oomerbhoy, Anupam Mittal, Anand Mittal, Ravi Garikipati, Vibhu Garg, Singapore Angel Network, Konglo Ventures"",Seed Funding,N/A,nan"||
"1806,27/04/16,RailYatri,Consumer Internet,Train Related Information portal,Noida,""Nandan Nilekani, Helion Ventures, Omidyar Networks, Blume Ventures"",Private Equity,N/A,nan"||
"1807,27/04/16,ICHR,Consumer Internet,Mobile based Children health Information app,New Delhi,Undisclosed,Seed Funding,""4,50,000"",nan"||
1808,27/04/16,Murgency,Consumer Internet,Medical Emergency Response App,Mumbai,Axilor Ventures,Private Equity,N/A,nan||
"1809,28/04/16,The Wedding Brigade,Consumer Internet,Online Wedding Information Portal,Mumbai,Blume Ventures & Other unnamed Investors,Seed Funding,""6,00,000"",nan"||
"1810,28/04/16,DocsApp,Consumer Internet,Online Doctor Discovery & Chat platform,Bangalore,""Rebright Partners, Anand Rajaraman, Venky Harinarayan"",Private Equity,""12,00,000"",nan"||
"1811,29/04/16,Impact Guru,Consumer Internet,Online Crowdfunding platform for NGOs & Social Projects,Mumbai,""RB Investments, Fundnel"",Seed Funding,""5,00,000"",nan"||
"1812,29/04/16,LetReach,eCommerce,ECommerce SAAS Solutions,New Delhi,vCommission,Private Equity,""1,00,000"",nan"||
1813,01/03/16,DriveU,Consumer Internet,Chauffeurs Discovery for private car owners,Bangalore,Unitus Seed Fund,Seed Funding,N/A,nan||
"1814,01/03/16,Gympik,Consumer Internet,""Fitness Centres, Gym Discovery online marketplace"",Bangalore,RoundGlass Partners,Private Equity,N/A,nan"||
1815,01/03/16,Testbook,Consumer Internet,Online Test Preparation Platform,Mumbai,S Chand & Co,Private Equity,N/A,nan||
"1816,01/03/16,IQlect,Technology,Big Data Analytics Platform,Bangalore,""Lip-Bu Tan, Michael Marks, Nicolas Braithwaite"",Private Equity,N/A,nan"||
"1817,02/03/16,MoMark,Consumer Internet,Mobile Wallet Aggregation platform,Noida,YourNest Angel Fund,Private Equity,""6,00,000"",nan"||
"1818,02/03/16,Skedool,Consumer Internet,AI based Office Assistant Mobile App,Seattle / Bangalore,""Kludein LLC\\nPhanindra Sama, Narayan Ramachandran, Pranav Pai"",Seed Funding,N/A,nan"||
"1819,02/03/16,Systemantics,Technology,Industrial robots maker,Bangalore,""Nandan Nilekani, Accel Partners"",Private Equity,""14,00,000"",nan"||
1820,03/03/16,Vertuals,Technology,Audio Visual Digital Content creators for Brands,Mumbai,Dino Morea,Seed Funding,N/A,nan||
"1821,03/03/16,Imarticus Learning,Education,Financial Services & Analytics Education Institute,Mumbai,""Blinc Advisors, Amit Nanavati, Tashwinder Singh, Taranjit Jaswal, Amit Khanna"",Private Equity,""10,00,000"",nan"||
"1822,03/03/16,Shouut,Consumer Internet,Social Discovery Mobile app,New Delhi,Undisclosed investor,Seed Funding,""5,00,000"",nan"||
1823,04/03/16,TinyStep,Consumer Internet,Parenting Social Network Platform,Bangalore,Matt Glickman,Private Equity,N/A,nan||
"1824,04/03/16,Aahaa,ECommerce,Office Products Super Store,Chennai,""YourNest Angel Fund,"",Private Equity,""10,00,000"",nan"||
"1825,04/03/16,Arcatron Mobility,Technology,Smart wheelchair Design and Development,Pune,""Sudhir Mehta, Anoop Hingorani"",Seed Funding,N/A,nan"||
"1826,04/03/16,FTCash,Consumer Internet,Mobile Payments Platform,Kolkata,IvyCap Ventures,Seed Funding,""1,50,000"",nan"||
1827,04/03/16,Civilsdaily,Consumer Internet,Civil Services News Aggregator,New Delhi,Manoj Kumar & Other undisclosed investors,Seed Funding,N/A,nan||
"1828,04/03/16,Zappka,Consumer Internet,Mobile App discovery and review platform,Gurgaon,""Daman Soni, Rajat Gupta & Others"",Seed Funding,""1,00,000"",nan"||
1829,04/03/16,Tarusa World,ECommerce,Handicraft products eTailer,Mumbai,Mohit Gulati,Seed Funding,N/A,nan||
"1830,04/03/16,medECUBE,Healthcare,Healthcare related Services provider,Gurgaon,Artiman Ventures,Private Equity,""40,00,000"",nan"||
"1831,07/03/16,N.O.W,Consumer Internet,Bike Taxi Service & Hyperlocal Delivery App,Noida,""Ruchirans Jaipuria, Anuj Sanghi"",Seed Funding,""5,00,000"",nan"||
"1832,07/03/16,Ninjacart,ECommerce,B2B marketplace for Farmers & Retailers,Bangalore,""Accel Partners, Qualcomm Ventures, M&S Partners, Zop Smart"",Private Equity,""30,00,000"",nan"||
"1833,07/03/16,Reach,Consumer Internet,Cross Platform P2P file sharing mobile app,Bangalore,""Rebright Partners, Sol Primero, Sudhir Anandarao, Ankur Warikoo, Ankur Singla"",Seed Funding,""5,00,000"",nan"||
"1834,07/03/16,Vanity Cube,Consumer Internet,Hyperlocal Beauty Services platform,New Delhi,Unicorn Ventures,Seed Funding,""2,50,000"",nan"||
"1835,07/03/16,Wooplr,ECommerce,Curated Fashion ECommerce portal,Bangalore,""Naveen Tewari, Abhay Singhal, Amit Gupta, Piyush Shah, Raghunandan G, Rajiv Mehta"",Seed Funding,N/A,nan"||
"1836,07/03/16,Medidaili,Consumer Internet,Medical Support service platform,Bangalore,Undisclosed private investors,Seed Funding,""1,00,000"",nan"||
1837,08/03/16,Finomena,Technology,Credit Worthiness Big Data Analytics,New Delhi,Matrix Partners India,Private Equity,N/A,nan||
1838,08/03/16,Cookaroo,Consumer Internet,Food Delivery Platform,Bangalore,Vijay Krishna Yadav,Seed Funding,N/A,nan||
"1839,08/03/16,vPhrase Analytics,Technology,AI based data analytics platform,Mumbai,""Apoorv Ranjan Sharma, Daud Ali and others"",Seed Funding,N/A,nan"||
"1840,08/03/16,LoveCycles,Consumer Internet,Women\\xe2\\x80\\x99s health Tracker,Bangalore,Prime Venture Partners,Seed Funding,""7,50,000"",nan"||
"1841,08/03/16,Kartrocket,ECommerce,ECommerce SAAS platform,New Delhi,""Undisclosed Japanese investor, Bertelsmann India Investments, Nirvana Digital India Fund, Nirvana Digital Investment Holding Co Ltd, 500 Start-Ups"",Private Equity,""80,00,000"",nan"||
"1842,08/03/16,dunzo,Consumer Internet,Daily Task Management App,Bangalore,""Aspada Investment Advisors, Blume Ventures."",Seed Funding,""6,50,000"",nan"||
1843,09/03/16,Indiamart,ECommerce,B2B Marketplace for SMBs,Noida,Amadeus Capital,Private Equity,N/A,nan||
"1844,09/03/16,SmartVizX,Technology,Virtual Reality Solutions,Noida,""Indian Angel Network, Stanford Angels, Entrepreneurs India"",Seed Funding,""5,00,000"",nan"||
"1845,09/03/16,MyGubbi,Real Estate,Interior Design & Home D\\xc3\\xa9cor Solutions,Bangalore,""Vipul Parekh, ajesh K Murthy,"",Seed Funding,""25,00,000"",nan"||
"1846,09/03/16,Nukkad Shops,Consumer Internet,Hyperlocal Grocery Delivery Service,Hyderabad,PurpleTalk Inc,Seed Funding,""10,00,000"",nan"||
"1847,09/03/16,Cloudacar,Consumer Internet,Carpooling Mobile App,Pune,""Amit Choudhary, Anuj Puri"",Seed Funding,N/A,nan"||
"1848,09/03/16,Justride,Consumer Internet,Self Drive Car Rental,Mumbai,Dheeraj Jain & Other angel investors,Seed Funding,""4,00,000"",nan"||
"1849,09/03/16,Yana,Consumer Internet,Personal AI Transaction Engine App,Gurgaon,""Puneet Gupta,"",Seed Funding,N/A,nan"||
"1850,10/03/16,Big Fish Ventures,Food & Beverage,premium dining lounges Chain,New Delhi,Undisclosed investors,Private Equity,""1,11,00,000"",nan"||
"1851,10/03/16,Stylflip,ECommerce,Pre-Owned Fashion marketplace mobile app,Mumbai,""Raj Gala Shah, Zaheer Memon"",Seed Funding,N/A,nan"||
"1852,10/03/16,Icertis,Technology,Contract Management Software Solutions platform,Pune/Seattle,""Ignition Partners, Greycroft Partners, Fidelity Growth Partners India"",Private Equity,""1,50,00,000"",nan"||
"1853,10/03/16,Supplified,ECommerce,Construction material eTailer,New Delhi,Mohit Goel,Seed Funding,""10,00,000"",nan"||
1854,11/03/16,JollyFoodFellow,Technology,Food Related Marketing & Branding platform,Ahmedabad,Janak Parikh,Seed Funding,N/A,nan||
"1855,14/03/16,PinkBlue,ECommerce,Medical Supplies eTailer,Bangalore,""Hari Krishna, Ajay Modani, Dr V Ravinder, Anirudh Rastogi, Abhishek Jain, Rakesh Gakhar, Rajeev Mudumba, Nagendra Prasad Bhanuprakash"",Seed Funding,""2,23,608"",nan"||
"1856,14/03/16,TruckingCube,Logistics,""Domestic, Commercial, and Industrial Goods Movers"",New Delhi,Agarwal Movers Group,Private Equity,""1,49,00,000"",nan"||
1857,14/03/16,eSwasthya,Consumer Internet,Online Medicine Delivery Aggregator,Ahmedabad,Hemang Sahani,Seed Funding,N/A,nan||
"1858,15/03/16,FlipClass,Consumer Internet,Tutor Search Platform,Bangalore,""S Chand and Co Pvt Ltd, Blume Ventures"",Private Equity,""10,00,000"",nan"||
"1859,15/03/16,Proximit,Technology,Advertising Technology,Pune,Funding through 1Crowd platform,Seed Funding,""1,50,000"",nan"||
"1860,15/03/16,WithMe,Consumer Internet,Personalized Fashion App,Gurgaon,""Alex Kuruvilla, Pradeep Guha, Saket Dhankar, Rajan Pandhare"",Seed Funding,""2,50,000"",nan"||
"1861,16/03/16,Gapoon,Consumer Internet,Hyperlocal Home Maintenance services,Bangalore,""Chandrashekar Tallapragada, Pankaj Kapoor"",Seed Funding,""1,80,000"",nan"||
"1862,16/03/16,Avagmah,Consumer Internet,Online Education Portal,Bangalore,""Kris Gopalakrishnan, Atul Nishar"",Seed Funding,N/A,nan"||
1863,16/03/16,WorkIndia,Consumer Internet,Online Job Board,Mumbai,Beenext,Seed Funding,N/A,nan||
"1864,16/03/16,Wealthy,Consumer Internet,Online Investment management portal,Bangalore,""Zishaan Hayath, Abhishek Goyal, Arjun and Rohan Malhotra, Harpreet Singh Grover, Gagan Dugal"",Seed Funding,""2,50,000"",nan"||
"1865,17/03/16,Pramati,Healthcare,Specialized Patient Care platform,Noida,Undisclosed investors,Seed Funding,""2,00,000"",nan"||
"1866,17/03/16,Qlivery,Consumer Internet,Ondemand Concierge Service,Gurgaon,Swastika Company Ltd,Seed Funding,""2,30,000"",nan"||
"1867,17/03/16,HealthEnablr,Consumer Internet,Doctor Discovery and booking platform,Mumbai,Undisclosed investors,Seed Funding,""8,00,000"",nan"||
"1868,17/03/16,Liftiee,Consumer Internet,Car/ bike Pooling App,Mumbai,""Rannvijay Singh, Anita Hassanandani"",Seed Funding,""1,08,000"",nan"||
"1869,18/03/16,Hello Curry,Food & Beverage,Quick Service Restaurant Chain,Hyderabad,Sashi Reddi & Other unnamed investors,Private Equity,""15,00,000"",nan"||
"1870,19/03/16,goSporto,Consumer Internet,Online Sports discovery and booking platform,New Delhi,Naveen Gupta,Seed Funding,""30,000"",nan"||
1871,21/03/16,OneClickWash,Consumer Internet,Online Laundry & Washing service Booking & Delivery,Gurgaon,Unitus Seed Fund,Seed Funding,N/A,nan||
1872,21/03/16,Girnar Software,Consumer Internet,Online News Media Network,Jaipur,Google Capital,Private Equity,N/A,nan||
"1873,21/03/16,Room On Call,Consumer Internet,Budget hotel aggregator,Gurgaon,CASHurDRIVE Marketing Pvt Ltd,Private Equity,""20,00,000"",nan"||
"1874,22/03/16,Byju\\xe2\\x80\\x99s,Consumer Internet,Educational Video Content Creator,Bangalore,""Sequoia India, Sofina"",Private Equity,""7,50,00,000"",nan"||
"1875,22/03/16,BigBasket,eCommerce,Online Grocery Shop,Bangalore,Abraaj Group,Private Equity,""15,00,00,000"",nan"||
"1876,22/03/16,DrivoJoy,Consumer Internet,On-demand 2-wheeler Servicing platform,Bangalore,""Indian Angel Network, Tracxn Labs & Others"",Seed Funding,""6,00,000"",nan"||
1877,22/03/16,Smartron,Technology,Internet of Things Device manufacturer,Bangalore,Sachin Tendulkar,Private Equity,N/A,nan||
"1878,22/03/16,LifCare,Consumer Internet,Online Pharmacy portal,Jaipur,""Rajul Garg, Alok Mittal, Kunal Shah, Rishi Mandawat, Dheeraj Jain, Sandeep Tandon, Dexter Angel Circle"",Seed Funding,N/A,nan"||
"1879,22/03/16,CreditSeva,Consumer Internet,Online Credit management tools,Hyderabad,""Pix Vine Capital, Infocomm Development Authority of Singapore"",Seed Funding,""3,60,000"",nan"||
1880,22/03/16,CityShor,Consumer Internet,online lifestyle media recommendation portal,Ahmedabad,GAIN,Seed Funding,N/A,nan||
"1881,23/03/16,Endless Robotics,Technology,Interior Painting Automation,Hyderabad,""Devidas Desai, Vipul Gautam, Singapore Angel Network"",Seed Funding,""1,00,000"",nan"||
"1882,23/03/16,SP Robotics,Technology,Robotic Classes for Students,Chennai,""Indian Angel Network,"",Seed Funding,""3,00,000"",nan"||
"1883,23/03/16,StalkBuyLove,eCommerce,Fashion eTailer,New Delhi,""500 Startups, Littlerock, Singularity Ventures"",Seed Funding,N/A,nan"||
"1884,23/03/16,eKincare,Consumer Internet,Healthcare related solutions,Hyderabad,""BitChemy Ventures, Maheshwari Investments Pvt Ltd, Anshoo Gaur, Rama Krishna Reddy, Sandeep Seerapu"",Private Equity,""3,30,000"",nan"||
"1885,23/03/16,HashLearn,Consumer Internet,Mobile based private tutoring services,,""Bhavish Aggarwal, Binny Bansal,\\xc2\\xa0 Rajan Anandan, Mekin Maheshwar, Sunil Kalra, Anupam Mittal, Krishna Mehra, Singapore Angel Network"",Seed Funding,N/A,nan"||
"1886,23/03/16,Wheelstreet,Consumer Internet,Online Bike Rental platform,Bangalore,Broadbean Capital services,Private Equity,""5,00,000"",nan"||
"1887,24/03/16,Horntell,Consumer Internet,Unified Push Notification service,Gurgaon,""Bharanidharan Viswanathan, Sanjiv Mittal, Shobhit Shukla, Rahul Agarwal"",Seed Funding,""1,50,000"",nan"||
"1888,28/03/16,Schoolkart,eCommerce,Online Marketplace for Schools,Noida,Undisclosed investors,Seed Funding,""3,00,000"",nan"||
1889,29/03/16,HealthEminds,Consumer Internet,Online mental healthcare,Bangalore,Robin Utthappa,Seed Funding,N/A,nan||
"1890,29/03/16,Babygogo,Consumer Internet,Child healthcare experts aggregator mobile app,New Delhi,""Rajul Garg, Daljit Singh, Aditya Vij, Kishore Kumar, Shuchin Bajaj"",Seed Funding,""3,00,000"",nan"||
"1891,29/03/16,Veritas Finance,Finance,Asset Based Lending platform,Chennai,Sarva Capital,Private Equity,""47,00,000"",nan"||
"1892,29/03/16,QikShip,Consumer Internet,Mobile based Logistics provider,New Delhi,undisclosed investors,Seed Funding,""2,00,000"",nan"||
"1893,29/03/16,FixNix,Consumer Internet,GRC SAAS Platform,Chennai,Jay Vijayan,Seed Funding,""5,00,000"",nan"||
1894,30/03/16,True Balance,Technology,Mobile Balance Check App,Gurgaon,SoftBank Ventures Korea,Private Equity,N/A,nan||
"1895,30/03/16,Touchkin,Healthcare,Predictive Healthcare platform,Bangalore,""Alok Mittal, Amit Gupta, Anuj Srivastava, Himanshu Aggarwal, Raghunandan G, Puneet Agarwal"",Seed Funding,""4,00,000"",nan"||
"1896,31/03/16,SwitchMe,Consumer Internet,Home Loan Rate comparison platform,Mumbai,""Mohandas Pai, Hiro Mashita, Singapore Angel Network, 500 Startups, Rajan Anandan, Ajay Sarupria"",Seed Funding,N/A,nan"||
1897,31/03/16,Transcell,Healthcare,Family Stem Cell Banking Services,Hyderabad,Indian Angel Network,Seed Funding,N/A,nan||
1898,01/02/16,Blue Tokai Coffee,ECommerce,Specialty Coffee Etailer,New Delhi,Snow Leopard Technology Ventures,Seed Funding,N/A,nan||
"1899,02/02/16,Altizone,Technology,IoT & M2M Solutions,Pune,""Wipro Ventures,\\xc2\\xa0 Lumis Partners"",Private Equity,""40,00,000"",nan"||
"1900,02/02/16,Oust App,Consumer Internet,Competitive Exam Preparation Platform,Bangalore,""T V Mohandas Pai,\\xc2\\xa0 Aarin Capital"",Seed Funding,N/A,nan"||
"1901,02/02/16,Strike,Consumer Internet,Mobile Email productivity tool,Bangalore,Multiple investors through Ten Minute Million competition,Seed Funding,""22,500"",nan"||
"1902,02/02/16,MaaxMarket,Consumer Internet,Marketing Automation platform,N/A,Multiple investors through Ten Minute Million competition,Seed Funding,""22,500"",nan"||
"1903,02/02/16,Gamooz,Technology,Augmented Reality Solutions,Gurgaon,Multiple investors through Ten Minute Million competition,Seed Funding,""22,500"",nan"||
"1904,02/02/16,SoundSurround,Technology,Audio Technology Solutions,Mumbai,Multiple investors through Ten Minute Million competition,Seed Funding,""22,500"",nan"||
"1905,03/02/16,Mazkara,Consumer Internet,Beauty & Wellness Platform,Pune / Dubai,Dunamis Ventures Pte Ltd.,Seed Funding,""10,00,000"",nan"||
"1906,03/02/16,RoadGods,ECommerce,Auto Spare Parts eTailer,New Delhi,Green House Ventures (GHV),Seed Funding,""1,00,000"",nan"||
"1907,03/02/16,Pindropmusic,Consumer Internet,Music Discovery Mobile App,Noida,Green House Ventures (GHV),Seed Funding,""1,00,000"",nan"||
"1908,03/02/16,Woodpie,Consumer Internet,Book Recommendation Service,Bangalore,Ingram Content Group,Seed Funding,""30,000"",nan"||
"1909,04/02/16,Perfumery,ECommerce,Fragrances & Perfume eTailer,New Delhi,Oranda Global & Others,Seed Funding,""30,000"",nan"||
"1910,05/02/16,Magic Crate,Education,Children Education Platform,Bangalore,""TV Mohandas Pai, Aarin Capital"",Seed Funding,N/A,nan"||
"1911,05/02/16,ZenDrive,Technology,Safe Driving Data & Analytics platform,Bangalore / SFO,""Sherpa Capital, Nyca Partners and Thomvest Ventures"",Private Equity,""1,35,00,000"",nan"||
"1912,05/02/16,Smartcooky,ECommerce,Marketplace for Health Foods,New Delhi,""Vandana Luthra,"",Private Equity,N/A,nan"||
1913,05/02/16,Turtlemint,Consumer Internet,online personalized insurance platform,Mumbai,Nexus Venture Partners,Private Equity,N/A,nan||
"1914,05/02/16,BHIVE,Real Estate,Workspace Rentals,Bangalore,""Raghunandan G, Venturesity, Arihant Patni"",Seed Funding,N/A,nan"||
"1915,05/02/16,Gingercrush,Ecommerce,Personalized Products & Merchandize eTailer,Vadodara,""Saha Fund, TV Mohandas Pai, Zia Mody, Mumbai Angels, Ananda Kallugadde, Rakesh Desai, Rakesh Malhotra"",Private Equity,""10,00,000"",nan"||
"1916,05/02/16,American Vision,Consumer Internet,Optical Store Aggregator Platform,Pune,Undisclosed investors,Seed Funding,""81,000"",nan"||
"1917,05/02/16,DawaiLelo,Consumer Internet,Healthcare Services & Online Pharmacy Mobile App,Varanasi,Undisclosed investors,Seed Funding,""52,000"",nan"||
"1918,06/02/16,Heads Up For Tails,Ecommerce,Pet Products eTailer,New Delhi,Undisclosed investors,Seed Funding,""10,00,000"",nan"||
"1919,06/02/16,LiveNutriFit,Healthcare,Weight loss & Healthcare Info portal,New Delhi,""Mohit Goel, Vinod Jain & Others"",Seed Funding,N/A,nan"||
1920,08/02/16,Moglix,Ecommerce,Industrial & Home Products Marketplace,New Delhi,Ratan Tata,Private Equity,N/A,nan||
"1921,08/02/16,iStyleYou,Consumer Internet,Personal Fashion Stylist App,Gurgaon,Green House Ventures (GHV),Seed Funding,""1,00,000"",nan"||
"1922,08/02/16,AdUrCup,Consumer Internet,Ad Network,New Delhi,Green House Ventures (GHV),Seed Funding,""1,00,000"",nan"||
1923,08/02/16,Weddingz,Consumer Internet,online marketplace for wedding venues and vendors,Mumbai,Sixth Sense Ventures,Private Equity,N/A,nan||
"1924,08/02/16,Urban Dhobi,Consumer Internet,On Demand Laundry Services,Jaipur,""Vinod Bansal, Sanjeev Singhal"",Seed Funding,N/A,nan"||
"1925,08/02/16,Gray Routes,Consumer Internet,Last mile logistics solutions,Mumbai,""Mahesh Parasuraman, Rahul Gautam & Others"",Seed Funding,N/A,nan"||
"1926,08/02/16,Xpressbees,ECommerce,ECommerce Logistics solutions,Pune,""SAIF Partners, IDG Ventures India, Vertex Ventures, Valiant Capital"",Private Equity,""1,25,00,000"",nan"||
1927,08/02/16,Invictus Oncology,Healthcare,Cancer therapeutic Info & Solutions,New Delhi,Ratan Tata,Private Equity,N/A,nan||
"1928,08/02/16,Hansel.io,Technology,Mobile App Tech Solutions,Bangalore,""Endiya Partners, Mekin Maheshwari, Rajesh Sawhney"",Seed Funding,N/A,nan"||
"1929,09/02/16,Inc42,Consumer Internet,Startup Focused Media News Portal,New Delhi,""India Ventures, Aarin Capital & Others"",Seed Funding,N/A,nan"||
1930,09/02/16,GOQii,Technology,Personalized fitness coaching & Fitness band,Mumbai,Edelweiss Financial Services,Private Equity,N/A,nan||
"1931,10/02/16,Capzest,Consumer Internet,Digital Lending Platform,Mumbai,Lion Ventures,Seed Funding,""2,00,000"",nan"||
1932,10/02/16,GlamStudios,Consumer Internet,Online Salon Aggregator,Noida,Aqeel Ahmed,Seed Funding,N/A,nan||
"1933,10/02/16,Affimity,Consumer Internet,Social Networking platform,Bangalore,undisclosed investors,Seed Funding,""12,00,000"",nan"||
"1934,10/02/16,Anandakanda,Technology,Medicine Intake Reminder System,Pune,undisclosed investors,Seed Funding,""1,50,000"",nan"||
1935,10/02/16,JoulestoWatts,Technology,IT services & Talent collaboration services startup,Bangalore,Manipal Global Education Services,Seed Funding,N/A,nan||
"1936,10/02/16,Shopkirana,Consumer Internet,Retailer Supply Chain platform,Indore,""Atul Jain, Anil Gelra, Jaikumar Nair"",Seed Funding,N/A,nan"||
1937,10/02/16,Stylofie,Consumer Internet,Online Beauty Parlour search & discovery Platform,Gurgaon,Jaideep Mehta,Seed Funding,N/A,nan||
1938,10/02/16,OyBob,eCommerce,Hyperlocal Products & Services marketplace,Gurgaon,Sachin Dalal,Seed Funding,N/A,nan||
"1939,12/02/16,ActOnMagic,Technology,Cloud Analytics and Management Products,Bangalore,Jayabalan Subramanian,Seed Funding,""1,25,000"",nan"||
"1940,12/02/16,Bonhomia,Food & Beverage,premium Tea and Coffee,New Delhi,""Alok Rawat, Grey Orange Robotics"",Seed Funding,""10,00,000"",nan"||
"1941,12/02/16,iGrenEnergi,Technology,Solar Power Solutions,Mumbai,Sunil Mehta,Seed Funding,""10,00,000"",nan"||
"1942,12/02/16,RKSV,Consumer Internet,Online Stock Trading Platform,Mumbai,Kalaari Capital,Private Equity,""40,00,000"",nan"||
"1943,15/02/16,Aasaanjobs,Consumer Internet,Online Recruitment Marketplace,Mumbai,""Aspada Advisors, IDG Ventures,\\xc2\\xa0 Inventus Capital"",Private Equity,""50,00,000"",nan"||
"1944,15/02/16,Snapdeal,eCommerce,Horizontal Online Marketplace,New Delhi,Ontario Teachers\\xe2\\x80\\x99 Pension Plan & Others,Private Equity,""20,00,00,000"",nan"||
1945,15/02/16,Jugnoo,Consumer Internet,Transportation & On-demand delivery aggregator,Chandigarh,Saumya Tandon,Private Equity,N/A,nan||
1946,15/02/16,Snapbizz,Technology,Connectivity platform for local grocery stores,Bangalore,Ratan Tata,Private Equity,N/A,nan||
"1947,15/02/16,GoYaNo,Consumer Internet,Events & Restaurant Discovery Marketplace App,Gurgaon,Mukesh Kumar Gupta,Seed Funding,""50,000"",nan"||
"1948,15/02/16,RentSher,Consumer Internet,Online Household Product Rental platform,Bangalore,""Vaibhav Doshi, Abhay Singhal, Vibhu Garg, Joby Babu, Abhishek Acharya, Manish Shah"",Seed Funding,""3,00,000"",nan"||
"1949,15/02/16,Buddy,Finance,Micro Lending Platform for eCommerce purchases,Bangalore,""Blume Ventures,\\xc2\\xa0 Tracxn Labs"",Seed Funding,""5,00,000"",nan"||
1950,15/02/16,Legistify,Consumer Internet,Online Legal services platform,New Delhi,Ranjit Singh,Seed Funding,N/A,nan||
"1951,16/02/16,TableHero,Consumer Internet,Dynamic Restaurant Website creator,Bangalore,""GrowX Ventures, Kunal Shah, Sandeep Tandon, Haresh Chawla, Powai Lake Ventures, Globevestor"",Seed Funding,""10,00,000"",nan"||
"1952,16/02/16,BetterPlace,Technology,Data analytics based Verification services Platform,Bangalore,Unitus Seed Fund,Seed Funding,""9,70,000"",nan"||
"1953,16/02/16,Salebhai,eCommerce,""Sweets, Eatables, Handicrafts Online Marketplace"",Ahmedabad,""Virendra Shekhawat, Deepak Chokhani, Yogesh Patel & Others"",Seed Funding,N/A,nan"||
"1954,16/02/16,icustommadeit,eCommerce,Professional Custom creators Marketplace,Pune,""Brand Capital, Siddhivinayak Skyscrapers, Dinesh R. Challa"",Private Equity,""40,00,000"",nan"||
1955,16/02/16,Tring,Consumer Internet,Instant Messaging App,Pune,Vishwadeep Bajaj & Others,Seed Funding,N/A,nan||
"1956,16/02/16,Medinfi,Consumer Internet,Doctor & Clinics Discovery platform,Bangalore,""Rajnish Sinha, Prijit Debnath, Kanchan Ghoshal"",Seed Funding,N/A,nan"||
1957,17/02/16,Timemytask,Consumer Internet,On-Demand home cleaning services,Mumbai,Lead Angels,Seed Funding,N/A,nan||
"1958,17/02/16,GameZop,Technology,Mobile Gaming Platform,New Delhi,""KWAN Entertainment & Marketing Solutions, Powerhouse Ventures & Others"",Seed Funding,""3,50,000"",nan"||
"1959,17/02/16,Notary Mama,Consumer Internet,On-demand Legal documentation and registration service,Bangalore,""Dr Nandish Domlur, Amit Sandill"",Seed Funding,N/A,nan"||
"1960,17/02/16,The Viral Fever,Consumer Internet,Independent Online Video production company,Mumbai,Tiger Global,Private Equity,""1,00,00,000"",nan"||
"1961,17/02/16,Avanti Learning,Education,Private Coaching Classes,New Delhi,Michael & Susan Dell Foundation,Private Equity,""50,00,000"",nan"||
1962,17/02/16,Bollant Industries,Technology,Eco-friendly consumer & packaging products,Hyderabad,Ratan Tata,Private Equity,N/A,nan||
"1963,18/02/16,GetVee,Consumer Internet,Matrimony & Couples only mobile platform,New Delhi,""Lightspeed Venture Partners, K Ganesh"",Private Equity,N/A,nan"||
"1964,18/02/16,HealthKumbh,Consumer Internet,Health related Information portal,Ahmedabad,Undisclosed investor,Seed Funding,""73,000"",nan"||
"1965,18/02/16,Unlaze,Consumer Internet,Social Networking app for outdoor interests,Gurgaon,""Sujal Shah, Dino Morea"",Seed Funding,N/A,nan"||
"1966,18/02/16,Tracxn,Technology,Indian Startup ecosystem trends analyzer & funding platform,Bangalore,""Nandan Nilekani, Mohandas Pai, Neeraj Arora, Anand Rajaraman, Girish Mathrubootham, Aneesh Reddy & Teruhide Sato"",Private Equity,N/A,nan"||
"1967,18/02/16,Careongo,ECommerce,Online Pharmacy store,New Delhi,Farooq Oomerbhoy & Other angel investors,Seed Funding,""3,00,000"",nan"||
"1968,18/02/16,Ark Robot,Technology,Warehouse Automation,Bangalore,Qualcomm (Through QPrize Contest),Seed Funding,""3,50,000"",nan"||
"1969,19/02/16,Jaypore,ECommerce,Ethnic Products marketplace,New Delhi,Aavishkaar,Private Equity,""50,00,000"",nan"||
1970,19/02/16,Finance Buddha,Consumer Internet,Online Loan Comparison & Discovery platform,Bangalore,Chennai Angels,Seed Funding,N/A,nan||
"1971,19/02/16,AlmaConnect,Consumer Internet,Alumni social network,New Delhi,""Mohandas Pai, Varun Aggarwal"",Seed Funding,N/A,nan"||
"1972,19/02/16,Advantage Club,Consumer Internet,mobile platform for corporate employee benefits,Gurgaon,Purvi Ventures & Others,Seed Funding,""4,00,000"",nan"||
1973,19/02/16,LocalRamu,Consumer Internet,mobile based aggregator for local service providers,Bangalore,3 undisclosed investors,Seed Funding,N/A,nan||
"1974,22/02/16,Baby Berry,Consumer Internet,Parenting Mobile app,Bangalore,Nitin Bagmane & Other undisclosed investors,Seed Funding,""10,00,000"",nan"||
"1975,22/02/16,Magicpin,Consumer Internet,Hyperlocal Discover Mobile App,New Delhi,Lightspeed India,Private Equity,""30,00,000"",nan"||
"1976,22/02/16,First Eat,Consumer Internet,Healthy Food Delivery platform,New Delhi,Undisclosed investor,Seed Funding,""1,00,000"",nan"||
"1977,22/02/16,SigTuple,Technology,Healthcare based Tech Solutions,Bangalore,""Sachin Bansal, Binny Bansal, Accel Partners & Others"",Seed Funding,N/A,nan"||
"1978,22/02/16,Taskbob,Consumer Internet,Hyperlocal Handyman services platform,Mumbai,""IvyCap Ventures, Orios Venture Partners, Mayfield India"",Private Equity,""45,00,000"",nan"||
"1979,22/02/16,Styledotme,Consumer Internet,Mobile Fashion App,New Delhi,Indian Angel Network,Seed Funding,""37,000"",nan"||
"1980,22/02/16,NewsLaundry,Consumer Internet,Independent News Media Portal,New Delhi,""Omidyar Network,\\xc2\\xa0 Vikram Lal, Abhijit Bhandari, Mahesh Murthy, Shashank Bhagat"",Private Equity,N/A,nan"||
"1981,23/02/16,CupoNation,Consumer Internet,Deals and Discount platform,Gurgaon,""Rocket Internet AG, Holtzbrink Ventures, New Enterprise Associates (NEA), e.ventures, ru-Net, Deutsche Telekom Strategic Investments (DTSI), Silicon Valley Bank"",Private Equity,""1,10,00,000"",nan"||
"1982,23/02/16,Aarav UAV,Technology,unmanned aerial vehicles creator,Kanpur,""StartupXseed Ventures, The Phoenix Fund and others"",Seed Funding,N/A,nan"||
"1983,24/02/16,Sayfix,Consumer Internet,Hyperlocal Home Services Provider,Bangalore,Yajnanarayana Kammaje,Seed Funding,""1,60,000"",nan"||
1984,24/02/16,LoanZen,Consumer Internet,Peer to peer Lending marketplace,Bangalore,Tracxn Syndicate,Seed Funding,N/A,nan||
"1985,24/02/16,NoBroker,Consumer Internet,Peer to peer property listing platform,Bangalore,""Beenext, Digital Garage, Beenos, Qualgro, Mamoru Taniya, SAIF Partners"",Private Equity,""1,00,00,000"",nan"||
"1986,24/02/16,AppilyEver,Consumer Internet,Online wedding services marketplace,Hyderabad,""Varun Aggarwal, Suresh Venkat, Raj Y"",Seed Funding,""4,00,000"",nan"||
"1987,24/02/16,Pocketin,Consumer Internet,Hotel reservations & Deal platform,Noida,Swastika Company Ltd,Seed Funding,""1,50,000"",nan"||
1988,24/02/16,FeetApart,Consumer Internet,Employee engagements & Rewards platform,Bangalore,Vishal Bali & Others,Seed Funding,N/A,nan||
"1989,25/02/16,OfBusiness,eCommerce,B2B commerce Marketplace,Gurgaon,Matrix Partners India,Private Equity,""50,00,000"",nan"||
"1990,25/02/16,CarveNiche,Consumer Internet,Personalized Learning Solutions & products,Bangalore,""Calcutta Angels, Lead Angels & Others"",Seed Funding,N/A,nan"||
"1991,25/02/16,Juspay,Consumer Internet,Digital Payments solutions,Bangalore,""Accel Partners, Ashish Hemrajani, Parikshit Dar, Rajesh Balpande"",Private Equity,""58,00,000"",nan"||
"1992,25/02/16,Funcart,eCommerce,Party Supplies Etailer,New Delhi,Undisclosed HNIs,Seed Funding,""70,000"",nan"||
"1993,26/02/16,Freedom Smart Labs,Technology,IoT retail solutions,New Delhi,Kapil Goel,Seed Funding,""1,45,000"",nan"||
"1994,26/02/16,EduBridge,Consumer Internet,Skill development and vocational training platform,Mumbai,""Insitor Impact Asia Fund, Acumen Fund"",Private Equity,""25,00,000"",nan"||
1995,29/02/16,Nestaway,Consumer Internet,Online Home Rental Marketplace,Bangalore,Ratan Tata,Private Equity,N/A,nan||
"1996,29/02/16,Hopscotch,eCommerce,Baby & Kids Products Online Flash sales platform,Mumbai,Eduardo Saverin,Private Equity,""1,30,00,000"",nan"||
1997,29/02/16,PinClick,Consumer Internet,Online real estate listings,Bangalore,Undisclosed investors,Private Equity,N/A,nan||
"1998,01/01/16,Smartcooky,ECommerce,Health Food / Personal Care Marketplace,New Delhi,""Rajan Anandan, Pramod Bhasin, Siddharth Pai, TV Mohandas Pai, Manvinder Singh Banga"",Seed Funding,N/A,nan"||
1999,01/01/16,Helpi,Consumer Internet,On Demand Cleaning Services Mobile App,Mumbai,Undisclosed Investors,Seed Funding,N/A,nan||
2000,04/01/16,DogSpot,ECommerce,Online Pet Store,Gurgaon,Ratan Tata,Seed Funding,N/A,nan||
2001,04/01/16,Career360,Education,College Education Portal,New Delhi,MeritTrac,Private Equity,N/A,nan||
"2002,04/01/16,B9 Beverages,Food & Beverage,Craft Beer manufacturing company,New Delhi,""Sequoia Capital, Kunal Bahl, Rohit Bansal, Deepinder Goyal, Ashish Dhawan, Mayank Singhal"",Private Equity,""60,00,000"",nan"||
2003,05/01/16,WIMWI Foods,Food & Beverage,Healthy food manufacturing & sales startup,Ahmedabad,Centre for Innovation Incubation and Entrepreneurship (CIIE),Seed Funding,N/A,nan||
"2004,05/01/16,MyChild App,Education,Child Disorder Information & Education,Bhopal,""Samir Bangara, Anisha Mittal, Amit Gupta, Pallav Nadhani, Lalit Mangal, Arihant Patni, Dr. Ritesh Malik, Deobrat Singh, Saurab Paruthi, Singapore Angel Network."",Seed Funding,""1,00,000"",nan"||
2005,05/01/16,Instaproc,ECommerce,B2B Procurement Marketplace for Office Products,Noida,Dinesh Agarwal,Seed Funding,N/A,nan||
"2006,05/01/16,360Ride,Consumer Internet,Ride Sharing platform,Bangalore,Undisclosed,Seed Funding,""1,50,000"",nan"||
"2007,05/01/16,Alef\\nMobitech,Consumer Internet,Cloud Mobility Solutions,Mumbai,Tata Capital Innovation Fund,Private Equity,""50,00,000"",nan"||
2008,06/01/16,Tracxn,BFSI,Startup Funding Deal Discovery & Execution platform,Bangalore,Ratan Tata,Seed Funding,N/A,nan||
"2009,06/01/16,Qdesq,Real Estate,Branded Workspaces Aggregator,Gurgaon,""Dheeraj Jain, Jagdish Kumar, Bharat Gupta, Ankush Saigal, Praveen Saini"",Seed Funding,N/A,nan"||
"2010,06/01/16,Sensara,Technology,""TV Search, Guide and Remote mobile app"",Bangalore,""Lalitesh Katragadda,\\xc2\\xa0 Ganayantrika Systems"",Seed Funding,""7,50,000"",nan"||
"2011,06/01/16,Zebpay,Consumer Internet,Bitcoin Buying & Selling Mobile App,Ahmedabad,""Arjun Handa, Amit Jindal, Nagendra Chaudhary"",Private Equity,""10,00,000"",nan"||
"2012,06/01/16,PlanMy\\nMedicalTrip,Healthcare,Medical Tourism platform,Pune,""Bhanu Vikram Parsotam, Rohan Desai and Paras Patel"",Seed Funding,""1,50,000"",nan"||
"2013,06/01/16,MyCity4Kids,Education,Children Education & Information platform,Gurgaon,""SIDBI Venture Capital Limited, YourNest Angel Fund"",Private Equity,""30,00,000"",nan"||
"2014,06/01/16,Justdakhila.com,Education,School Student admissions platform,New Delhi,Ankur Gupta,Seed Funding,""7,50,000"",nan"||
2015,07/01/16,PitStop,Consumer Internet,Automobile Service Booking App,Bangalore,Myntra/LivSpace Founders,Seed Funding,N/A,nan||
2016,07/01/16,Bikxie,Consumer Internet,Two Wheeler Taxi Service,Gurgaon,Undisclosed Investors,Seed Funding,N/A,nan||
"2017,07/01/16,Infurnia,Consumer Internet,Online Furniture Customization platform,Bangalore,Idein Ventures,Seed Funding,""1,60,000"",nan"||
"2018,07/01/16,Myly,Education,Mobile Based Education platform,Jaipur,Newbie Promoter Pvt Ltd,Seed Funding,""1,00,000"",nan"||
"2019,07/01/16,MakeMyTrip,Consumer Internet,Online Travel/Hotel Booking platform,Gurgaon,Ctrip.com International Ltd,Private Equity,""18,00,00,000"",nan"||
"2020,08/01/16,Melorra,ECommerce,Online/ Mobile Jewellery Retailer,Bangalore,Lightbox Ventures,Private Equity,""50,00,000"",nan"||
"2021,08/01/16,ConfirmTKT,Consumer Internet,Train PNR Status Prediction Platform,Bangalore,""Krishna Jhujhunwala, Dr. Apoorv Ranjan Sharma, Anirudh Damani, Anand Ladsariya, Sanjay Mehta & Others"",Seed Funding,""2,50,000"",nan"||
"2022,08/01/16,Gyaanzone,Education,Career Planning and Education Advisory Platform,Mumbai,GBIM Technologies Pvt Ltd,Seed Funding,""45,000"",nan"||
2023,08/01/16,FlatFurnish,Consumer Internet,Online Furnishing Rental Platform,Gurgaon,Arun Chandra Mohan,Seed Funding,N/A,nan||
2024,09/01/16,Lumiere,ECommerce,Organic Food eTailer,Bangalore,Undisclosed investors,Private Equity,N/A,nan||
"2025,11/01/16,Koovs,ECommerce,Online Fashion Apparel Retailer,Gurgaon,""Nahata Family, Waheed Alli"",Private Equity,""54,00,000"",nan"||
"2026,11/01/16,Wishup,Consumer Internet,Mobile app based Concierge Service,New Delhi,""500 Startups, Mato Peric, TracxnLabs"",Seed Funding,N/A,nan"||
"2027,11/01/16,FreshMenu,Consumer Internet,Online / Mobile Food Ordering platform,Bangalore,""Zodius Capital, Lightspeed Venture Partners"",Private Equity,""1,65,00,000"",nan"||
"2028,11/01/16,SavvyMob,ECommerce,Last Minute Hotel Bookings mobile marketplace,Bangalore,""TV Mohandas Pai, LetsVenture"",Seed Funding,""10,00,000"",nan"||
2029,11/01/16,Fashionablyin,Consumer Internet,Mobile based Geo-target Fashion Marketplace,Mumbai,Ranjan Mahtani,Seed Funding,N/A,nan||
"2030,12/01/16,Shopclues,ECommerce,ECommerce Marketplace,Gurgaon,""GIC, Tiger Global Management, Nexus Venture Partners"",Private Equity,""10,00,00,000"",nan"||
"2031,12/01/16,Hike Messenger,Consumer Internet,P2P Messaging Service,New Delhi,""Matt Mullenweg, Adam D\\xe2\\x80\\x99Angelo, Aditya Agarwal,\\xc2\\xa0 Ruchi Sanghvi & Others"",Private Equity,N/A,nan"||
"2032,12/01/16,iBus Networks,Technology,Next Generation in-building connectivity,Bangalore,""Vallabh Bhanshali, N Squared Management LLC, Jagdish & Sandeep Mehta Family Office"",Private Equity,""23,00,000"",nan"||
"2033,12/01/16,Happy2Refer,Consumer Internet,Mobile based Referral Platform,Mumbai,""Equity Crest, Vinners, Sparknext"",Seed Funding,""2,50,000"",nan"||
"2034,13/01/16,CarTrade,Consumer Internet,Auto Classifieds Portal,Mumbai,""Temasek Holdings, March Capital, Warburg Pincus"",Private Equity,""14,50,00,000"",nan"||
"2035,13/01/16,Rentomo,Consumer Internet,peer-to-peer renting Marketplace,Bangalore,Shiva Ashok & Other unnamed investors,Seed Funding,""1,00,000"",nan"||
"2036,13/01/16,Roder,Consumer Internet,inter-city cab aggregator,New Delhi,Unicorn India Ventures,Seed Funding,""2,40,000"",nan"||
"2037,13/01/16,Bucker,Consumer Internet,Food Ordering Mobile App,Hyderabad,""50k Ventures, Munish Jauhar, Pulkit Jain, Rohit Narang"",Seed Funding,N/A,nan"||
"2038,13/01/16,Care24,Healthcare,Professional Health Services Platform,Mumbai,""SAIF Partners, India Quotient"",Private Equity,""40,00,000"",nan"||
2039,13/01/16,Obino,Healthcare,Weigh Loss Coaching,Mumbai,RoundGlass Partners,Private Equity,N/A,nan||
2040,14/01/16,Snapshopr,Consumer Internet,Visual Search & Image Recognition Platform,Bangalore,Amod Malviya,Seed Funding,N/A,nan||
"2041,14/01/16,Buildkar,ECommerce,Construction Material Marketplace,Bangalore,""Mustafa Wajid, Umang Kumar & Others"",Seed Funding,N/A,nan"||
"2042,14/01/16,Orahi,Consumer Internet,Carpooling Mobile App,Gurgaon,Indian Angel Network,Seed Funding,""5,20,000"",nan"||
"2043,14/01/16,Zapr,Technology,TV to Mobile audience Platform,Gurgaon,""Flipkart, Saavn, Micromax, Dhiraj Rajaram, Ambiga Dhiraj, Dinesh Agarwal, Samir Bangara, Sanjay Nath, Arihant Patni"",Seed Funding,N/A,nan"||
2044,15/01/16,Remidio,Healthcare,Healthcare Product Manufacturer,Bangalore,Cipher-Plexus Capital Advisors & Indian HNIs,Private Equity,N/A,nan||
"2045,15/01/16,Fitso,Consumer Internet,Fitness related Social Networking App & Forum,Gurgaon,""Varun Khurana, Samar Singla, Vinay Bansal,"",Seed Funding,""2,00,000"",nan"||
"2046,15/01/16,evibe.in,Consumer Internet,Party Hall Booking platform,Bangalore,""Hyderabad Angels, Lalit Mangal,\\xc2\\xa0 Vikas Malpani, Gaurav Bhalotia, LV Prasad"",Seed Funding,N/A,nan"||
2047,15/01/16,Zoctr,Consumer Internet,healthcare aggregator platform,Mumbai,Times Group,Seed Funding,N/A,nan||
2048,15/01/16,Jobick,Consumer Internet,Mobile app based Job Search,Noida,Abhinav Mathur,Seed Funding,N/A,nan||
2049,16/01/16,Plick,Consumer Internet,Instant Content Transfer Mobile App,Mumbai,Sanjay Mehta,Seed Funding,N/A,nan||
2050,18/01/16,Voice Friends,Consumer Internet,Dating & Singles Chat Platform,Mumbai,Huzaifa Khorakiwala,Seed Funding,N/A,nan||
"2051,18/01/16,Kartrocket,Consumer Internet,SAAS DIY\\xc2\\xa0 ECommerce Platform,New Delhi,""Bertelsmann India Investments, Nirvana Digital India Fund, Nirvana Digital Investment Holding, 500 Startups"",Private Equity,""60,00,000"",nan"||
"2052,19/01/16,Swiggy,Consumer Internet,Online/Mobile food ordering platform,Bangalore,""Harmony Partners, RB Investments & existing investors"",Private Equity,""3,50,00,000"",nan"||
2053,19/01/16,TinyStep,Consumer Internet,Parenting Social Network,Bangalore,Flipkart,Seed Funding,N/A,nan||
2054,19/01/16,Cashkaro,Consumer Internet,Coupon & Cashback platform,Gurgaon,Ratan Tata,Private Equity,N/A,nan||
2055,19/01/16,Gameezop,Consumer Internet,Casual Gaming platform,New Delhi,Anand Chandrasekaran & Others,Seed Funding,N/A,nan||
"2056,19/01/16,DailyObjects,ECommerce,Mobile Accessories etailer,New Delhi,""Unilazer Fund,\\xc2\\xa0 Phanindra Sama, Peyush Bansal"",Private Equity,""14,00,000"",nan"||
"2057,19/01/16,Indus OS,Technology,Local language Mobile OS,Mumbai,""Omidyar Network,"",Private Equity,""50,00,000"",nan"||
"2058,19/01/16,CollegeDunia,Consumer Internet,Educational College Search platform,New Delhi,Umang Kumar,Seed Funding,""4,45,000"",nan"||
"2059,19/01/16,Villgro,Finance,Social Business Incubator & Fund,Chennai,""Lemelson Foundation, Michael and Susan Dell Foundation"",Private Equity,""35,00,000"",nan"||
2060,20/01/16,Reddoorz,Consumer Internet,Budget Accomodation Aggregator,New Delhi,500 Startups,Private Equity,N/A,nan||
"2061,20/01/16,IndustryBuying,ECommerce,B2B Industrial Goods Marketplace,New Delhi,Trifecta Capital,Private Equity,""18,00,000"",nan"||
"2062,20/01/16,Just Buy Live,ECommerce,B2B Marketplace for Distributors,Mumbai,Alpha Capital,Private Equity,""2,00,00,000"",nan"||
"2063,20/01/16,IMbesharam,ECommerce,Adult Products Etailers,New Delhi / US,Undisclosed US Based Investors,Private Equity,""40,00,000"",nan"||
"2064,20/01/16,Moodoo,Consumer Internet,Social Meeting organizer App,Mumbai / UK,Sa\\xc3\\xafd Business School Seed Fund.,Seed Funding,""40,000"",nan"||
"2065,20/01/16,Saral Designs,Healthcare,Women Hygiene Product Manufacturer,Mumbai,""Farooq Adam, Ambi Parameswaran,"",Seed Funding,N/A,nan"||
2066,21/01/16,FirstCry,ECommerce,Kids Focused eTailer,Pune,Ratan Tata,Private Equity,N/A,nan||
"2067,21/01/16,Fisdom,Consumer Internet,Personal Finance Mobile App,Bangalore,Rob Chandra,Seed Funding,""5,00,000"",nan"||
"2068,21/01/16,Easypolicy,Consumer Internet,Online insurance policy aggregator,Noida,Unilazer Ventures,Private Equity,""22,00,000"",nan"||
"2069,21/01/16,Housing.com,Consumer Internet,Online Real Estate Portal,Mumbai,SoftBank Corp,Private Equity,""1,50,00,000"",nan"||
"2070,21/01/16,CREO,Technology,Smartphone OS Developer,Bangalore,""Sequoia Capital, Beenext Ventures, India Quotient, Anand Chandrasekaran"",Private Equity,""30,00,000"",nan"||
"2071,22/01/16,ShabdaNagari,Consumer Internet,Hindi Language Social Networking Portal,Kanpur,Kanpur Angels & Others,Seed Funding,""2,00,000"",nan"||
2072,22/01/16,Little,Consumer Internet,Deal Discovery App,Bangalore,GIC,Private Equity,N/A,nan||
"2073,22/01/16,SnapBizz,ECommerce,Mobile based Retail Market Ecosystem,Bangalore,""Jungle Ventures, Taurus Value Creation, Konly Venture, Blume Ventures"",Private Equity,""72,00,000"",nan"||
2074,22/01/16,Qlivery,Consumer Internet,on-demand concierge services,Gurgaon,Chandigarh Angels Funding,Seed Funding,N/A,nan||
"2075,22/01/16,PlexusMD,Consumer Internet,Social Network for Healthcare Professionals,Ahmedabad,""Arihant Patni, Avnish Mehra, Pranay Adhvaryu, Ravi Sampat"",Seed Funding,N/A,nan"||
"2076,22/01/16,Silvan,Technology,Home Automation & Security Solutions,Bangalore,The Chennai Angels,Seed Funding,""5,15,000"",nan"||
"2077,22/01/16,EPS,Technology,Electronic Payments Solution Company,Mumbai,APIS Partners,Private Equity,""3,50,00,000"",nan"||
"2078,22/01/16,Qubole,Technology,Enterprise Cloud Based Data Processing,Bangalore,""Institutional Venture Partners, Norwest Venture Partners, Lightspeed Venture Partners, CRV"",Private Equity,""3,00,00,000"",nan"||
2079,22/01/16,Gajty,Healthcare,Salons & Spa Chain,Gurgaon,Purvi Ventures,Seed Funding,N/A,nan||
"2080,25/01/16,SIFTR Labs,Consumer Internet,Photography curation & Aggregator platform,Mumbai,Venture Catalysts,Seed Funding,""1,50,000"",nan"||
"2081,25/01/16,Power2SME,Consumer Internet,SME Online Buying Hub,Gurgaon,""Nandan Nilekani, Accel Partners, Kalaari Capital and Inventus Capital"",Private Equity,""2,10,00,000"",nan"||
2082,25/01/16,SkyCandle,ECommerce,Home D\\xc3\\xa9cor Product etailer,New Delhi,GPA group,Private Equity,N/A,nan||
2083,27/01/16,Teabox.com,ECommerce,Specialty Tea ETailer,Siliguri,Ratan Tata,Private Equity,N/A,nan||
"2084,27/01/16,Buildzar,ECommerce,Construction Material ETailer,Gurgaon,Puneet Dalmia,Private Equity,""40,00,000"",nan"||
"2085,27/01/16,Applicate,Technology,""Sales, Market, Distribution & Data Analytics Platform"",Bangalore,Undisclosed investors,Seed Funding,""10,00,000"",nan"||
2086,27/01/16,WhatsOnRent,ECommerce,Online Rental Marketplace,Bangalore,Lalit Mangal & Others,Seed Funding,N/A,nan||
"2087,28/01/16,Zebi (yet to launch),Technology,Data Intelligence & Analytics,Hyderabad,Un disclosed investors,Seed Funding,""10,00,000"",nan"||
"2088,28/01/16,Truce,FMCG,Vegetables & Fruits Supply Chain,Mumbai,""Anupam Mittal, Amit Gupta, Utsav Somani, Neeraj Goenka, Farooq Adam Mukadam"",Seed Funding,""3,70,000"",nan"||
"2089,28/01/16,JustDoc,Consumer Interne,Medical Video Consultation platform,Bangalore,""TV Mohandas Pai, Mohit Saxena, Raghunandan G, Singapore Angel Network, TracxnLabs"",Seed Funding,N/A,nan"||
2090,28/01/16,Myeglu,Technology,Connected Smart Home Solutions,Bangalore,Foxconn Technology Group & Others,Seed Funding,N/A,nan||
"2091,29/01/16,BitGiving,Consumer Internet,Crowd Funding Platform,New Delhi,""Harminder Sahni, Krishna Mehra, Sanjay Bakshi"",Seed Funding,N/A,nan"||
"2092,29/01/16,Qriyo,Consumer Internet,Online Fitness & Educational information Aggregator,Jodhpur,Idein Ventures,Seed Funding,""1,60,000"",nan"||
2093,29/01/16,N.O.W,Consumer Internet,Rental Bike Aggregator App,Noida,Maple Capital Advisors,Seed Funding,N/A,nan||
"2094,29/01/16,Aisle,Consumer Internet,Indians focused Matchmaking App,Bangalore,""TermSheet, ah! Ventures"",Seed Funding,""1,85,000"",nan"||
"2095,29/01/16,FreshMenu,Consumer Internet,Fresh Food Delivery platform,Bangalore,""Zodius Technology Fund, Lightspeed Venture Partners"",Private Equity,""1,70,00,000"",nan"||
"2096,29/01/16,Truebil,ECommerce,Online marketplace for cars,Mumbai,""Kalaari Capital, Inventus Capital, Tekton Ventures, Kae Capital"",Private Equity,""51,50,000"",nan"||
"2097,29/01/16,Rare Media,Technology,Mobile & Cloud based App developer,New Delhi,Info Edge (India) Ltd,Private Equity,""11,00,000"",nan"||
2098,29/01/16,TinMen,Consumer Internet,Food Delivery Platform,Hyderabad,Lead Angel Network,Seed Funding,N/A,nan||
2099,29/01/16,CodingLabs,Technology,Coding Skill Showcase & Resume Builder,Hyderabad,Vineet Nalla,Seed Funding,N/A,nan||
"2100,30/01/16,FindUrClass,Consumer Internet,Hobby & Activity Class Aggregator,Mumbai,""Amit Patni, Anirudh Damani, Samir Shah"",Seed Funding,N/A,nan"||
2101,30/01/16,DesignBids,Consumer Internet,Interior Design Marketplace,New Delhi,Indian Angel Network,Seed Funding,N/A,nan||
"2102,01/12/15,CollegeDekho,Online Education Information platform,nan,Jaipur,GirnarSoft,Seed Funding,""10,00,000"","||
2103,01/12/15,Black White Orange Brands,Brand Licensing Startup,nan,Mumbai,YouWeCan Ventures,Seed Funding,N/A,||
2104,01/12/15,Biteclub,Gourmet Food Discovery & Delivery platform,nan,Gurgaon,growX ventures,Private Equity,N/A,Pre-Series A||
"2105,01/12/15,Patel Logistics,Transportation & Logistics Platform,nan,Mumbai,Frontline Strategy,Private Equity,""56,00,000"",N/A"||
"2106,01/12/15,Wigzo,Enterprise Marketing Automation platform,nan,New Delhi,""Aarin Capital Partners, TV Mohandas Pai"",Seed Funding,""5,00,000"",Pre-Series A"||
"2107,01/12/15,Zapluk,""Health, Wellness & Beauty Services App"",nan,Hyderabad,N/A,Seed Funding,N/A,"||
"2108,01/12/15,Godof Hospitals,Digital Healthcare,nan,New Delhi,Pankaj Gupta,Seed Funding,""20,00,000"","||
"2109,02/12/15,RoomsTonite,Last Minute Hotel Booking App,nan,Bangalore,""Lashit Sanghvi, Nikhil Vora, Venkat Vardhan,Mohammed Bin Abdul Rehman Al Khalifa,\\xc2\\xa0 Ralph Berezan, Vissal Mathew,\\xc2\\xa0 Balamurali Krishna"",Seed Funding,""15,00,000"","||
"2110,02/12/15,Kaaryah,Womens Fashion Wear Portal,nan,New Delhi,""The Saha Fund, TV Mohandas Pai"",Private Equity,N/A,Pre-Series A"||
2111,03/12/15,Anakage,Product Learning platform,nan,Bangalore,CIO Angel Network (CAN),Seed Funding,N/A,||
"2112,03/12/15,EasyKhaana,Online Food ordering & Delivery platform,nan,New Delhi,Undisclosed investors,Seed Funding,""1,00,000"","||
"2113,03/12/15,Shuttl,App based Bus Pooling Services,nan,Gurgaon,""Sequoia Capital, Times Internet Ltd & One more Fund"",Private Equity,""2,00,00,000"",Series B"||
2114,03/12/15,Eckovation,Social Learning Platform,nan,New Delhi,Chandigarh Angel Network (CAN),Seed Funding,N/A,||
2115,03/12/15,Fitcircle,Social Fitness platform,nan,Mumbai,Beerud Sheth and Ravi Mantha,Seed Funding,N/A,Pre-Series A||
"2116,04/12/15,Applop,On Demand Mobile app developer,nan,Kolkata,GHV Accelerator,Seed Funding,""1,00,000"","||
"2117,04/12/15,CaRPM,Car Maintenance & Management mobile app,nan,Gurgaon,GHV Accelerator,Seed Funding,""1,00,000"","||
"2118,04/12/15,NDTV Wedding portal,Online Wedding Marketplace,nan,New Delhi,CerraCap,Private Equity,""2,00,00,000"",Series A"||
"2119,04/12/15,Splitkart,Splitting Bills Mobile App,nan,New Delhi,""Rajesh Sawhney, Anupam Mittal, Dinesh Agarwal, Gaurav Gupta,"",Seed Funding,N/A,"||
2120,07/12/15,Zenatix,IOT Energy Management Analytics platform,nan,Gurgaon,Blume Ventures,Private Equity,N/A,Pre-Series A||
"2121,07/12/15,Customfurnish,Custom Made furniture e-tailer,nan,Hyderabad,Agnus Capital,Private Equity,""45,00,000"",Series A"||
"2122,07/12/15,Faasos,QSR Chain,nan,Pune,""ru-Net, Sequoia Capital,\\xc2\\xa0 Lightbox Ventures"",Private Equity,""3,00,00,000"",Series C"||
2123,07/12/15,Vlurn,eLearning platform,nan,Mumbai,Vidyadhar Sarfare,Seed Funding,N/A,||
"2124,07/12/15,Leaf Wearables,Smart Safety Wearable Devices,nan,New Delhi,""Ajeet Khurana Jinesh Shah, Vikram Chachra, Dr. Aniruddha Malpani"",Seed Funding,""2,50,000"","||
"2125,07/12/15,Coolshare,Cab Sharing service Mobile app,nan,Mumbai,Gopal Aggarwal,Seed Funding,""1,00,000"","||
2126,08/12/15,mFicient,Cloud Enterprise Mobility Platform,nan,New Delhi,Undisclosed investors,Seed Funding,N/A,||
2127,08/12/15,HeyBiz,Online Shopping Assistant Mobile app,nan,New Delhi,Shopclues,Seed Funding,N/A,Strategic Funding||
"2128,08/12/15,Yumist,Home Cooked Food Order & Delivery platform,nan,Gurgaon,""Unilazer Ventures, Orios Venture Partners, Steven Lurie"",Private Equity,""20,00,000"",Series A"||
"2129,09/12/15,Jigsaw Academy,Online School for Analytics learning,nan,Bangalore,Manipal Global Education Services,Private Equity,""30,00,000"",Series A"||
"2130,09/12/15,JoeHukum,Chat based personal Assistant App,nan,Gurgaon,""TracxnLabs, Jitendra Gupta, Prashant Tandon"",Seed Funding,N/A,"||
"2131,09/12/15,Voxweb,Picture creation & Social mobile app,nan,Mumbai,Undisclosed Investor,Seed Funding,""3,50,000"","||
"2132,09/12/15,Aye Finance,Nonbanking finance company,nan,New Delhi,""SAIF Partners, Accion"",Private Equity,""30,00,000"",Series B"||
2133,09/12/15,JumboBasket,eCommerce returns etailer,nan,Chandigarh,Chandigarh Angels Network,Seed Funding,N/A,||
"2134,10/12/15,BlackBuck,Online Freight Services Aggregator,nan,Bangalore,""Tiger Global Management, Yuri Milner, Apoletto, Accel Partners, Flipkart"",Private Equity,""2,50,00,000"",Series B"||
"2135,10/12/15,HomeStudio,Online Branded Furniture etailer,nan,Bangalore,Bren Corporation,Private Equity,""50,00,000"",Series A"||
"2136,10/12/15,PropheSee,Digital Analytics Platform,nan,New Delhi,""Indian Angel Network, Stanford Angels, Entrepreneurs India"",Seed Funding,""5,00,000"","||
"2137,10/12/15,i2e1,Internet Network Infrastructure Services,nan,New Delhi,GrowX Ventures,Seed Funding,""5,00,000"","||
"2138,10/12/15,Holisol Logistics,Supply Chain & Logistics Solutions,nan,New Delhi,CLSA Capital Partners ARIA IV Funds,Private Equity,""1,00,00,000"",N/A"||
"2139,10/12/15,Stay Simple Resorts,Holiday Resort Chain,nan,Bangalore,""Mr. Sudhir & Ms. Shalini Sethi, Mr. Praveen Someshwar"",Seed Funding,N/A,"||
"2140,10/12/15,Paynear,Mobile Point of Sale solutions,nan,Hyderabad,Mitesh Majithia,Private Equity,""25,00,000"",Pre-Series A"||
"2141,10/12/15,Chillr,Peer-to-Peer Money Transfer & Recharge App,nan,Mumbai,""Sequoia Capital, Blume Ventures, Uniqorn Ventures and other"",Private Equity,""7,00,00,000"",Series A"||
"2142,11/12/15,EureQa,Test Automation SAAS platform,nan,Hyderabad/USA,""Sashi Reddi, Gabriel Investments"",Seed Funding,""6,00,000"","||
2143,11/12/15,LocalCircles,Citizens Engagement Platform,nan,Noida,Anand Mahindra,Private Equity,N/A,N/A||
2144,11/12/15,GetFocus,Indoor Navigation & Analytics Solutions,nan,Mumbai,Undisclosed investors,Seed Funding,N/A,||
2145,11/12/15,UrbanClap,Hyperlocal On-Demand Household Services platform,nan,Gurgaon,Ratan Tata,Private Equity,N/A,N/A||
"2146,11/12/15,OnlineRTI,Online RTI application services,nan,Bangalore,""LetsVenture, Mohandas Pai"",Seed Funding,""1,50,000"","||
2147,11/12/15,Powerstores,ECommerce Website Creation SAAS platform,nan,Goa,Extreme Venture Partners\\xc2\\xa0 William Bissell,Seed Funding,N/A,||
"2148,11/12/15,Weddingz.in,Wedding Venues & Vendors Marketplace,nan,Mumbai,""Rajan Anandan, Zoya Akhtar, Reema Kagati, Ruchi Narain, Amrish Kumar, Hrishikesh Parandekar"",Seed Funding,""10,00,000"","||
"2149,11/12/15,Intelligent Interfaces,Interface development platform for Government officials,nan,Bangalore,""Sachin Bansal, Binny Bansal"",Seed Funding,N/A,Yet to Launch platform"||
"2150,14/12/15,Capricoast,Modular Furnishings Marketplace,nan,Bangalore,""Accel Partners India, RB Investments"",Private Equity,""35,00,000"",Series A"||
2151,14/12/15,JetSetGo,Private Jet Bookings Marketplace,nan,Bangalore,Puneet Dalmia,Private Equity,N/A,N/A||
"2152,14/12/15,Cabsguru,Cab search Comparison & Booking platform,nan,New Delhi,Prashanth Ranganathan,Seed Funding,""2,00,000"","||
"2153,14/12/15,Whoop,Performance Optimization Platform for athletes,nan,Boston,Infosys,Private Equity,""30,00,000"",Series A"||
"2154,15/12/15,BookEventz,Event Venue Booking Platform,nan,Mumbai,""Mumbai Angels, Singapore Angel Network, Zishaan Hayath"",Seed Funding,N/A,"||
"2155,15/12/15,Deal Street Asia,Digital Media Platform,nan,Singapore,""Vijay Shekhar Sharma, Singapore Angels Network"",Seed Funding,N/A,"||
"2156,15/12/15,Streamoid,visual search and discovery platform,nan,Bangalore / Palo Alto,Undisclosed,Seed Funding,""10,00,000"","||
"2157,16/12/15,Housejoy,Home services marketplace,nan,Bangalore,""Amazon, Vertex Ventures, Qualcomm, Ru-Net Technology Partners, Matrix Partners"",Private Equity,""2,25,00,000"",Series B"||
"2158,16/12/15,Bluebirch,End to End reverse logistics Solution platform,nan,Bangalore,""Chicago Capital Ventures, Sanjay Mehta, Others"",Seed Funding,""20,00,000"","||
"2159,16/12/15,MeraDoctor,Virtual Health consultation app,nan,Mumbai,Unilazer,Private Equity,""12,00,000"",Pre-Series A"||
"2160,16/12/15,STAGE 3,Online Renting platform,nan,New Delhi,""Nisha Sharma, Puneet Dalmia, Balaji Prabhakar"",Seed Funding,N/A,"||
"2161,17/12/15,Rivigo,Logistics Services Provider,nan,Gurgaon,SAIF Partners and others,Private Equity,""3,00,00,000"",Series B (includes Debt financing)"||
"2162,17/12/15,Springboard,Data Science & UX design Learning platform,nan,Bangalore,""Allen Blue, John Katzman, Naveen Tewari, Kartik Hosanagar, Kashyap Deorah, 500 Startups, Blue Fog Capital"",Seed Funding,""17,00,000"","||
2163,17/12/15,Eatfresh,Online marketplace for Chef Meals,nan,Bangalore,Kalaari Capital,Private Equity,N/A,N/A||
"2164,18/12/15,Ampere Vehicles,Electric Bike Manufacturers,nan,Coimbatore,Kris Gopalakrishnan & Others,Seed Funding,""12,00,000"","||
2165,18/12/15,Focus Digit,ECommerce platform solutions,nan,New Delhi,Turning Ideas,Seed Funding,N/A,||
2166,18/12/15,The News Minute,Online Media Publication,nan,Bangalore,Quintillion Media,Seed Funding,N/A,||
"2167,18/12/15,CBREX,International Hiring Platform,nan,Mumbai / NY,""Prahlad Rao, Sundara Rajan, Vikram Chachra"",Seed Funding,""2,00,000"","||
"2168,21/12/15,TruckMandi,Logistics Service Provider Marketplace,nan,New Delhi,""Ritesh Dwivedy, Ramakant Sharma, Mount Nathan Advisors"",Private Equity,""20,00,000"",Pre-Series A"||
"2169,21/12/15,Peppertap,Hyperlocal\\xc2\\xa0 Grocery Delivery Service,nan,Gurgaon,Innoven Capital,Private Equity,""40,00,000"",part of $40M Series B round"||
"2170,21/12/15,KOOH Sports,Sports Education Platform,nan,Mumbai,""TCS, HDFC, Faering Capital, Elevate Sports"",Private Equity,""20,00,000"",Series A"||
"2171,22/12/15,RentOnGo,""Bike, Appliances Renting marketplace"",nan,Bangalore,""Anand Chandrasekaran, Rajesh Sawhney, Kalpana Tatavarti, Shivanandan Pare"",Seed Funding,N/A,"||
"2172,22/12/15,Industrybuying,Online Marketplace for Industrial Goods,nan,New Delhi,""Murugappa Group, TVS Group, Vellayan Subbiah, Arathi Krishna, Arun Venkatachalam"",Seed Funding,N/A,"||
2173,22/12/15,Zapr,Reward points mobile app,nan,Gurgaon,Dinesh Agarwal,Seed Funding,N/A,||
"2174,22/12/15,LatestOne,Mobile accessories online store,nan,Hyderabad,Palred Technologies Ltd,Private Equity,""30,00,000"",Additional investment from parent company"||
2175,22/12/15,PlanetGogo,Content Discovery & reward points platform,nan,Gurgaon,HT Digital Media Holdings Ltd,Seed Funding,N/A,||
"2176,22/12/15,Arya.ai,Artificial Intelligence platform,nan,Mumbai,""YourNest Angel Fund, Venture Nursery"",Private Equity,""7,50,000"",Series A"||
"2177,22/12/15,Doctor Insta,Medical Consultation & Doctor appointment booking platform,nan,Gurgaon,""Rishi Parti, BrahmaX Ventures"",Private Equity,""5,00,000"",pre-Series A"||
"2178,22/12/15,MobieFit,Mobile Fitness App,nan,Goa,Medi Assist,Private Equity,""10,00,000"",Strategic Investment"||
"2179,23/12/15,LafaLafa,""Digital Coupons, Deal & Cashback aggregator app"",nan,Mumbai,Vectr Ventures,Private Equity,N/A,N/A"||
"2180,23/12/15,Mech Mocha,Mobile Game development & Design platform,nan,Bangalore,""Blume Ventures, Flipkart"",Seed Funding,""10,00,000"","||
"2181,23/12/15,Shotang.com,B2B eCommerce Marketplace,nan,Bangalore,""Exfinity Venture Partners, Unitus Impact Livelihoods Fund"",Private Equity,""50,00,000"",Series A"||
2182,23/12/15,CityFurnish,Furniture and appliances rental platform,nan,Gurgaon,Jitendra Gupta,Seed Funding,N/A,||
"2183,24/12/15,Black White Orange,B2B Merchandize platform,nan,Mumbai,Collaborative Licensing Ventures LLP,Seed Funding,""3,03,000"","||
"2184,24/12/15,Kolabro,Real Estate focused Tech platform,nan,Gurgaon,""Umang Kumar, Ruchir Arora & others"",Seed Funding,N/A,"||
"2185,24/12/15,Canvera,Photographer Online search & booking platform,nan,Bangalore,Info Edge (India) Ltd,Private Equity,""22,00,000"",N/A"||
"2186,28/12/15,Town Essentials,Grocery Delivery platform,nan,Bangalore,""Sharad Hegde, Girish Reddy, Siddharth Patil, Shrikant Patil"",Seed Funding,""10,00,000"","||
"2187,28/12/15,Bumper,Mobile Car Servicing appointment app,nan,Bangalore,SAIF Partners,Seed Funding,""5,00,000"","||
"2188,29/12/15,Hotify,New Curation Mobile App,nan,Bangalore,Mahavir Pratap Sharma,Seed Funding,""1,50,000"","||
"2189,29/12/15,MobiKwik,Mobile Wallet,nan,Gurgaon,""Sequoia Capital, Tree Line Asia, Innoven Capital"",Private Equity,""66,00,000"",Additional Funding"||
2190,30/12/15,Intelligent Interfaces,Interface development platform for Government officials,nan,Bangalore,Yuvraj Singh,Seed Funding,N/A,Yet to Launch||
"2191,02/11/15,Twigly,Online Food Ordering & Delivery platform,nan,Gurgaon,""Amit Gupta, Sahil Barua, Mukul Singhal, Tracxn Labs"",Seed Funding,""2,00,000"","||
"2192,02/11/15,CityFlo,Bus Aggregation and rental mobile app,nan,Mumbai,IDG Ventures,Seed Funding,""7,50,000"","||
2193,03/11/15,Findyahan,hyperlocal online Services platform,nan,Noida,Times Group Brand Capital,Private Equity,N/A,Bridge funding||
2194,03/11/15,Sabse,WiFi \xe2\x80\x93 first Cloud communication platform,nan,Mumbai,Ratan Tata,Private Equity,N/A,N/A||
"2195,03/11/15,Pokkt,Alternate Mobile Monetization platform,nan,Mumbai,""Segnel Venture, Shinji Kimura, Sundar Chanrai, JAFCO Asia, SingTel\\xe2\\x80\\x99s Innov8, Jungle Ventures, K Ganesh"",Private Equity,""50,00,000"",Series B"||
"2196,03/11/15,oibanit,Online Food Ordering Marketplace,nan,Vadodara,""Varun Ahuja, Anubhav Verma"",Seed Funding,""1,50,000"","||
"2197,03/11/15,Stuffed,Quick Service Restaurant & Online Delivery,nan,Mumbai,Riqueza Capital,Seed Funding,""3,85,000"",Funding happened in Sept 2015"||
"2198,03/11/15,LoanBaba,Online Loans Marketplace,nan,Mumbai,N/A,Seed Funding,""3,20,000"","||
"2199,03/11/15,Deyor Rooms,Budget Hotels Aggregator,nan,New Delhi,Dheeraj Jain & Others,Seed Funding,""5,00,000"","||
"2200,03/11/15,Bidgely,Efficient Energy Management platform,nan,USA/India,""Constellation Technology Ventures (Exelon Corporation), E.ON, RWE, Khosla Ventures"",Private Equity,""1,66,00,000"",Series B"||
"2201,04/11/15,Shirsa Labs,Digital Intelligent learning platform,nan,Mumbai,ah! Ventures,Seed Funding,""2,50,000"","||
2202,04/11/15,Paytunes,Voice Call incentivization mobile app,nan,New Delhi,CIO Angel Network,Seed Funding,N/A,||
"2203,04/11/15,YourDOST,Online Counselling and psychological support platform,nan,Gwalior,""Phanindra Sama, Aprameya Radhakrishna, Aneesh Reddy, Neeraj Jawalkar, Sanjay Anandaram, Pavan Ongole, Venk Krishnan"",Seed Funding,""4,00,000"","||
"2204,05/11/15,BookMyBai,Domestic Help Aggregation platform,nan,Mumbai,Vineel Nalla & Others,Seed Funding,""1,50,000"","||
"2205,05/11/15,MyIndianStay,Home Stay & room rentals platform,nan,Goa,Undisclosed investors,Seed Funding,""2,00,000"","||
2206,05/11/15,Bobble,Selfie Mobile App,nan,New Delhi,SAIF Partners & others,Private Equity,N/A,Series A||
2207,06/11/15,RepUp,Online Reputation Management Platform,nan,Gurgaon,Indian Angel Network,Seed Funding,N/A,||
"2208,06/11/15,Satvacart,Online Grocery platform,nan,Gurgaon,Undisclosed HNIs,Private Equity,""18,00,000"",Pre-Series A Bridge"||
"2209,06/11/15,POPxo.com,Online content platform for women,nan,New Delhi,""IDG Ventures India, Kalaari Capital, 500 Startups"",Private Equity,""20,00,000"",Series A"||
"2210,06/11/15,SparesHub,Online Vehicle Spare Parts etailer,nan,Pune,""Hyderabad Angels, M&S Partners"",Seed Funding,""4,60,000"",Pre-Series A"||
"2211,06/11/15,Explara,Event Ticketing platform,nan,Pune,""Hyderabad Angels, Singapore Angel Network, Ness Wadia"",Private Equity,""4,90,000"",Pre-Series A"||
2212,06/11/15,Soothe Healthcare,affordable Personal Healthcare Products,nan,Noida,Saina Nehwal,Seed Funding,N/A,2nd seed funding||
"2213,06/11/15,Yuvi Hospitality,Premium dining Lounges & restaurants,nan,Gurgaon,Chandralekha Construction Pvt. Ltd.,Private Equity,""1,50,00,000"",Series A"||
"2214,09/11/15,AppVirality,Mobile Growth Hacking\\nPlatform,nan,Hyderabad,""Rajan Anandan, Mike Galgon, Ravi Gururaj, Ashim Mehra,\\xc2\\xa0 Mohit Saxena, Internet Group, TNN Capital and others"",Seed Funding,""5,00,000"",Pre-Series A"||
"2215,09/11/15,iStar Skill Development,Skill Training Startup,nan,Bangalore,""Michael & Susan Dell Foundation, Unitus Seed Fund"",Private Equity,""15,00,000"",Series A"||
"2216,09/11/15,BigStylist.com,Beauty and Wellness Marketplace,nan,Mumbai,Info Edge,Private Equity,""10,00,000"",Pre-Series A"||
"2217,09/11/15,Zilingo,Marketplace App for Bangkok,nan,Bangalore/ Bangkok,""Sequoia India, BEENEXT Ventures, Kunal Shah & Sandeep Tandon"",Private Equity,""19,00,000"",Series A"||
"2218,09/11/15,Didi,On-demand Maids Service Provider,nan,Mumbai,""Jozef Bardik, Leo Wang Sangeeth Ram"",Seed Funding,""1,50,000"","||
"2219,09/11/15,Skoov.com,eCommerce Product Search Engine,nan,Mumbai,undisclosed investor,Seed Funding,""1,50,000"","||
"2220,10/11/15,Chefs Basket,Ready to cook packaged Foods,nan,Mumbai,""SAIF Partners, Haresh Chawla"",Private Equity,""60,00,000"",Series A"||
2221,11/11/15,Gingercrush,Product Customization Platform,nan,Vadodara,TV Mohandas Pai\\xe2\\x80\\x99s family office,Seed Funding,N/A,||
"2222,11/11/15,Delight Foods,Branded Food products online sales,nan,Bangalore,""Lensbridge Capital, Mape Advisory Group, Fireside Ventures"",Private Equity,""6,00,000"",Series A"||
"2223,11/11/15,6Degree,Talent platform for Fashion professionals,nan,Goa/Hyderabad,""Centre For Incubation & Business Acceleration (CIBA), Goa"",Seed Funding,N/A,"||
"2224,11/11/15,RenewBuy,Auto Insurance Online platform,nan,Gurgaon,Mount Nathan Advisors Pte Ltd,Seed Funding,""5,00,000"","||
2225,11/11/15,Grab,Hyperlocal Logistics Service Provider,nan,Mumbai,Sixth Sense Ventures,Seed Funding,N/A,||
"2226,12/11/15,Hitwicket,Cricket Management Mobile Game,nan,Hyderabad,Chennai Angels,Seed Funding,""2,50,000"","||
"2227,13/11/15,Flashdoor,On Demand Laundry Service platform,nan,Bangalore,""Sujeet Kumar, Ankit Nagori, Traxcn Labs"",Seed Funding,N/A,"||
"2228,16/11/15,Cashkaro.com,Ecommerce Discount & Cashback coupons platform,nan,Gurgaon,Kalaari Capital,Private Equity,""37,00,000"",Series A"||
"2229,16/11/15,Absentia,Virtual Reality Headset creator,nan,Bangalore,""Astarc Ventures, 50K Ventures & others"",Seed Funding,""1,80,000"","||
2230,16/11/15,Renowala,Home Improvement Service platform,nan,Hyderabad,Logtally,Seed Funding,N/A,||
"2231,16/11/15,TaskBucks,mobile-only tasks marketplace,nan,New Delhi,Times Internet,Private Equity,""1,50,00,000"",Strategic Investment"||
"2232,17/11/15,CraftsVilla,Women Ethnic Wear\\xc2\\xa0 Online Marketplace,nan,Mumbai,""Sequoia India, Lightspeed Venture Partners, Nexus Venture Partners, Global Founders Capital, Apoletto"",Private Equity,""3,40,00,000"",Series C"||
"2233,17/11/15,Julia Computing,Numerical Computing & Data Science Platform,nan,Bangalore,Gordon and Betty Moore Foundation,Seed Funding,""6,00,000"","||
"2234,17/11/15,StyleTag,Designer fashion Jewellery Marketplace,nan,Bangalore,Jitu Virwani,Seed Funding,""75,00,000"","||
"2235,17/11/15,Smytten,Online Products Discovery Platform,nan,Gurgaon,""Rimpal Chawla, Anuj Srivastava"",Seed Funding,""2,00,000"","||
"2236,17/11/15,BiBox,Kids Tool kit for Innovation platform,nan,Bangalore,Ravi Krishnamurthy,Seed Funding,""5,30,000"","||
"2237,17/11/15,Convegenius,Mobile Learning Solutions,nan,Noida / Singapore,Enablers platform,Seed Funding,""3,00,000"","||
"2238,18/11/15,Ola,Car Aggregator & Retail Mobile App,nan,Bangalore,""Baillie Gifford, Falcon Edge Capital, Tiger Global, SoftBank Group, DST Global, Didi Kuaidi"",Private Equity,""50,00,00,000"",Series F ( More Details Here)"||
"2239,18/11/15,Goodbox,conversational commerce mobile app,nan,Bangalore,Nexus Venture Partners,Private Equity,""25,00,000"",Series A"||
"2240,18/11/15,ScoopWhoop,Viral Content web Platform,nan,New Delhi,Kalaari Capital,Private Equity,""40,00,000"",Series A"||
"2241,18/11/15,Hipship,Express local delivery platform,nan,Bangalore,""Inara Capital , Rishi Khiani"",Seed Funding,N/A,"||
2242,18/11/15,Pickrr,On-Demand Local Logistics provider,nan,New Delhi,Palaash Ventures,Seed Funding,N/A,||
"2243,18/11/15,Truelancer,Curated Freelancer Marketplace,nan,New Delhi,""Blackstone Valley Group, Raghu Vohra, Aditya Dev Sood, Kamal Bansal"",Seed Funding,N/A,"||
2244,19/11/15,AHA Taxis,Online Taxi Rental Platform,nan,Noida,ah! Ventures,Seed Funding,N/A,||
"2245,19/11/15,UrbanClap,Mobile Services Marketplace,nan,Gurgaon,""Bessemer Venture Partner, Accel, SAIF Partners"",Private Equity,""2,50,00,000"",Series B"||
"2246,19/11/15,SenseGiz,Smartwatch Maker,nan,Belgaum,Karnataka Semiconductor Venture Capital firm,Seed Funding,""5,00,000"","||
"2247,19/11/15,PlaceofOrigin,Online Gourmet Food Marketplace,nan,Bangalore,""S.D. Shibulal, Kris Gopalakrishnan, Srinath Batni, Professor Tarun Khanna,\\xc2\\xa0 Ganapathy Venugopal."",Seed Funding,N/A,"||
"2248,19/11/15,Fourseven,Online Jewellery etailer,nan,New Delhi,Indian Angel Network,Seed Funding,""4,55,000"","||
"2249,20/11/15,MindTickle,Sales & Productivity Software,nan,Pune / US,New Enterprise Associates,Private Equity,""1,25,00,000"",Series A"||
"2250,20/11/15,Shopsense,ecommerce related software product platform,nan,Mumbai,""Kae Capital, Kunal Bahl, Rohit Bansal"",Seed Funding,N/A,Pre-Series A"||
"2251,20/11/15,Medinfi,Health-Tech platform,nan,Bangalore,""Ram Kumar Kakani, Pradeep K Jaisingh, Sunil T V, Vijay Ghadge, Hemant Kaul, Gurmeet Chahal & Others"",Seed Funding,""3,05,000"","||
"2252,20/11/15,OUWT,Nightlife Discovery Mobile App,nan,Mumbai,Undisclosed investors,Seed Funding,""1,50,000"","||
"2253,20/11/15,HeyPillow,Online Real Estate Marketplace,nan,Bangalore,Hampton Capital,Private Equity,""30,00,000"",Series A"||
"2254,21/11/15,Healers At Home,""Home Healthcare Services platform,"",nan,New Delhi,""Daljit Singh, Dr. Pramath Raj Sinha, BVR Mohan Reddy"",Seed Funding,N/A,"||
"2255,21/11/15,Caravan Craft,Indian Ethnic Crafts Etailer,nan,Bangalore,""Unitus Seed Fund, Bijou Kurien, Narayan Ramachandran"",Private Equity,""12,00,000"",Series A"||
"2256,21/11/15,Talkoot,Social platform for traders and investors,nan,Bangalore,Undisclosed investors,Seed Funding,""1,00,000"","||
"2257,23/11/15,RentoMojo,""Online Furniture, Home Appliances Rental Platform"",nan,Bangalore,""IDG Ventures India,\\xc2\\xa0 Accel Partners India"",Private Equity,""20,00,000"",Series A"||
"2258,23/11/15,Medikoe,Healthcare Services Discovery platform,nan,Bangalore,Anil Menon,Seed Funding,""1,00,000"","||
"2259,24/11/15,Stylofie,Health and Beauty Services Marketplace,nan,Gurgaon,Swastika,Seed Funding,""2,50,000"","||
2260,24/11/15,ServX,Automotive Services platform,nan,New Delhi,Manish Gupta,Seed Funding,N/A,||
"2261,24/11/15,Naaptol,Online and TV Shopping Marketplace,nan,Mumbai,""Mitsui & Co., New Enterprise Associates, Canaan Partners, Silicon Valley Bank"",Private Equity,""5,20,00,000"",Late Stage"||
2262,24/11/15,Crayon Data,Big Data Analytics Platform,nan,Chennai/ Singapore,Ratan Tata,Private Equity,N/A,N/A||
"2263,25/11/15,EarlySalary.com,Mobile App based Loan disbursement platform,nan,Mumbai,Ashok Agarwal,Seed Funding,""15,00,000"","||
"2264,25/11/15,Tooler,On Demand Laundry Services App,nan,New Delhi,""Raghu Khanna, Sameer Gupta"",Seed Funding,""1,10,000"","||
"2265,25/11/15,S Chand,Education Content Provider,nan,New Delhi,IFC Everstone Group,Private Equity,""2,70,00,000"",N/A"||
2266,26/11/15,Stelae,Content Management Software Solutions,nan,Chennai,Earlsfield Capital,Private Equity,N/A,Pre-Series A||
"2267,26/11/15,GoQii,Fitness Tracking Management Solutions,nan,Mumbai,""New Enterprise Associates, Cheetah Mobile"",Private Equity,""1,34,00,000"",Series B"||
"2268,26/11/15,Grofers,Hyper-local Grocery Delivery platform,nan,Gurgaon,""Softbank, Tiger Global, Sequoia Capital, Apoletto Managers"",Private Equity,""12,00,00,000"",Late Stage"||
"2269,26/11/15,Pluss,Hyperlocal healthcare product Delivery Service provider,nan,Gurgaon,""IDG Ventures, M & S partners, Powerhouse Ventures (USA)."",Private Equity,""10,00,000"",Pre-Series A"||
"2270,26/11/15,KountMoney,Online Lending Marketplace,nan,Bangalore,""Tracxn, Ashish Goenka & Others"",Seed Funding,N/A,"||
"2271,27/11/15,StayGlad,On Demand Beauty Services Platform,nan,Bangalore,""Bessemer Venture Partners, Anil Chopra"",Private Equity,N/A,Series A"||
"2272,27/11/15,JustRide,Self Driven Rental Car Platform,nan,Mumbai,N/A,Private Equity,""20,00,000"",Pre-Series A bridge round"||
2273,27/11/15,Fastudent,Education Content etailer,nan,Noida,Ashish Gupta,Seed Funding,N/A,||
2274,27/11/15,LearnOn,Clud based Learning platform,nan,Chennai,JMR Infotech India Pvt Ltd,Seed Funding,N/A,||
2275,27/11/15,Talentrack,Talent Exchange & Talent Services Marketplace,nan,New Delhi,Unigrowth Inc,Seed Funding,N/A,||
"2276,28/11/15,M-TAXI,Two-Wheeler Taxi Service,nan,Gurgaon,""Mandeep Singh, Jairaj Singh"",Seed Funding,N/A,"||
"2277,30/11/15,Baxi,Two-Wheeler Taxi Service,nan,Gurgaon,""Manish Kheterpal, Alok Mittal,\\xc2\\xa0 Puneet Dalmia,"",Seed Funding,""14,50,000"","||
"2278,30/11/15,Superhero Brands,character merchandize sales platform,nan,Mumbai,DSG Consumer Partners,Seed Funding,""5,40,000"","||
2279,30/11/15,MoMagic,Mobile Application Developer,nan,New Delhi,FIH Mobile Ltd,Private Equity,N/A,Strategic Investment||
"2280,30/11/15,QikPod,Ecommerce Delivery locker services,nan,Bangalore,""Flipkart, Accel Partners, Delhivery, Foxconn"",Private Equity,""90,00,000"",Series A"||
2281,30/11/15,Butterfly Interactive,extra curricular activities marketplace app,nan,New Delhi,Undisclosed investors,Seed Funding,N/A,||
2282,30/11/15,Bro4U,Hyperlocal Online Home services provider,nan,Bangalore,Sargod Ventures,Seed Funding,N/A,||
"2283,01/10/15,Indifi,Easy Business Loans platform,nan,Gurgaon,""Accel Partners, Elevar Equity, Pramod Bhasin, Rajan Anandan, Gaurav Dalmia, Abhishek Goyal, Gagan Hasteer , Arun Tadanki"",Seed Funding,N/A,"||
2284,01/10/15,Wydr,Performance based Wholesale Marketplace,nan,New Delhi,Sandeep Aggarwal,Seed Funding,N/A,||
2285,01/10/15,EasyFix,Professional Services Marketplace,nan,Gurgaon,Axilor Ventures,Seed Funding,N/A,||
"2286,01/10/15,Muvizz,Movie-on-demand platform,nan,Singapore,""Ashish Todi, Abhinav Patodia, Kumar Shwetabh"",Seed Funding,""3,50,000"","||
2287,01/10/15,Abhibus,us ticketing and fleet management platform,nan,Hyderabad,Paytm (One97 communications),Private Equity,N/A,Strategic Investment||
2288,01/10/15,Cleartax,Online Income Tax Filing platform,nan,New Delhi,Paytm (One97 communications),Private Equity,N/A,N/A||
"2289,02/10/15,Shopalyst,Product discovery & recommendation platform,nan,Bangalore,Kalaari Capital,Private Equity,""20,00,000"",Series A"||
"2290,03/10/15,Chillr,Mobile Payments App,nan,Mumbai,Sequoia Capital,Private Equity,""60,00,000"",Series A"||
"2291,05/10/15,Nykaa,Beauty & Wellness Products e-tailer,nan,Mumbai,""Harsh Mariwala, Atul Nishar, Dalip Pathak, Michael Carlos"",Private Equity,""95,00,000"",Series B"||
"2292,05/10/15,Voylla,Fashion jewelry and accessories e-tailer,nan,Jaipur,Peepul Capital,Private Equity,""1,50,00,000"",Series B"||
"2293,05/10/15,IndiaLends,Online Consumer Lending platform,nan,New Delhi,""DSG consumer Partners, Paragon Partners"",Private Equity,""10,00,000"",Pre-Series A Bridge round"||
"2294,05/10/15,Rock N Shop,Premium Apparel shopping portal,nan,New Delhi,High Networth Individuals (undisclosed),Seed Funding,""1,50,000"","||
"2295,06/10/15,DocPlexus,Exclusive Platform for Doctors & Healthcare professionals,nan,Pune,""Uniqorn ventures, ASP Consulting"",Seed Funding,""7,00,000"","||
"2296,06/10/15,WorkIndia,Job Board,nan,Mumbai,""Satyen Kothari, Keshav Sanghi, Riddhesh Gandhi & Others"",Seed Funding,""5,00,000"",Pre-Series A"||
"2297,06/10/15,SportzVillage,Sports Management & Physical Education Business,nan,Bangalore,Gaja Capital Private Equity Fund,Private Equity,""1,00,00,000"",Series B"||
2298,06/10/15,SportyBeans,multi-sport program for preschoolers,nan,Pune,YouWeCan Ventures,Seed Funding,N/A,||
"2299,06/10/15,Burger Singh,QSR & Online delivery portal,nan,Gurgaon,""Ashvin Chadha, Avtar Monga, Udaan Angels, Dheeraj Jain"",Seed Funding,""5,00,000"",Bridge Round"||
"2300,06/10/15,Welcome Cure,Online Homeopathy Clinic,nan,Mumbai,Unnamed Media house and HNIs,Private Equity,""60,00,000"",Pre-Series A"||
"2301,07/10/15,SchoolGuru,E-Learning Service Provider,nan,Mumbai,High Networth Individuals from India & USA,Private Equity,""30,00,000"",Series A"||
2302,07/10/15,Naturally Yours,Organic Food etailer,nan,Mumbai,Sanjay Mehta,Seed Funding,N/A,||
"2303,07/10/15,GoJavas,Delivery & Logistics Service provider,nan,Gurgaon,Snapdeal,Private Equity,""2,00,00,000"",Strategic Funding (Series C)"||
2304,07/10/15,Scandid,Product Discovery & comparison App,nan,Pune,Micromax Informatics,Private Equity,N/A,Strategic Funding||
"2305,07/10/15,StalkBuyLove,Online Apparels Fashion brand,nan,New Delhi,""Mato Peric, Peter Kabel & others"",Private Equity,N/A,Series A"||
"2306,08/10/15,ZuperMeal,Home Cooked Food marketplace & Delivery,nan,Mumbai,""Sanjeev Kapoor,\\xc2\\xa0 Ravi Saxena & Others"",Private Equity,""20,00,000"",Series A"||
"2307,08/10/15,Cube26,Gesture based Mobile Development,nan,New Delhi,""Tiger Global Management, Flipkart"",Private Equity,""77,00,000"",Series A"||
"2308,08/10/15,Mobikon,Hotel Mobile CRM Software platform,nan,Pune / Singapore,""Life.SREDA, Qualgro"",Private Equity,N/A,Series B"||
"2309,08/10/15,Grabhouse,Rental Accommodation Search platform,nan,Bangalore,Sequoia and Kalaari Capital.,Private Equity,""1,00,00,000"",Series B"||
"2310,08/10/15,Quifers,Logistics Tech Platform,nan,Mumbai,""Vikas Agarwal, Vishal Khare, Sanjeev Kakkar, Smile Group"",Seed Funding,""3,10,000"","||
"2311,09/10/15,Stockroom.io,Developer Portfolio Showcase platform,nan,Hyderabad,Undisclosed Investors,Seed Funding,""70,000"","||
2312,09/10/15,Curofy,Doctors Network Mobile App,nan,New Delhi,RoundGlass Partners,Private Equity,N/A,Pre-Series A||
"2313,09/10/15,Cloud Lending,End-to-End Lending platform,nan,Bangalore / San Mateo,SF Capital Group,Private Equity,""80,00,000"",Series A"||
"2314,09/10/15,Inayo,on-demand healthcare marketplace,nan,Mumbai,""Kemark Ventures, Amit Ranjan, Zishaan Hayath and Others"",Seed Funding,""3,00,000"","||
2315,09/10/15,WoNoBo,360-degree view creating platform,nan,Bangalore,Quikr,Private Equity,N/A,Strategic Funding||
"2316,09/10/15,Kulzy,Advertising & Marketing Community Networking platform,nan,New Delhi,""Seedfund, Bedrock Ventures"",Seed Funding,""10,00,000"","||
"2317,09/10/15,Zeppery,Food Ordering & Delivery App,nan,New Delhi,Suyash Sharma,Seed Funding,""77,000"","||
"2318,12/10/15,Zify,Ride Sharing platform,nan,Hyderabad,Sean O\\xe2\\x80\\x99Sullivan & Others,Seed Funding,""1,90,000"","||
2319,12/10/15,Faircent,Online P2P lending marketplace,nan,Gurgaon,Aarin Capital Partners,Private Equity,N/A,Series A||
2320,12/10/15,Bizongo,B2B marketplace for industrial goods,nan,Mumbai,Accel Partners,Seed Funding,N/A,||
"2321,12/10/15,Gridle,Cloud Based Collaboration platform,nan,Ahmedabad,LetsVenture,Seed Funding,""1,00,000"","||
"2322,12/10/15,Tripoto,global community for travellers,nan,New Delhi,""500 Startups, IDG Ventures & Advantedge fund, Neeraj Arora, Leon Seynave"",Private Equity,N/A,Series A"||
2323,12/10/15,Mubble,Prepaid Bill manager App,nan,Bangalore,Accel Partners,Private Equity,N/A,Series A||
"2324,13/10/15,Voodoo,Mobile Only Shopping Assistant,nan,New Delhi,SAIF Partners,Seed Funding,""10,00,000"","||
"2325,13/10/15,Lookup,Mobile Messaging Assistant App,nan,Bangalore,""Khosla Impact, Biz Stone, Catamaran Ventures, Global Founders Capital, European investment fund"",Private Equity,""25,00,000"",Series A"||
"2326,14/10/15,AskMyGift,Personalized Wish List creator app,nan,Noida,Turning Ideas,Seed Funding,""50,000"","||
2327,14/10/15,Gaana.com,Music Streaming mobile app,nan,Mumbai,Micromax Informatics Ltd,Private Equity,N/A,Strategic Funding||
"2328,14/10/15,Zappfresh,Raw Meat & Ready to eat food etailer,nan,Gurgaon,Undisclosed Investors,Seed Funding,""77,000"","||
"2329,14/10/15,GymTrekker,Gym Discovery platform,nan,Mumbai,""Dewang Neralla,Roopak Taneja, Manisha Gupta"",Seed Funding,N/A,"||
"2330,15/10/15,Bounty App,Online Purchase rewards app,nan,Bangalore,""Fireside Ventures, Mumbai Angels MAPE Advisory Group."",Seed Funding,N/A,"||
"2331,16/10/15,Homers.in,Home rental platform,nan,Gurgaon,""Devesh Rai G, Rajesh Aggarwal, Amitpal Bhutani"",Seed Funding,N/A,"||
2332,16/10/15,mShipper,Crowdsourced Delivery platform,nan,New Delhi,Vijai Laxmi,Seed Funding,N/A,||
2333,16/10/15,BolRealty,Real Estate Insights platform,nan,New Delhi,Manpreet Singh,Seed Funding,N/A,||
"2334,17/10/15,S-Cube Futuretech,Structural & Civil Engg Service Automation,nan,Mumbai,Parampara Capital,Private Equity,""10,00,000"",Series A"||
"2335,19/10/15,LetsVenture,Startup Funding Marketplace,nan,Bangalore,""Accel Partners, Anupam Mittal & other marquee investors"",Private Equity,N/A,Series A"||
"2336,19/10/15,Citrus Payment,Payments Solution platform,nan,Mumbai,""Sequoia Capital, Ascent Capital, eContext Asia, Beenos Asia"",Private Equity,""2,50,00,000"",Series C"||
"2337,19/10/15,Holidify,Travel Destination Discovery platform,nan,New Delhi,Aarti Group,Seed Funding,""1,00,000"","||
"2338,20/10/15,PrimaSeller,Order Fulfillment SAAS platform,nan,Bangalore,""Dr. Aniruddha Malpani Manish Gupta, M&S Partners & others"",Seed Funding,N/A,"||
"2339,20/10/15,Opinio,Last Mile Delivery Service,nan,Bangalore,""Delhivery, Sands Capital and Accel Partners"",Private Equity,""70,00,000"",Series A"||
"2340,20/10/15,Attune Technologies,Healthcare IT Solutions & services,nan,Chennai,""Qualcomm Venture, Norwest Venture Partners"",Private Equity,""1,00,00,000"",Series B"||
2341,20/10/15,iChef.in,Gourmet Meals Delivery,nan,Mumbai,Springboard Ventures,Private Equity,N/A,||
2342,21/10/15,Jiyo Natural,Healthy Meals Food delivery platform,nan,Bangalore,Indian Angel Network,Seed Funding,N/A,||
"2343,21/10/15,AgentDesks,Real Estate Mobile CRM,nan,New York/ India,""Sierra Ventures, Cota Capital, Vegas Tech Fund"",Seed Funding,""29,50,000"","||
"2344,21/10/15,White Owl Brewery,Micro-Brewery,nan,Mumbai,""Arihant Patni, RAAY Global Investments"",Private Equity,""15,30,000"",Series A"||
"2345,21/10/15,MealHopper,Home Made Food Marketplace,nan,Gurgaon,""Alok Bajpai, Rajnish Kumar, Amit Dey"",Seed Funding,""1,00,000"","||
"2346,21/10/15,Zenify.in,residential rental management platform,nan,Bangalore,""Atul Jalan, Shrikanth & Bharath"",Seed Funding,""6,40,000"","||
"2347,21/10/15,Stockal,Personalized Stock Intelligence Platform,nan,Bangalore,""R Natarajan, Mohan Alexander"",Seed Funding,N/A,"||
"2348,23/10/15,Medd,Personal Diagnostic Mobile App,nan,Mumbai,Group of Angel investors,Seed Funding,""1,50,000"",Bridge Round"||
"2349,23/10/15,Leaping Caravan,Online food ordering & Delivery service,nan,Gurgaon,Group of Angel investors,Seed Funding,""1,50,000"","||
"2350,23/10/15,Frsh,Online food ordering & Delivery service,nan,Gurgaon,""Mumbai Angels, Mayank Bhangdia, Kae Capital"",Private Equity,""10,00,000"",Bridge Round"||
"2351,23/10/15,Qik Stay,Hotel Aggregator & booking platform,nan,New Delhi,ID Enablers Pvt Ltd,Seed Funding,""2,50,000"","||
"2352,26/10/15,Parcelled,Online Logistics Platform,nan,Bangalore,Delhivery,Private Equity,""50,00,000"","||
"2353,26/10/15,AlmaMapper,Online Student & Campus Social Networking platform,nan,Ahmedabad,Oswal Techno Ventures LLP,Seed Funding,""4,00,000"","||
"2354,26/10/15,Flexing It,Professionals & Project Search Marketplace,nan,New Delhi,undisclosed private investors,Seed Funding,""5,00,000"","||
"2355,26/10/15,Netmeds.com,Online Pharmacy,nan,Chennai,""OrbiMed, Pradip Dadha Group"",Private Equity,""5,00,00,000"",Series A"||
"2356,26/10/15,Razorpay,Online Payment Gateway,nan,Jaipur,""Tiger Global Management, Matrix Partners"",Private Equity,""90,00,000"",Series A"||
2357,27/10/15,Jombay,Psychometric Test Online Software,nan,Pune,Ventureworks India,Private Equity,N/A,||
"2358,27/10/15,Happitoo,Location based Nightlife recommendation\\xc2\\xa0 Platform,nan,Mumbai,Unnamed investor,Seed Funding,""77,000"","||
"2359,27/10/15,Care24,Professional Health Services Platform,nan,Mumbai,India Quotient,Seed Funding,""3,50,000"","||
"2360,27/10/15,Roadrunnr,Hyperlocal Logistics Service,nan,Bangalore,""Sequoia Capital, Nexus Venture Partners"",Private Equity,""1,00,00,000"",Series B"||
"2361,27/10/15,Simpli5d,Online user engagement platform,nan,Gurgaon,""Redcliffe Capital, YourNest Angel Fund"",Private Equity,N/A,Bridge Funding"||
"2362,28/10/15,ORIGA Leasing,Asset Financing platform,nan,Mumbai,""ah! Ventures, 500 Startups & Other HNIs"",Seed Funding,""11,00,000"","||
"2363,28/10/15,Smartivity.in,Virtual Reality activity based learning platform,nan,New Delhi,S Chand and Co Pvt Ltd,Seed Funding,""2,00,000"","||
2364,28/10/15,UrDoorStep,Online Grocery Store,nan,Bangalore,Jupiter Capital,Private Equity,N/A,Series A||
2365,29/10/15,Tavaga,Investment management platform,nan,Mumbai,Tracxn Syndicate,Seed Funding,N/A,||
"2366,29/10/15,Moglix,Industrial Toons Marketplace,nan,Noida,""Accel Partner, Jungle Ventures"",Private Equity,N/A,pre-Series A"||
"2367,29/10/15,ZopHop,Public Commute helper App,nan,Mumbai,""Amit Singhal, PK Gulati & others"",Seed Funding,""4,50,000"","||
2368,30/10/15,Niki.ai,Artificial Intelligence Ecommerce Chatbot,nan,Bangalore,Unilazer Ventures,Seed Funding,N/A,||
2369,30/10/15,Instavans,Truck Aggregator & Logistics service,nan,Bangalore,Suresh Vaswani,Seed Funding,N/A,||
"2370,30/10/15,LiftO,Ridesharing Mobile app,nan,Mumbai,""Rajesh Bhatia, Dheeraj Mehta & Others"",Seed Funding,""1,30,000"","||
"2371,30/10/15,TinyOwl,Food Discovery & Delivery Mobile app,nan,Mumbai,""Sequoia Capital, Matrix Partners"",Private Equity,""75,00,000"",Series B"||
"2372,30/10/15,Toppr.com,Competitive exam learning platform,nan,Mumbai,InnoVen Capital,Private Equity,""20,00,000"",Series C"||
"2373,30/10/15,Kleeto,Document Digitization platform,nan,Gurgaon,GREX,Seed Funding,""2,30,000"",pre-Series A"||
"2374,30/10/15,BeaconsTalk,proximity marketing & Mobile Advertising platform,nan,Mumbai,Puneet Bhatia & others,Seed Funding,""80,000"","||
"2375,31/10/15,Jugnoo,Autorickshaw Aggregator & Booking platform,nan,Chandigarh,Paytm,Private Equity,""1,00,00,000"",Series B"||
"2376,01/09/15,TOFlo,FinTech Startup Incubation platform,nan,Mumbai,Tania Johny Palathinkal,Seed Funding,""1,00,000"","||
2377,01/09/15,FXMartIndia,Payment Services platform,nan,Chandigarh,Flipkart,Private Equity,N/A,Strategic Investment (Majority Stake)||
"2378,01/09/15,Stylecracker,Personalized Styling platform,nan,Mumbai,Group of HNI investors,Private Equity,""10,00,000"",Series A"||
"2379,01/09/15,Luxuryhues,Luxury goods\\xc2\\xa0 Shopping Platform,nan,Gurgaon,Reliance Capital,Private Equity,""9,00,000"",Series A"||
2380,02/09/15,HolaChef,Food Delivery Platform,nan,Mumbai,Ratan Tata,Private Equity,N/A,Part of Series A raised in June 2015||
"2381,02/09/15,Zivame,Online Lingerie Marketplace,nan,Bangalore,""Zodius Technology Fund, Khazanah Nasional Berhad"",Private Equity,""4,00,00,000"",Series C"||
"2382,02/09/15,Capillary Tech,Cloud software solutions,nan,New Delhi,""Warburg Pincus, Sequoia Capital, Norwest Venture Partners"",Private Equity,""4,50,00,000"",Series D"||
"2383,03/09/15,Jobspire,Job Search Platform,nan,Bangalore,Purvi Capital,Seed Funding,""2,60,000"","||
2384,03/09/15,MeraDoctor,Doctor consultancy Mobile App,nan,Mumbai,India Quotient & other investors,Seed Funding,N/A,||
"2385,03/09/15,Vistaar Finance,Small Business Financing (NBFC),nan,Bangalore,""WestBridge Capital, Omidyar Network, Elevar Equity, Saama Capital,\\xc2\\xa0 Lok Capital"",Private Equity,""4,00,00,000"","||
2386,03/09/15,HiJinny,Beauty & Wellness Services Marketplace,nan,Mumbai,CMYK Health Boutique Pvt Ltd & Other individual investors,Seed Funding,N/A,||
"2387,04/09/15,Clapsnslaps,Online Movie Review Platform,nan,Mumbai,R M Picture Company Pvt. Ltd.,Seed Funding,""1,50,000"","||
"2388,04/09/15,Blubox,ECommerce Brands\\xe2\\x80\\x99 Full Service Agency,nan,Mumbai,Ashish Jhalani,Seed Funding,""1,00,000"","||
"2389,04/09/15,RoomCentral,Cloud-based Hotel Booking Platform,nan,Bangalore,Karanpal Singh,Seed Funding,""20,00,000"","||
"2390,07/09/15,YouthKiAwaaz,Community Driven News/Views Platform,nan,New Delhi,""Raghav Bahl, Ritu Kapur"",Seed Funding,""6,00,000"","||
"2391,07/09/15,Prozo,Study Material Marketplace,nan,New Delhi,""Nalin Jain, Shomil Pant, Dinesh Kundu & others"",Seed Funding,""2,05,000"","||
"2392,07/09/15,Zomato,Restaurant Ratings & Reviews platform,nan,Gurgaon,""Temasek, Vy Capital"",Private Equity,""6,00,00,000"",Late Stage"||
"2393,07/09/15,Sahayog Dairy,Dairy Based Product Manufacturer,nan,Bhopal,Acumen Fund,Private Equity,""18,00,000"",Series A"||
"2394,08/09/15,MockBank,Government Test Preparation platform,nan,Bangalore,Blume Ventures,Seed Funding,""4,00,000"","||
2395,08/09/15,ReportBee,Smart Report Cards for Schools,nan,Chennai,India Educational Investment Fund,Seed Funding,N/A,||
2396,08/09/15,GuruG Learning,Teacher empowerment platform,nan,Bangalore,India Educational Investment Fund,Seed Funding,N/A,||
"2397,10/09/15,OnlineTyari,Multilingual Test Preparation Platform,nan,Gurgaon,""500 Startups, TV Mohandas Pai, Tandem Capital, Vikram Chachra, Aloke Bajpai"",Private Equity,""7,70,000"",Series A"||
"2398,10/09/15,IndustryBuying,Industrial Tools Marketplace,nan,New Delhi,""Kalaari Capital, SAIF Partners, Beenextan investment fund"",Private Equity,""92,00,000"",Series B"||
"2399,10/09/15,The/Nudge Foundation,Non Profit Organization to alleviate poverty,nan,Bangalore,""Nanadan Nilekani, InMobi, Paytm"",Seed Funding,""3,15,000"","||
"2400,11/09/15,FitMeIn,Gym & Fitness Studios Subscription platform,nan,New Delhi,Green House Ventures,Seed Funding,""1,00,000"","||
"2401,11/09/15,Envoged,pre-used luxury item Marketplace,nan,Mumbai,""Ankush Nijhawan, Manish Dhingra, Gaurav Bhatnagar"",Seed Funding,N/A,"||
"2402,11/09/15,Zapyle,pre-used apparel shopping mobile app,nan,Bangalore,N/A,Seed Funding,""10,00,000"","||
2403,11/09/15,Renomania,Home Design & D\\xc3\\xa9cor platform,nan,New Delhi,Subodh Gupta,Seed Funding,N/A,||
"2404,12/09/15,CredR,Used Vehicles Marketplace,nan,Mumbai,Eight Road Ventures,Private Equity,""1,50,00,000"",Series A"||
2405,12/09/15,YatraGenie,Online Bus & Cab ticketing platform,nan,Hyderabad,Ash Bhardwaj,Private Equity,N/A,Series A||
"2406,14/09/15,CanvasFlip,Mobile App testing platform,nan,Hyderabad,Bessemer Venture Partners,Seed Funding,""12,00,000"","||
"2407,14/09/15,Shadowfax,Hyperlocal Delivery Services,nan,Gurgaon,Eight Roads Ventures,Private Equity,""90,00,000"",Series A"||
"2408,14/09/15,UE Life Sciences,Early Cancer Detection Solutions,nan,US/India,""Aarin Capital, Unitus Seed Fund"",Private Equity,""30,00,000"",Series A"||
"2409,14/09/15,Ola Cabs,Cab rental Mobile app,nan,Bangalore,""Falcon Edge Capital, NY based Hedge Fund, Tiger Global, Softbank"",Private Equity,""22,50,00,000"",Late Stage"||
"2410,15/09/15,Coverfox,Online Insurance Distribution Platform,nan,Mumbai,Cataraman Ventures,Private Equity,""20,00,000"",Part of $12M Series B funding"||
"2411,15/09/15,MoEngage,Mobile Marketing Automation Platform,nan,Bangalore,""Helion Venture Partners, Exfinity Ventures"",Private Equity,""42,50,000"",Series A"||
2412,15/09/15,Mubble,Prepaid Mobile Bill Manager App,nan,Bangalore,Nandan Nilekani,Seed Funding,N/A,||
"2413,15/09/15,Tea Trails,Chain of Tea Caf\\xc3\\xa9\\xe2\\x80\\x99s,nan,Mumbai,""Anil Matai, Vikram Tandon, Shyam Sundar R & others"",Seed Funding,""10,00,000"","||
"2414,15/09/15,Room on Call,Branded Budget Hotel Marketplace,nan,Noida,Payal Syal,Seed Funding,""3,00,000"","||
2415,15/09/15,FYNE,Home Fitting & Fixtures Marketplace,nan,Bangalore,Sandeep Dama & Others,Seed Funding,N/A,Pre-Series A||
"2416,16/09/15,ChaiPoint,Food Subscription platform,nan,Bangalore,Eight Roads Ventures,Private Equity,""1,00,00,000"",Series A"||
"2417,16/09/15,WedmeGood.com,Wedding Planning Platform,nan,Gurgaon,Indian Angel Network,Seed Funding,""4,10,000"","||
"2418,16/09/15,XSTOK,B2B Mobile Auction Marketplace,nan,Mumbai,Oliphans Capital,Seed Funding,""4,50,000"","||
2419,17/09/15,UniLog,ECommerce Data Analytics Platform,nan,Bangalore,Kalaari Capital,Private Equity,N/A,||
2420,17/09/15,Paintcollar,Designer Merchandize Marketplace,nan,Mumbai,Applyifi,Seed Funding,N/A,Bridge Funding||
"2421,17/09/15,YepMe,Private label Fashion eTailer,nan,Gurgaon,""Khazanah Nasional Berhad, Helion Venture Partners"",Private Equity,""7,50,00,000"",Series D"||
"2422,17/09/15,Bueno,Online Food ordering & delivery,nan,Gurgaon,High Networth Individuals (No details),Seed Funding,""6,00,000"","||
"2423,18/09/15,Plabro,Real Estate Broker Platform App,nan,New Delhi,""Sachin Bansal & Binny Bansal, Sol Primero, Outbox Ventures, Sangram Singh"",Seed Funding,""3,50,000"","||
"2424,18/09/15,CureJoy,Online Health & Wellness platform,nan,Bangalore,""Accel Partners, Subrata Mitra, Larry Braitman, Venk Krishna"",Private Equity,""11,50,000"",Pre-Series A"||
"2425,18/09/15,Briston Technomach,Internet of Things platform,nan,New Delhi,Undisclosed,Seed Funding,""1,50,000"","||
"2426,18/09/15,LabStreet,Diagnostic Labs aggregator platform,nan,Gurgaon,Multiple investors,Seed Funding,""1,50,000"","||
"2427,19/09/15,DailyNinja,Hyperlocal Delivery Platform,nan,Bangalore,""Aprameya Radhakrishna, Naman Sarawagi, Afsal Salu,"",Seed Funding,N/A,"||
"2428,21/09/15,Portea Medical,Home Medical Care Services,nan,Bangalore,""Accel Partners, International Finance Corporation (IFC), Qualcomm Ventures, Ventureast"",Private Equity,""3,75,00,000"","||
"2429,21/09/15,Neotrade Analytics,Real-Time stock data platform,nan,Bangalore,Rainmatter,Seed Funding,""2,35,000"","||
"2430,21/09/15,DishCo,Food discovery & table booking app,nan,Mumbai,""Anand Mahindra, Uday Punj, Ashish Hemrajani, Sanjeev Mehra"",Seed Funding,N/A,"||
"2431,21/09/15,LafaLafa,coupons and cashback aggregator app,nan,Mumbai,500 Startups,Seed Funding,""1,25,000"",thru Accelerator"||
2432,21/09/15,ConnectAbank,Financial Products lead generation platform,nan,Mumbai,Prakhar Bumb,Seed Funding,N/A,||
"2433,22/09/15,VillFarm,Sustainable Agri-inputs Firm,nan,Bangalore,""Unitus Seed Fund, Rianta Capital, R Ramaraj, Sunil Edwards"",Seed Funding,N/A,"||
"2434,22/09/15,Bestdealfinance,Financial Services Portal,nan,Mumbai,""Kalaari Capital, YourNest Angel Fund"",Private Equity,""30,00,000"",Series A"||
2435,22/09/15,GameXS.in,Pre-owned games Marketplace,nan,New Delhi,Lead Angels,Seed Funding,N/A,||
"2436,22/09/15,The Man Company,Content-based Subscription eCommerce platform,nan,New Delhi,""Karan Bajwa, Amanpreet Bajaj, Manish Vij"",Seed Funding,N/A,"||
"2437,22/09/15,Virtual Logic,""virtual reality, 3d simulation and stereoscopic products"",nan,Bangalore,Swarnim Multiventures,Private Equity,""8,00,000"",Pre-Series A"||
"2438,22/09/15,Furdo,Online Interior Designing platform,nan,Bangalore,Bhavdeep Reddy,Seed Funding,""4,00,000"","||
"2439,22/09/15,LogiNext,End-to-end Logistics platform,nan,Mumbai,Paytm,Private Equity,""1,00,00,000"",Series A"||
"2440,22/09/15,Korra,Private Label Apparel sales,nan,New Delhi,Asha Jadeja Motwani & Others,Seed Funding,""3,00,000"","||
2441,23/09/15,Credihealth,Healthcare Consulting platform,nan,Gurgaon,Rajat Malhotra,Seed Funding,N/A,||
"2442,23/09/15,Amigobulls,Stock Market Portal,nan,Bangalore,""Sharad Sharma, Vijay Anand, Mohandas Pai. Pallav Nadhani, Singapore Angels Network & others"",Seed Funding,N/A,"||
"2443,23/09/15,SilverPush,Cross-device retargeting platform,nan,Gurgaon / SFO,M&S Partners,Private Equity,""12,00,000"",Series A"||
"2444,23/09/15,Juggernaut,Digital & Physical Publishing platform,nan,New Delhi,""William Bissell, Neeraj Aggarwal, Nandan Nilekani"",Private Equity,""22,50,000"",Series A"||
"2445,23/09/15,InnerChef,Food Delivery Platform,nan,New Delhi,""Phanindra Sama, Anupam Mittal, Vijay Shekhar Sharma, Vishal Gondal, Sateesh Andara & others"",Private Equity,""17,50,000"",pre-Series A"||
"2446,24/09/15,Quintype,Data Driven Publishing platform,nan,Bangalore,Raghav Bahl,Private Equity,""33,00,000"","||
"2447,24/09/15,Capabiliti,Employee OnBoarding & Orientation platform,nan,Noida,""500 Startups, Smile Multimedia, Kunal Bahl, Rohit Bansal, Girish Matrubootham"",Seed Funding,""4,00,000"","||
"2448,24/09/15,Fourth Partner Energy,Solar Power Solutions company,nan,Hyderabad,""Infuse Ventures, The Chennai Angels"",Private Equity,""20,00,000"",Series A"||
"2449,24/09/15,Licious,Online Meat Ordering platform,nan,Bangalore,""Kanwaljit Singh, TV Mohandas Pai"",Seed Funding,""10,00,000"","||
2450,25/09/15,TravelKhana,online meal-booking platform for train travelers,nan,New Delhi,Astarc Ventures & Others,Seed Funding,N/A,Pre-Series A||
"2451,28/09/15,Quickli,hyperlocal delivery platform,nan,New Delhi,""500 Startups, Mato Peric & Others"",Seed Funding,N/A,"||
"2452,28/09/15,Ola Cabs,Cab Booking app platform,nan,Bangalore,Didi Kuaidi,Private Equity,""3,00,00,000"",late Stage (part of $500M funding rnd)"||
"2453,29/09/15,Paytm,E-Commerce & M-Commerce platform,nan,New Delhi,""Alibaba Group, Ant Financial"",Private Equity,""68,00,00,000"",Late Stage (Alibaba @ 40% equity)"||
"2454,29/09/15,Inmobi,Mobile Advertising platform,nan,Bangalore,Tennenbaum Capital Partners & Others,Private Equity,""10,00,00,000"",Late Stage"||
"2455,29/09/15,Peppertap,Hyperlocal Grocery Delivery,nan,Gurgaon,""Sequoia India, SAIF Partners."",Private Equity,""3,60,00,000"",Series B"||
2456,29/09/15,Hugefly,Ecommerce Product recommendation platform,nan,Pune,Mayank Singhal and others,Seed Funding,N/A,||
2457,29/09/15,Brigge,Activity Based Social Network,nan,Chennai,The Chennai Angels,Seed Funding,N/A,||
"2458,29/09/15,Zakoopi,Fashion Discovery platform,nan,New Delhi,Uniqorn Ventures,Seed Funding,""3,50,000"","||
"2459,29/09/15,LoanCircle,Consumer lending marketplace,nan,Bangalore,""Zishaan Hayath, Rahul Khanna & Others"",Seed Funding,N/A,"||
"2460,30/09/15,Infoworks,Big Data Management Platform,nan,Bangalore / USA,""Nexus Venture Partners, Knoll Ventures and others"",Private Equity,""50,00,000"","||
"2461,30/09/15,RedDoorz,Budget Accommodation Platform,nan,Noida,Jungle Ventures,Seed Funding,""10,00,000"","||
"2462,30/09/15,FirstTouch,Local Mobile OS,nan,Gurgaon,""Kunal Bahl, Rohit Bansal, Pranay Chulet, Naveen Tiwari, Amit Gupta, Mayank Singhal"",Seed Funding,N/A,Super angel round"||
"2463,30/09/15,Eywa Media,Digital Signal processing platform,nan,Bangalore,""ah! Ventures, Viktor Koenig PE Fund, Mantra Ventures"",Seed Funding,""10,00,000"","||
"2464,01/08/15,Snapdeal,Ecommerce Marketplace,nan,New Delhi,""Alibaba, Foxconn, Softbank"",Private Equity,""50,00,00,000"",Late Stage Round 7th (More details)"||
"2465,01/08/15,Ressy,Restaurant Discount app,nan,Pune,Mohandas Pai & others,Seed Funding,""4,00,000"","||
2466,03/08/15,Cuelearn,Tech-enabled learning,nan,New Delhi,Alok Mittal,Seed Funding,N/A,||
"2467,03/08/15,Connect India,ECommerce Logistics provider,nan,New Delhi,Aavishkaar,Private Equity,""50,00,000"",Series A"||
2468,03/08/15,The Home Salon,on-demand home beauty and wellness portal,nan,Mumbai,VentureNursery,Seed Funding,N/A,||
"2469,03/08/15,Jusride,Self Driven Car rental,nan,Mumbai,""Alok Mittal, Zeeshan Hayat, Niraj Singh, Nikunj Jain, Anirudh Damani, Punit Goyal"",Seed Funding,N/A,"||
"2470,03/08/15,Oyorooms,Budget Hotel accommodation brand,nan,New Delhi,""SoftBank Group, Greenoaks Capital, Sequoia Capital,\\xc2\\xa0 Lightspeed India"",Private Equity,""10,00,00,000"",Series B"||
2471,03/08/15,Glowship,Energy & Environment Online Marketplace,nan,Bangalore,Infuse Ventures,Seed Funding,N/A,||
"2472,03/08/15,Wizrocket,User Engagment & Analytics platform,nan,Mumbai,""Sequoia Capital, Accel Partners"",Private Equity,""96,00,000"",Series B"||
"2473,04/08/15,Pickingo,On-Demand Delivery Logistics,nan,New Delhi,""Orios Venture Partners, Zishaan Hayath"",Private Equity,""13,00,000"",Series A"||
"2474,05/08/15,Grex,fund raising platform for startups,nan,Pune,""Kunal Bajaj, Chandru Badrinarayanan"",Seed Funding,""6,50,000"","||
"2475,05/08/15,LetsTransport,Logistics Tech Platform,nan,Bangalore,""Rebright Partners, Ankush Nijhawan, Gaurav Bhatnagar, Manish Dhingra"",Seed Funding,""13,00,000"","||
"2476,05/08/15,Zo Rooms,Online budget hotel chain,nan,New Delhi,""Tiger Global Management, Orios Venture Partners"",Private Equity,""3,00,00,000"",Series A"||
"2477,05/08/15,Doormint,Hyperlocal Handyman services,nan,Mumbai,""Helion Venture Partners, Kalaari Capital"",Private Equity,""30,00,000"",Series A"||
"2478,05/08/15,NightStay,hotel booking app,nan,Noida,""BedRock Ventures, Rajesh Sawhney, Shailesh Singh"",Seed Funding,""5,00,000"","||
"2479,05/08/15,Zocalo,Rental Accomodation finder,nan,New Delhi,""Sachin Bhatia, Rajesh Sawhney"",Seed Funding,N/A,"||
"2480,05/08/15,Sunday Realty Solutions,Tech Platform for property brokers,nan,Mumbai,""Ramesh Jogani, Shailesh Viswanathan, Jay Srinivasan"",Seed Funding,""7,85,000"","||
2481,06/08/15,Klozee,Luxury Apparel rental,nan,Bangalore,Tracxn Labs,Seed Funding,N/A,||
"2482,06/08/15,Appvigil,App security\\xc2\\xa0 testing platform,nan,Mumbai,""Ravi Gururaj, Gaurav Sharma, Viswanath Ramachandran, RippleWave"",Seed Funding,""5,00,000"",pre Series-A"||
"2483,06/08/15,practo,Doctor Appointment booking app,nan,Bangalore,""Sofina, Google Capital, Altimeter Capital, Sequoia Capital Global Equities, Yuri Milner, Sequoia Capital, Matrix Partners"",Private Equity,""9,00,00,000"",Series C"||
"2484,06/08/15,LoudShout,anonymous bulletin board app,nan,New Delhi,""Sanjay Sethi, Ravi Jaipuria & others"",Seed Funding,N/A,"||
"2485,06/08/15,Wetravelsolo,Travel community platform,nan,New Delhi,""CCube Angels, Frontline Strategy"",Seed Funding,N/A,"||
"2486,06/08/15,Ketto,Crowd funding platform,nan,Mumbai,""Chennai Angels, Calcutta Angels, ah! Ventures, Intellecap Impact Investment Network, Indus Age Partners, Singapore Angel Network, India Internet Fund, LetsVenture"",Seed Funding,""7,00,000"","||
"2487,06/08/15,Ezetap,Mobile based PoS solution,nan,Bangalore,""Horizons Ventures, Capricorn Investment Group, Social+Capital, Helion Advisors, Berggruen Holdings"",Private Equity,""2,50,00,000"",Series C"||
"2488,06/08/15,NDTV ecommerce venture,Car & Bike ecommerce platform,nan,Mumbai,""Inflexionpoint, Pramod Bhasin, Sixth Sense Ventures, Vindi Banga, Hiro Mashita"",Private Equity,N/A,Series A"||
"2489,07/08/15,Carl\\xe2\\x80\\x99s Jr,Fast food Chain Franchisee,nan,Gurgaon,YouWeCan Ventures,Seed Funding,""6,30,000"","||
"2490,07/08/15,EasyRewardz,Loyalty Programs & Reward Points,nan,Mumbai,""Wealth First, Ashneer Grover, Atul Phadnis"",Private Equity,""5,00,000"",Pre-Series A"||
"2491,07/08/15,GIBSS,Energy saving solutions provider,nan,Mumbai,""responsAbility Investments, Infuse Ventures"",Private Equity,N/A,Series A"||
2492,07/08/15,StoreMore.in,Self-Storage Spaces,nan,Noida,Bedrock Ventures,Seed Funding,N/A,||
2493,07/08/15,iOrderFresh,Grocery retail Mobile app,nan,New Delhi,Best Foodworks,Seed Funding,N/A,||
"2494,10/08/15,MyTaxiIndia,Taxi Rental platform,nan,Gurgaon,""Nihon Kotsu,"",Private Equity,""5,00,000"",Pre Series-A"||
"2495,10/08/15,eSadar,ecommerce,nan,New Delhi,""Neha Vats, Gaurav Vats"",Seed Funding,""80,000"","||
"2496,10/08/15,Actionable Analytics,Machine Learning Platform,nan,New Delhi/ Houston,""B M Gupta, Vinod Singhal"",Seed Funding,N/A,"||
"2497,10/08/15,MyPoolin,mobile social network,nan,New Delhi,QPrize from Qualcomm Ventures,Seed Funding,""2,50,000"",QPrize Contest Winners"||
"2498,10/08/15,NearBuy (previously\\xc2\\xa0 groupon India),Hyper-Local Ecommerce,nan,New Delhi,Sequoia Capital,Private Equity,""1,60,00,000"",Series A"||
"2499,10/08/15,Inkmonk,Online printing marketplace,nan,Chennai,""Girish Mathrubootham, Phanindra Sama, Vikram Chachra, Others from LetsVenture"",Seed Funding,""2,50,000"","||
"2500,10/08/15,ToneTag,mobile payment software platform,nan,Bangalore,Reliance Capital Venture,Private Equity,""10,00,000"",Series A"||
"2501,10/08/15,Grey Orange,Automated Storage & Warehousing Solution,nan,Gurgaon,Tiger Global Management,Private Equity,""3,00,00,000"",Series B"||
"2502,11/08/15,Livspace,Home Design & D\\xc3\\xa9cor solutions,nan,Bangalore,""Helion Ventures, Jungle Ventures & Bessemer Venture Partners"",Private Equity,""80,00,000"",Series A"||
"2503,11/08/15,WOW! MOMO,Quick Service Restaurant Chain,nan,Kolkata,Indian Angel Network,Seed Funding,""16,00,000"","||
"2504,11/08/15,RainCan,Subscription based Online Grocery platform,nan,Pune,Ajeet Khurana & Others,Seed Funding,""1,00,000"","||
"2505,11/08/15,Allygrow Technologies,engineering services company,nan,Mumbai,Zodius Technology Fund,Private Equity,""2,00,00,000"",Series A"||
"2506,11/08/15,Infogain,Business and IT consulting,nan,New Delhi / US,ChrysCapital,Private Equity,""6,30,00,000"",N/A"||
"2507,12/08/15,OneAssist,Credit Card Fraud protection solutions,nan,Mumbai,""Sequoia Capital, Lightspeed Ventures"",Private Equity,""75,00,000"",Series B"||
"2508,12/08/15,BigBasket,Online & mobile Grocery store,nan,Bangalore,Bessemer Venture Partners,Private Equity,""5,00,00,000"",Series C"||
"2509,12/08/15,Sheroes,Career Community for Women,nan,Noida,""Quintillion Media, 500 Startups"",Seed Funding,""7,70,000"","||
"2510,12/08/15,Scripbox,Mutual Fund Investing platform,nan,Bangalore,""Accel Partners, Deep Kalra, Rajesh Magow, Mohit Gupta, Shamik Sharma"",Private Equity,""25,00,000"",Series A"||
"2511,13/08/15,etaout,Ecommerce Marketing Software Platform,nan,Noida,""Amit Ranjan, Vijay Shekhar Sharma, Kunal Bahl, Girish Mathrubootham &\\xc2\\xa0 Group of other Angel investors"",Seed Funding,""5,00,000"","||
"2512,13/08/15,IFMR Holdings,Financial Inclusion platform,nan,Chennai,""Accion, LeapFrog Investments, Lok Capital"",Private Equity,""2,50,00,000"",Series B"||
"2513,13/08/15,Massblurb,Digital Marketing automation solution,nan,Mumbai,""LetsVenture, Mumbai Angels"",Seed Funding,N/A,"||
"2514,13/08/15,Agrostar,Mobile Commerce for Farmers,nan,Pune,IDG Ventures,Private Equity,""40,00,000"",Series A"||
"2515,14/08/15,VoxWeb,Picture based Social App,nan,Mumbai,Jitendra Gupta & others,Seed Funding,""1,00,000"","||
"2516,14/08/15,Trukky,Logistics service platform,nan,Ahmedabad,""Gujarat based angel investors, MMY co-Founder"",Seed Funding,""2,45,000"","||
2517,14/08/15,VanityCube,On-Demand Beauty Services,nan,New Delhi,Group of angel investors,Seed Funding,N/A,||
"2518,17/08/15,Edu4Share,Exam Preparation Platform,nan,New Delhi,Nalin Jain & other angel investors,Seed Funding,""2,20,000"","||
"2519,17/08/15,YourStory,Startup Focused Online Publisher,nan,Mumbai,""Ratan Tata, Vani Kola, T V Mohandas Pai, Karthee Madasamay"",Seed Funding,N/A,"||
"2520,17/08/15,Sampurnearth,Waste Management Solutions,nan,Mumbai,""Intellecap Impact Investment Network, family office fund"",Seed Funding,""1,60,000"","||
2521,17/08/15,Orobind,App based Fitness coaching,nan,Bangalore,Existing & New Investors,Private Equity,N/A,pre series A||
2522,17/08/15,Fixy,On demand cleaning & fixing services,nan,Mumbai,VentureNursery,Seed Funding,N/A,||
2523,17/08/15,MSM Box,Beauty & Lifestyle platform,nan,New Delhi,Rohit Goel,Seed Funding,N/A,||
"2524,17/08/15,ShadowFax,on-demand delivery service,nan,Gurgaon,""Kunal Bahl, Rohit Bansal, Zishaan Hayath, Prashant Malik"",Seed Funding,""3,10,000"","||
2525,17/08/15,Gadgets 360,Car & Bike ecommerce platform,nan,New Delhi,One97 Communications,Private Equity,N/A,Strategic Investment||
"2526,18/08/15,Roposo,Fashion Discovery platform,nan,Gurgaon,Tiger Global,Private Equity,""1,50,00,000"",Series B"||
"2527,18/08/15,IntelligenceNODE,Data Analytics Platform,nan,Mumbai,""New Enterprise Associates, Orios Venture Partners"",Private Equity,""42,00,000"",Series A"||
"2528,18/08/15,HyperVerge,Deep Learning Cloud Algorithms,nan,Chennai,""NEA, Milliways Ventures, Naya Ventures"",Seed Funding,""10,00,000"","||
"2529,18/08/15,Twyst,Location based engagement & rewards platform,nan,Gurgaon,""Rohit Bhatia, Sunil Nikhar, Vaibhav Domkundwar, Siddharth Nautiyal"",Seed Funding,N/A,"||
"2530,18/08/15,IDfy,Online Identity Verification Services platform,nan,Mumbai,""NEA, Blume Ventures & others"",Private Equity,N/A,Series A"||
"2531,18/08/15,Zoojoo.be,Corporate Wellness App,nan,Bangalore,RoundGlass Partners,Private Equity,""10,00,000"",Series A"||
2532,19/08/15,Fashionove,Fashion Search & Review Platform,nan,Kolkata,Umesh Yadav,Seed Funding,N/A,||
"2533,19/08/15,TimeSaverz,""Hyperlocal Maintenance, Repair & Cleaning services"",nan,Mumbai,Unilazer Ventures,Private Equity,""24,00,000"","||
"2534,19/08/15,Envoged,pre-owned Luxury online apparel seller,nan,Mumbai,""Manish Dhingra, Ankush Nijhawa, Gaurav Bhatnagar"",Seed Funding,N/A,"||
"2535,19/08/15,MebelKart,Online Furniture Marketplace,nan,Bangalore,AskMe,Private Equity,""2,00,00,000"","||
"2536,20/08/15,LabsAdvisor,Online Diagnostic Tests Marketplace,nan,New Delhi,Group of Angel Investors,Seed Funding,""1,56,000"","||
"2537,20/08/15,Flatpebble,Online marketplace for Photographers,nan,Hyderabad,Indian Angel Network,Seed Funding,""6,00,000"","||
"2538,20/08/15,Bluegape.com,Visual Blogging platform,nan,New Delhi,""ah! Ventures, Times Internet, Rudy Gopalakrishnan"",Seed Funding,""6,00,000"","||
"2539,21/08/15,ePoise,Job Search Platform,nan,Bangalore,""Orios Venture Partners, Amit Ranjan & others"",Seed Funding,""5,00,000"","||
"2540,24/08/15,Jolly Food Fellow,Food Customer analytics platform,nan,Ahmedabad,The 1947,Seed Funding,""3,00,000"","||
"2541,24/08/15,BookMeIn,Professional Service Appointment booking service,nan,Mumbai,Ajmera Group of Companies,Seed Funding,""4,00,000"","||
2542,24/08/15,iZofy,Scientific Horoscope Online Assistance platform,nan,Kolkata,Prime Capital Markets Ltd,Seed Funding,N/A,||
"2543,24/08/15,rBus,Tech enabled AC bus service,nan,Mumbai,""India Quotient, Anupam Mittal & others"",Seed Funding,N/A,"||
"2544,25/08/15,Qyk App,On-Demand App based Professional service provider,nan,Bangalore,""GrowX ventures, Tracxn Labs, Powai Lake Ventures, and Sahil Barua"",Private Equity,""10,00,000"",pre-series A"||
"2545,25/08/15,EazyDiner,Restaurant Reservation Platform,nan,Gurgaon,""DSG Consumer Partners, Saama Capital"",Private Equity,""30,00,000"",Series A"||
"2546,25/08/15,RevX,Cross-channel CRM platform,nan,Mumbai,""Norwest Venture Partners, Nexus Venture Partners, Helion Venture Partners, Draper Fisher Jurvetson, Peepul Capital"",Private Equity,""40,00,000"",Series A"||
"2547,25/08/15,ICustomMadeIt,Professional Custom creators Marketplace,nan,Pune,Group of Angel Investors,Seed Funding,""2,50,000"","||
"2548,26/08/15,PickMyLaundry,on-Demand Washing & Dry-Cleaning,nan,New Delhi,GHV Accelerator,Seed Funding,""1,00,000"","||
"2549,26/08/15,Belita,On-Demand Beauty Service,nan,Mumbai,""India Quotient, LetsVenture investors, Lead Angels"",Seed Funding,""4,00,000"","||
2550,26/08/15,EzySolare,solar products and services marketplace,nan,Ahmedabad,Infuse Ventures,Seed Funding,N/A,||
"2551,26/08/15,FoodTalkIndia,Online Food Community Platform,nan,Gurgaon,Undisclosed Investor,Seed Funding,""5,00,000"","||
2552,27/08/15,InstaSafe,Private Cloud Networks SAAS platform,nan,Bangalore,Group of Investors,Seed Funding,N/A,||
2553,27/08/15,Eazy Coach,Education Marketplace,nan,Kolkata,Ravi Agarwal,Seed Funding,N/A,||
2554,27/08/15,Djubo.com,Cloud Based Hotel Sales Platform,nan,New Delhi,Ibibo Group,Private Equity,N/A,Strategic Investment||
"2555,28/08/15,BetterButter.in,online recipe sharing platform,nan,New Delhi,""Growx Ventures, Manish Singhal"",Seed Funding,N/A,"||
"2556,28/08/15,Vyomo,Beauty & Lifestyle Mobile Marketplace,nan,Bangalore,Rocket Internet,Private Equity,""20,00,000"",Pre-Series A"||
"2557,28/08/15,RollMafia,QSR Restaurant Chain,nan,Pune,Equentia Natural Resources,Seed Funding,""1,60,000"","||
"2558,29/08/15,iamwire,Digital Media publishing platform,nan,Gurgaon,""Li Tao, Li Jian, Draphant Consultants, Nitin Garg, Saurabh Jain, Mohit Agarwal"",Seed Funding,N/A,"||
"2559,31/08/15,DropKaffe,Online Coffee Delivery platform,nan,Bangalore,""Manish Singhal, P39 Capital & Others"",Seed Funding,""3,00,000"","||
"2560,31/08/15,Reverie,Language Localization Cloud platform,nan,Bangalore,""Aspada Investment Advisors, Qualcomm Ventures"",Private Equity,""40,00,000"",Series A"||
"2561,31/08/15,Infinite Analytics,Big Data & predictive Analysis Platform,nan,Mumbai,""Ratan Tata, Nikhil Vora & others"",Private Equity,N/A,Bridge Round"||
"2562,01/07/15,Parcelled,Online Logistics Platform,nan,Bangalore,""Delhivery, Tracxn Labs"",Seed Funding,N/A,"||
2563,01/07/15,Retigence Technologies,Business IT Intelligence Services,nan,Mumbai,Omnivore Partners,Private Equity,N/A,Series A||
"2564,01/07/15,Cloudcherry Analytics,CRM / Analytics platform,nan,Chennai,""The Chennai Angels, IDG Ventures India"",Seed Funding,""10,00,000"","||
"2565,01/07/015,HandyHome,Hyperlocal Electronics repair Service,nan,Mumbai,""Bessemer Ventures, Kae Capital"",Seed Funding,""6,30,000"","||
"2566,01/07/15,iDreamCareer,Ed-Tech Platform,nan,New Delhi,""ah! Ventures, Vivek Joshi, Mohit Satyanand & others"",Seed Funding,N/A,"||
2567,01/07/15,Ola Cabs,Cab rental Mobile app,nan,Bangalore,Ratan Tata,Private Equity,N/A,Personal Investment||
"2568,01/07/15,NxtGen,IT infrastructure & Data Center services,nan,Bangalore,""IFC, Axon Partners, Intel Capital"",Private Equity,""1,35,00,000"",Series A"||
"2569,02/07/15,BankBazaar,Online Financial Services,nan,Chennai,""Amazon, Fidelity Growth Partners, Mousse Partners"",Private Equity,""6,00,00,000"",Series C\\n(More here)"||
"2570,02/07/15,Gozoomo,Used Car Marketplace,nan,Bangalore,SAIF Partners,Private Equity,""50,00,000"",Series A"||
"2571,02/07/15,Zenatix,Internet of Things platform,nan,Gurgaon,""Rajan Anandan, Kunal Bahl, Rohit Bansal, Rahul Khanna"",Seed Funding,""1,61,000"","||
"2572,03/07/15,CultureAlley,Language Learning App,nan,Jaipur,Tiger Global,Private Equity,""65,00,000"",Series A"||
2573,03/07/15,Goqii,Mobile Fitness Marketplace,nan,Mumbai,Vijay Shekhar Sharma,Private Equity,N/A,Pre-Series A||
"2574,03/07/15,Gingercrush,Custom Merchandize platform,nan,Ahmedabad,""Gokul Jaykrishna, Brand Capital"",Seed Funding,""10,00,000"","||
"2575,04/07/15,Elanic,P2P Pre-owned goods marketplace,nan,Bangalore,""Rebright Partners, Tracxn Labs, Aneesh Reddy"",Seed Funding,N/A,"||
"2576,04/07/15,Stitchwood,Custom Furniture Marketplace,nan,Mumbai,""Powai Lake Ventures, Ajeet Khurana & others"",Seed Funding,""3,95,000"","||
2577,05/07/15,Urban Tailor,Online Tailoring Services,nan,Bangalore,Group of angel investors,Seed Funding,N/A,||
2578,06/07/15,ConfirmtTkt,Rail Ticket Confirmation predictor,nan,Bangalore,Pravin Agarwala & others,Seed Funding,N/A,||
"2579,06/07/15,Paper Boat,Ethnic Beverages manufacturer,nan,Gurgaon,""Sofina, Hillhouse Capital"",Private Equity,""3,00,00,000"",Series B"||
2580,06/07/15,getNow,Hyperlocal Goods marketplace,nan,Nagpur,Atulya Mittal,Seed Funding,N/A,||
"2581,07/07/15,Wudstay,Budget Accommodation aggregator,nan,Gurgaon,""Mangroves Capital Partners, Vikas Saxena"",Private Equity,""30,00,000"",Series A"||
"2582,07/07/15,Liases Foras,Real Estate Rating & Analysis,nan,New Delhi,DMG information Asia Pacific,Private Equity,""50,00,000"",Series A"||
"2583,07/07/15,Eatlo,Food Delivery platform,nan,Bangalore,""Powai Lake Ventures, Globeinvestor, Abhishekh Goyal"",Seed Funding,N/A,"||
"2584,07/07/15,IndiaLends,Financial Tech,nan,New Delhi,""DSG Consumer Partners, Siddharth Parekh"",Private Equity,N/A,Pre-Series A"||
2585,08/07/15,Quinto,Food Discovery App,nan,Pune,Jaydeep Barman,Seed Funding,N/A,||
"2586,08/07/15,Saavn,Music Streaming App,nan,Mumbai,""Tiger Global Management, Bertelsmann India, Steadview Capital, Liberty Media, Mousse Partners, Quilvest"",Private Equity,""10,00,00,000"",Series C"||
"2587,08/07/15,Flytxt,Big Data & Analytics platform,nan,Mumbai / Global,""Sunrise Capital GmBH, Big Data Investments B.V"",Private Equity,""1,10,00,000"",Series A"||
"2588,08/07/15,Axtria,Big Data & Analytics platform,nan,India / US,""Helion Venture Partners,Amarpreet Sawhney, Deshpande Foundation, Fred Khosravi, Richard S. Braddock"",Private Equity,""3,00,00,000"",Series C"||
"2589,08/07/15,33Coupons,Coupon Aggregator Platform,nan,Kanpur,Not Disclosed,Seed Funding,""20,000"","||
2590,08/07/15,Ampere,Electric Scooter manufacturer,nan,Coimbatore,Ratan Tata,Seed Funding,N/A,||
"2591,08/07/15,Hopping Chef,Online Food-Tech Platform,nan,Mumbai,Mirah Hospitality,Seed Funding,""4,70,000"",Strategic Investment"||
"2592,08/07/15,Collectabillia,Celebrity Fashion Brand,nan,Bangalore,Accel Partners,Private Equity,""75,00,000"",Series B"||
"2593,08/07/15,Lendingkart,Online Finance lending platform,nan,Ahmedabad,""Saama Capital, Mayfield, Ashvin Chadha, Shailesh Mehta"",Private Equity,""1,00,00,000"",Series A"||
"2594,08/07/15,Lybrate,Healthcare Mobile App,nan,New Delhi,""Tiger Global Management, Ratan Tata, Nexus Venture Partners"",Private Equity,""1,02,00,000"",Series A"||
"2595,08/07/15,Zoomcar,Self-driven vehicle rental,nan,Bangalore,""Sequoia Capital, Empire Angels, NGP"",Private Equity,""1,10,00,000"",Series B"||
"2596,09/07/15,\\xc2\\xa0News in shorts,\\xc2\\xa0News Aggregator mobile app,nan,Noida,Tiger Global,Private Equity,""2,00,00,000"",Series B"||
"2597,09/07/15,\\xc2\\xa0Bluestone,\\xc2\\xa0Online Jewellery Store,nan,Bangalore,""IvyCap Ventures, Accel Partners, Dragoneer Investment Group"",Private Equity,""1,62,00,000"","||
"2598,09/07/15,\\xc2\\xa0Shopsity,\\xc2\\xa0Fashion Info Aggregator App,nan,Gurgaon,""Sandeep Aggarwal, Teruhide Sato"",Seed Funding,N/A,"||
"2599,09/07/15,\\xc2\\xa0Notesgen,\\xc2\\xa0Online Study Notes Marketplace,nan,New Delhi,""Rajeev Saraf, Arvind Jha, R. Satya Narayanan"",Seed Funding,N/A,"||
"2600,\\xc2\\xa010/7/2015,\\xc2\\xa0Infinity Assurance,\\xc2\\xa0Warranty Programs Service Administration,nan,New Delhi,Indian Angel Network,Seed Funding,""6,00,000"","||
"2601,10/07/15,\\xc2\\xa0Footprints Education,\\xc2\\xa0Pre-School Chain,nan,Gurgaon,""LetsVenture, Kumar Bansal, Kshitij Jain"",Seed Funding,""6,85,000"","||
"2602,10/07/15,\\xc2\\xa0Loylty Rewards,\\xc2\\xa0Premium Loyalty Rewards Point Management,nan,Mumbai,IndianIdeas.com,Private Equity,""1,93,50,000"",Late Stage"||
"2603,13/07/15,\\xc2\\xa0Ameyo,\\xc2\\xa0Contact Center Software Platform,nan,Gurgaon,Forum Synergies PE Fund,Private Equity,""50,00,000"",Series A"||
"2604,13/07/15,\\xc2\\xa0Mamagoto,\\xc2\\xa0Casual Dining restaurant Chain,nan,New Delhi,Goldman Sachs,Private Equity,""1,00,00,000"",Series A"||
2605,13/07/15,\\xc2\\xa0Satvacart,\\xc2\\xa0Online Grocery Delivery,nan,Gurgaon,Palaash Ventures,Seed Funding,N/A,||
"2606,14/07/15,MySmartPrice,Online comparison engine,nan,Hyderabad,""Accel Partners, Helion Venture Partners"",Private Equity,""1,00,00,000"",Series B"||
2607,14/07/15,Zenify,Residential Rental management platform,nan,Bangalore,Atul Jalan,Seed Funding,N/A,||
"2608,14/07/15,Boxmyspace,Physical Storage warehouses,nan,Mumbai,""Ritesh Veera, Singapore Angel Network, Orios Venture Partners,"",Seed Funding,""3,00,000"","||
"2609,14/07/15,HackerRank,Tech Recruitment platform,nan,Bangalore,HR Technology fund,Private Equity,""75,00,000"",Series C"||
"2610,14/07/15,WickedRide,Bike Rental Platform,nan,Bangalore,Undisclosed,Seed Funding,""7,90,000"","||
"2611,14/07/15,WoWexpress,Tech enabled logistics platform,nan,Mumbai,Tamarind Family Private Trust,Seed Funding,""5,00,000"","||
"2612,15/07/15,Oyo Rooms,Budget Hotel Accommodation,nan,Gurgaon,""Softbank, Sequoia Capital"",Private Equity,""10,00,00,000"",Series B"||
"2613,15/07/15,Mobikon,Restaurant customer engagement platform,nan,Pune,Jungle Ventures,Private Equity,""23,00,000"",Series B"||
"2614,15/07/15,InstaLively.com,Live video streaming app,nan,New Delhi,""Anupam Mittal, Anand Chandrasekaran, Uday Shankar, Chetan Bhagat"",Seed Funding,N/A,"||
"2615,15/07/15,Roadrunnr,Hyper local logistics platform,nan,Bangalore,""Sequoia Capital, Nexus Venture Partners, Blume Ventures"",Private Equity,""1,10,00,000"",Series A"||
"2616,16/07/15,Ketto,Crowd Funding Platform,nan,Mumbai,""Pradyumna Dalmia, Sudhir Rao & Others"",Seed Funding,""7,00,000"","||
"2617,17/07/15,QuikWallet,F&B sector Mobile Payment platform,nan,Mumbai,Snow Leopard Technology Ventures,Private Equity,""16,00,000"",Follow on Funding"||
"2618,17/07/15,Omnikart,Industrial Supplies B2B ecommerce,nan,Mumbai,""Sumit Gandhi, Manish Gandhi"",Seed Funding,""1,00,000"","||
"2619,20/07/15,Zo Rooms,Online budget hotel chain,nan,New Delhi,""Tiger Global, Orios Venture Partners."",Private Equity,""1,50,00,000"",No confirmation"||
"2620,20/07/15,Innoviti,Payment Solutions platform,nan,Bangalore,""Catamaran Ventures, New India Investment Corporation"",Private Equity,""48,50,000"",Series A"||
"2621,21/07/15,ZenRadius,Online Hiring Platform,nan,Bangalore,""Tracxn Labs, Deepak Singh"",Seed Funding,N/A,"||
"2622,21/07/15,Joy by nature,Organic Food ecommerce,nan,New Delhi,""Mumbai Angels, Vriddhi Fund, Others"",Private Equity,""10,00,000"",Series A"||
"2623,22/07/15,Iqlect,Big Data & Analytics platform,nan,Bangalore,Exfinity Venture Partners,Private Equity,""20,00,000"",Series A"||
"2624,22/07/15,deGustibus,Fine Dining Restaurant Chain,nan,Mumbai,India Value Fund Advisors,Private Equity,""3,00,00,000"",Late Stage"||
"2625,23/07/15,Nestaway,Luxury Rental Homes,nan,Bangalore,""Flipkart, Tiger Global"",Private Equity,""1,27,50,000"",Series A"||
"2626,23/07/15,Mswipe,Mobile Point of Sale payment solution,nan,,""Falcon Edge Capital, Meru Capital, Ola, Matrix Partners, DSG Consumer Partners, Axis Bank"",Private Equity,""2,50,00,000"",Series B"||
"2627,23/07/15,Myonsto,Online Grocers,nan,Ahmedabad,Jayant Bokadia,Seed Funding,""3,20,000"","||
2628,23/07/15,iCrushiFlush,Casual Dating App,nan,Mumbai,IDG Ventures India,Seed Funding,N/A,||
"2629,23/07/15,MedGenome,Clinical Genomics Provider,nan,Bangalore,Sequoia Capital,Private Equity,""2,00,00,000"",Series B"||
"2630,23/07/15,HolidayIQ,Travel information portal,nan,Bangalore,MakeMyTrip,Private Equity,""1,50,00,000"",Strategic Investment"||
"2631,23/07/15,Fitternity,Fitness Marketplace,nan,Mumbai,Exfinity Venture Partners,Private Equity,""10,00,000"",Series A"||
"2632,23/07/15,Quikr,Online & Mobile classified listings,nan,Mumbai,""AB Kinnevik, Falcon Edge Capital, Coatue Management"",Private Equity,""6,00,00,000"",Late Stage"||
2633,23/07/15,JetSetGo,Private Jet/ Helicopter Marketplace,nan,New Delhi,YourWeCan Ventures,Seed Funding,N/A,||
"2634,24/07/15,BroEx,Real Estate Broker network App,nan,Gurgaon,Lightspeed India,Private Equity,""10,00,000"",Bridge round"||
2635,25/07/15,Shopatplaces,Ethnic/ Traditional Fashion Store,nan,New Delhi,Indian Angel Network,Seed Funding,N/A,||
"2636,25/07/15,CredR,Used Bikes Marketplace,nan,Mumbai,Fidelity Growth Partners,Private Equity,""1,50,00,000"",Series A"||
"2637,27/07/15,ManageMySpa,Spa & Salon Management Software,nan,Hyderabad,Accel Partners,Private Equity,""60,00,000"",Series A"||
2638,27/07/15,Townrush,B2B logistics delivery platform,nan,Bangalore,Lightspeed Venture Partners,Seed Funding,N/A,||
"2639,27/07/15,Locus,Logistics Automation Platform,nan,Bangalore,""growX ventures,\\xc2\\xa0 Manish Singhal"",Seed Funding,N/A,"||
2640,27/07/15,Bevy,Online Hiring Platform,nan,Bangalore,Varun Agarwal & Others,Seed Funding,N/A,||
"2641,28/07/15,Pepperfry,Online home d\\xc3\\xa9cor marketplace,nan,Mumbai,""Goldman Sachs, Zodius Technology Fund, Bertelsmann India Investments Norwest Venture Partners."",Private Equity,""10,00,00,000"",Series D"||
"2642,28/07/15,Flipkart.com,Online Marketplace,nan,Bangalore,Steadview Capital and existing investors,Private Equity,""70,00,00,000"",""Late Stage, 10th Round More here"""||
"2643,28/07/15,Opinio,Hyperlocal food & grocery store,nan,Bangalore,""Accel Partners, Traxcn Labs & Others"",Seed Funding,""13,00,000"","||
"2644,28/07/15,Zoctr,Health-Tech platform,nan,Mumbai,""Sandeep Parwal, Krishan Gupta & Others"",Seed Funding,""10,00,000"","||
"2645,29/07/15,Zimmber,Hyperlocal Handyman Services,nan,Mumbai,""IDG Ventures India, Omidyar Network, Sherpalo Ventures,\\xc2\\xa0 Mohandas Pai"",Private Equity,""20,00,000"",Series A"||
"2646,29/07/15,trueHb,Medical Tech Instruments,nan,New Delhi,""Sachin and Binny Bansal, Malvinder and Shivinder Singh, Gurpreet Singh & others"",Seed Funding,""24,00,000"","||
"2647,29/07/15,Zovi.com / Little App,Hyperlocal Deals Marketplace,nan,Bangalore,""Paytm, SAIF Partners,\\xc2\\xa0 Tiger Global Management & others"",Private Equity,""5,00,00,000"",Series A"||
"2648,29/07/15,Swajal,Innovative Water Solutions,nan,Gurgaon,Abhishek Gupta,Private Equity,""12,00,000"",Series A"||
"2649,30/07/15,Pipa Bella,Online Jewelry Store,nan,Mumbai,LionRock Capital,Private Equity,""6,00,000"",Pre-Series A"||
"2650,30/07/15,Pragmatix,Business intelligence & Analytics,nan,Mumbai,SIDBI Venture Capital Ltd,Private Equity,""24,00,000"",Series A"||
"2651,30/07/15,Droom.in,Used Vehicle Marketplace,nan,New Delhi,""Lightbox Ventures, Beenos"",Private Equity,""1,60,00,000"",Series A"||
"2652,30/07/15,MadRat Games,Educational Board Games,nan,Bangalore,""Kunal Bahl, Rohit Bansal"",Seed Funding,""1,68,000"","||
"2653,30/07/15,Noodle Play,Chinese food delivery,nan,Mumbai,""Elliot Stechman, Gautam Sinha, Ambarish Ray"",Seed Funding,""1,68,000"","||
2654,30/07/15,Wassup,On-Demand Laundry & Dry cleaning App,nan,Chennai,B S Nagesh,Private Equity,N/A,Pre-Series A||
"2655,30/07/15,Cartisan,On-Demand Car services App,nan,Bangalore,""YouWeCan Ventures,\\xc2\\xa0 Aprameya Radhakrishna"",Seed Funding,N/A,"||
"2656,31/07/15,LazyLad,Hyperlocal Grocery App,nan,Gurgaon,""Jai Choi, Kiyohiro Sugashita, Hirokazu"",Private Equity,""5,00,000"",pre-Series A"||
"2657,31/07/15,TripFactory,Online Curated Holiday package bookings,nan,Bangalore,""Aarin Capital Partners,"",Private Equity,N/A,Series A"||
"2658,31/07/15,Prothom,Hasbro Toy Manufacturer,nan,Pune,Oliphabs Capital,Private Equity,""20,00,000"",Series A"||
"2659,31/07/15,Bona Vita,Travel Tech,nan,Gurgaon,MakeMyTrip,Private Equity,""50,00,000"",Strategic Investment"||
2660,01/06/15,Vyomo,Beauty and Wellness Platform,nan,New Delhi,Aprameya Radhakrishna,Seed Funding,N/A,||
"2661,01/06/15,Veeba Foods,Healthy Food Manufacturer,nan,New Delhi,""DSG Consumer Partners, Saama Capital."",Private Equity,""60,00,000"",Series B"||
"2662,01/06/15,Truebil,Used Car Marketplace,nan,Mumbai,""Kae Capital, Anupam Mittal"",Seed Funding,""5,00,000"","||
"2663,01/06/15,Meritnation,Online Learning Platform,nan,New Delhi,InfoEdge,Private Equity,""40,00,000"",Series C"||
"2664,01/06/15,Eattreatonline,Healthy Food Online Community,nan,New Delhi,Group of 15 Angel Investors,Seed Funding,""3,50,000"","||
2665,01/06/15,CredR,Used two-wheeler Marketplace,nan,Mumbai,GrowthStory,Seed Funding,N/A,||
"2666,01/06/15,Glamrs,Online Fashion Video Portal,nan,Mumbai,""Ventureworks India, Blume Ventures, Batlivala & Karani Securities, Nikunj Jhaveri"",Private Equity,""10,00,000"",Pre-Series A"||
"2667,01/06/15,Proviera,Probiotic Technology Products Manufacturer,nan,Chennai,Infuse Ventures,Private Equity,""5,50,000"","||
"2668,01/06/15,Arth DesignBuild,Architectural Design & Consulting,nan,Hyderabad,Srinivas Tirupati,Seed Funding,""5,00,000"","||
"2669,02/06/15,Saama,Big Data & Analytics Services,nan,Pune / US,Carrick Capital Partners,Private Equity,""3,50,00,000"",Series A"||
"2670,02/06/15,AllIzHealth,Preventive Healthcare Services,nan,Pune,Mumbai Angels & Other angel investors,Seed Funding,""3,50,000"","||
2671,02/06/15,Karma Healthcare,Tech-enabled Rural Healthcare Services,nan,Udaipur,Ennovent Impact Investment Holding,Private Equity,N/A,Series A||
2672,03/06/15,Entropy Innovations,Engineering Innovations,nan,Mumbai,Mark Mobius & 9 Other Angel investors,Seed Funding,N/A,||
"2673,03/06/15,Propstack,Real Estate Intelligence Platform,nan,Mumbai,DMG Information,Private Equity,""30,00,000"",Series A"||
"2674,03/06/15,MyTaxiIndia,Online Car Rental Affiliates,nan,New Delhi,Green House Ventures,Seed Funding,""1,00,000"","||
"2675,03/06/15,Arkin Net,Data Center Software platform,nan,Pune / US,Nexus Venture Partners,Private Equity,""1,50,00,000"",Series B"||
"2676,03/06/15,Little Black Book Delhi,Online City & Lifestyle Guide,nan,New Delhi,""Rajan Anandan, Niraj Singh, Sachin Bhatia, Singapore Angel Network & Aseem Vadehra"",Seed Funding,""1,50,000"","||
"2677,03/06/15,MyPoolin,P2P Payments platform,nan,New Delhi,""Sharad Sharma, Rajan Anandan, Sunil Kalra, Amit Ranjan, Rohan Malhotra,\\xc2\\xa0 Arjun Malhotra, Gautam Gandhi"",Seed Funding,N/A,"||
"2678,03/06/15,iCustomadeit,Bespoke Merchandize Marketplace,nan,Pune,""Virendra Shahney, Dr Paresh Doshi"",Seed Funding,""2,50,000"","||
2679,03/06/15,KAARYAH,Women Lifestyle Marketplace,nan,Gurgaon,Ratan Tata,Seed Funding,N/A,||
"2680,04/06/15,Ecom Express,Logistics Solution Provider,nan,New Delhi,Warburg Pincus,Private Equity,""13,70,00,000"",Series C"||
"2681,04/06/15,Vidooly,Video Intelligence Platform,nan,Noida,Bessemer Venture Partners,Private Equity,""10,00,000"",Pre-Series A"||
"2682,04/06/15,Zopper,Hyperlocal Shopping App,nan,Mumbai,""Tiger Global,\\xc2\\xa0 Nirvana Ventures Advisors"",Private Equity,""2,00,00,000"",Series C"||
"2683,04/06/15,Flipkart,eCommerce platform,nan,Bangalore,Morgan Stanley,Private Equity,""5,00,00,000"",Late Stage"||
"2684,05/06/15,kWatt Solutions,Renewable energy solutions,nan,Mumbai,N/A,Seed Funding,""5,00,000"","||
"2685,05/06/15,Medwell Ventures,Healthcare\\nService provider,nan,Bangalore,""Fidelity Growth Partners, Fidelity Biosciences"",Private Equity,""1,00,00,000"",Series A"||
"2686,05/06/15,Jugnoo,Auto Rickshaw Based Services,nan,Chandigarh,""Snow Leopard, Paytm"",Private Equity,""50,00,000"",Series A"||
"2687,08/06/15,PosterGully,Artist / Designer Marketplace,nan,New Delhi,""Natarajan Iyer,Rajesh Sawhney,\\xc2\\xa0 & other Angel investors."",Seed Funding,N/A,"||
"2688,08/06/15,Applied Solar Technologies,Off-grid Solar Power,nan,Mumbai,""Future Fund,Bessemer Venture, Capricorn Investment and IFC"",Private Equity,""4,00,00,000"",Series B"||
"2689,09/06/15,Clovia,Private Label lingerie Ecommerce,nan,New Delhi,IvyCap Ventures,Private Equity,""50,00,000"",Series A"||
"2690,09/06/15,Swiggy,Online Food Ordering,nan,Bangalore,""Norwest Venture Partners, SAIF Partners, Accel Partners"",Private Equity,""1,65,00,000"",Series B"||
"2691,09/06/15,PayMango,Mobile Commerce Platform,nan,Gurgaon,Group of Angel Investors,Seed Funding,""2,34,000"","||
2692,09/06/15,Printland,Online Printing Services,nan,New Delhi,SIDBI Venture Capital Ltd,Private Equity,N/A,Series A||
"2693,09/06/15,Teritree,Digital Marketing Services,nan,Bangalore,KCL,Seed Funding,""1,40,000"","||
"2694,10/06/15,Guiddoo,Travel Guide Mobile App,nan,Mumbai,""Pawan Borle, SVP Fly Dubai & Others"",Seed Funding,N/A,"||
"2695,10/06/15,Voonik,Fashion Ecommerce store,nan,Bangalore,""Sequoia Capital, Seedfund"",Private Equity,""50,00,000"",Series A"||
"2696,11/06/15,AdStringO,Mobile Compression Software,nan,Mumbai,""Arihant Patni, Vishal Khare,\\xc2\\xa0 Viswanath Ramachandran"",Seed Funding,""3,50,000"","||
"2697,11/06/15,Faircent.com,Peer to Peer Lending platform,nan,Gurgaon,M&S Partners Pte. Ltd,Seed Funding,""2,50,000"",Pre-Series A"||
"2698,12/06/15,La Renon,Global Healthcare products,nan,Ahmedabad,Sequoia Capital,Private Equity,""1,60,00,000"",Series A"||
"2699,15/06/15,Homelane,Home Furnishing Solutions,nan,Bangalore,Sequoia Capital,Private Equity,""5,00,00,000"",Series B"||
2700,15/06/15,iSTAR,Skill Training & Placement Platform,nan,Bangalore,Unitus Seed Fund,Private Equity,N/A,Series A||
"2701,15/06/15,Shippr,Intra-City Logistics service,nan,Bangalore,i2india Pvt Ltd,Seed Funding,""5,00,000"","||
2702,16/06/15,FoodAbhi,online tiffin service aggregator,nan,Mumbai,Group of angel investors,Seed Funding,N/A,||
"2703,16/06/15,Karma Recycling,Electronic Goods recycling service,nan,Delhi,""Infuse Ventures, Low Carbon Enterprise Fund"",Private Equity,N/A,Series A"||
"2704,16/06/15,CouponRaja,Online Coupon & comparison platform,nan,Mumbai,""Mahesh Pratapneni, Pallab Chatterjee & others"",Seed Funding,""5,00,000"","||
"2705,17/06/15,Babychakra,Parents & Kids Online platform,nan,Mumbai,""Mumbai Angels, Patni Family Office, Singapore Angel Network, Karan Maheshwari, Jatin Aneja, Kishor Ganji, Roopa Nath"",Seed Funding,N/A,"||
"2706,17/06/15,Jiffstore,Online Grocery platform,nan,Bangalore,""Unitus Seed Fund, Times Internet"",Seed Funding,N/A,additional funding round"||
"2707,17/06/15,MyDentist,Dental Clinic chain,nan,Mumbai,""LGT Group, Asian Healthcare fund, Seedfund"",Private Equity,""82,00,000"",Series C"||
2708,18/06/15,Moovo,On-Demand Logistics Service,nan,New Delhi,YouWeCan Ventures,Seed Funding,N/A,||
"2709,18/06/15,Fracktal Works,3D Printer Manufacturer,nan,Bangalore,Neoteric Infomatique Limited,Private Equity,""30,00,000"",Series A"||
"2710,18/06/15,Hansa Customer Equity,IT / Customer Engagement Consulting,nan,Mumbai,ASK Pravi,Private Equity,""50,00,000"",Series A"||
"2711,18/06/15,HealthifyMe,Health & Fitness App,nan,Bangalore,""Gopal Srinivasan, Sashi Reddy, Amit Gupta, Pallav Nadhani"",Private Equity,N/A,Series A"||
2712,18/06/15,CAKART.in,Online Education Marketplace,nan,Bangalore,Sunil Maheshwari & group of investors,Seed Funding,N/A,||
"2713,19/06/15,Housejoy,Home services marketplace,nan,Bangalore,Matrix Partners,Private Equity,""40,00,000"",Series A"||
"2714,19/06/15,FundsIndia.com,Financial Services Platform,nan,Chennai,""Faering Capital, Foundation Capital, Inventus Capital Partners"",Private Equity,""1,10,00,000"",Series C"||
"2715,20/06/15,Cupick,Social Network for Artists,nan,Bangalore,Group of Angel Investors from US/India,Seed Funding,""1,20,000"","||
"2716,20/06/15,Tracxn,Startup funding platform,nan,Bangalore,""Sachin Bansal, Bunny Bansal & other investors"",Private Equity,""1,00,00,000"",Series A"||
"2717,21/06/15,Holachef,Food Delivery Platform,nan,Mumbai,""Kalaari Capital, India Quotient"",Private Equity,""31,00,000"",Series A"||
"2718,22/06/15,elong,Data Driven recruitment recommendation,nan,Bangalore,""Kunal Bahl, Rohit Bansal, Blume Ventures, Phanindra Sama, Raju Reddy"",Private Equity,""50,00,000"",Series A"||
2719,22/06/15,Ixigo,Travel Search Engine,nan,Gurgaon,Micromax Informatics,Private Equity,N/A,Strategic Investment||
2720,22/06/15,SkillAngels,Brain Games Platform,nan,Chennai,Sprout Angels LLP,Seed Funding,N/A,||
"2721,22/06/15,Vidgyor,Video Advertisement Platform,nan,Bangalore,AngelPrime,Seed Funding,""5,00,000"","||
2722,22/06/15,Banihal,Algorithmic Match Making Platform,nan,New Delhi / California,Dr David Cheriton,Seed Funding,N/A,||
"2723,23/06/15,Goodservice,Mobile Chat based concierge service,nan,New Delhi,Sequoia Capital,Private Equity,""16,00,000"",Series A"||
"2724,23/06/15,Treebo,Online Budget Hotel Booking Service,nan,Bangalore,""Matrix Partners India, SAIF Partners"",Private Equity,""60,00,000"",Series A"||
"2725,23/06/15,EduKart,Online education marketplace,nan,New Delhi,""Holostik Group, YouWeCan Ventures, 500 Startups, Vijay Shekhar Sharma, Manish Kheterpal, Amit Patni"",Private Equity,""10,00,000"",Series A"||
2726,23/06/15,Healthians.com,Preventive healthcare services,nan,Hyderabad,YouWeCan Ventures,Seed Funding,N/A,||
2727,24/06/15,LabInApp,Science Learning App,nan,Bangalore,Unitus Seed Fund,Seed Funding,N/A,||
2728,24/06/15,Syona Cosmetics,Beauty and Wellness platform,nan,Chennai,Chennai Angels,Seed Funding,N/A,||
2729,24/06/15,Sigrid Education,Online Education Platform,nan,Noida,Oliphans Capital,Seed Funding,N/A,||
"2730,24/06/15,Indix,SaaS product intelligence platform,nan,,""Nokia Growth Partners, Nexus Venture Partners, Avalon Ventures"",Private Equity,""1,50,00,000"",Series C"||
"2731,24/06/15,The Porter,Logistics Tech,nan,Mumbai,""Sequoia Capital, Kae Capital, Anupam Mittal, Sandeep Tandon"",Private Equity,""55,00,000"",Series A"||
"2732,24/06/15,Retention.ai,App Analytics platform,nan,Bangalore,""Mercury Fund, Anshu Sharma, Pratyush Prasanna, Robert Winters & others"",Seed Funding,""5,00,000"","||
"2733,25/06/15,Fusion Microfinance,Micro Finance Platform,nan,New Delhi,""Development finance institution Belgian Investment Company, Oikocredit"",Private Equity,""86,00,000"",Series C"||
"2734,25/06/15,Zinka,Freight logistics platform,nan,Bangalore,""Accel Partners, Flipkart"",Private Equity,""60,00,000"",Series A"||
"2735,26/06/15,CreditMantri,Credit Management Services,nan,Chennai,""IDG Ventures India, Elevar Equity, Accion Venture Lab"",Private Equity,""25,00,000"",Series A"||
"2736,26/06/15,GetMyPeon,Hyperlocal Handyman Services,nan,Mumbai,Undisclosed investors,Seed Funding,""2,50,000"","||
"2737,29/06/15,UrbanClap,Hyperlocal services marketplace,nan,New Delhi,""SAIF Partners,\\xc2\\xa0 Accel Partners"",Private Equity,""1,00,00,000"",Series A"||
"2738,29/06/15,StayGlad,Beauty services Mobile Marketplace,nan,Bangalore,""Tracxn Labs, Sahil Barua"",Seed Funding,N/A,"||
"2739,29/06/15,AdWyze,Marketing / Advertising Automation platform,nan,Bangalore,Mape Advisory,Seed Funding,""10,00,000"","||
"2740,29/06/15,Zimmber,Hyperlocal Handyman Services,nan,Mumbai,""Naveen Tiwari, Mohit Saxena, Amit Gupta, Piyush Shah, Manish Dugar"",Seed Funding,""4,00,000"","||
"2741,30/06/15,Buttercups,Online Lingerie platform,nan,Bangalore,""Kanwaljit Singh, Angie Mahtaney, Manoj Varghese"",Seed Funding,N/A,"||
"2742,30/06/15,RailYatri,Railways Information Mobile app,nan,Bangalore,""Helion Ventures, Omidiyar Network, Blume Ventures and Ujama"",Private Equity,N/A,Pre-Series A"||
2743,30/06/15,aagaar.com,Hyperlocal grocery delivery,nan,Gurgaon,Group of Investors,Seed Funding,N/A,||
"2744,30/06/15,Flatchat,Flat rental Mobile App,nan,Bangalore,Commonfloor,Private Equity,""25,00,000"",Strategic Funding"||
"2745,30/06/15,MyCFO,Wealth Management Platform,nan,Mumbai,Sameer Koticha,Private Equity,""15,00,000"",Series A"||
"2746,01/05/15,Foodpanda,Online Food Delivery,nan,Gurgaon,""Goldman Sachs, Rocket Internet"",Private Equity,""10,00,00,000"",Series D"||
"2747,01/05/15,Termsheet,Fund Raising Platform,nan,Chennai,""Anand Vijay, Nipun Dureja, Satyajit Heeralal, Keith Rodricks, Gaurav Lochan, Azmul Haque, Nikhil Bagri"",Seed Funding,""1,00,000"","||
"2748,04/05/15,Applicate,Workforce Management Software,nan,Bangalore,""Rishi Vasudev, Amit Gupta, Rajiv Nayan"",Seed Funding,""5,50,000"","||
"2749,04/05/15,World Art Community,Online Art Marketplace,nan,Gurgaon,Viraj Tyagi & others,Seed Funding,""2,00,000"","||
"2750,04/05/15,SpoonJoy,Online Food Delivery,nan,Bangalore,SAIF Partners,Seed Funding,""10,00,000"","||
"2751,05/05/15,Seed Schools,Affordable Education,nan,Hyderabad,Acumen Fund,Seed Funding,""6,50,000"","||
"2752,05/05/15,Ignis Careers,Career Development,nan,Hyderabad,Acumen Fund,Seed Funding,""2,50,000"","||
"2753,05/05/15,Square Yards,Real Estate Advisory,nan,Gurgaon,Undisclosed Investors,Private Equity,""60,00,000"",pre-Series A"||
"2754,05/05/15,Fintellix,Banking Analytics Platform,nan,Bangalore,""IDG Ventures, Sequoia Capital"",Private Equity,""1,50,00,000"",Series C"||
2755,05/05/15,Customer360,Customer Engagement Platform,nan,Mumbai,Vishwas Patel,Seed Funding,N/A,||
"2756,06/05/15,Delhivery,Ecommerce Logistics,nan,Gurgaon,""Tiger Global Management, Multiples Alternate Asset Management, Nexus Venture Partners, Times Internet"",Private Equity,""8,50,00,000"",Series D"||
"2757,06/05/15,Swiggy,Online Food Delivery,nan,Bangalore,Norwest Venture Partners,Private Equity,""1,50,00,000"",Series B"||
"2758,07/05/15,Uniphore,Speech Recognition Solutions,nan,Chennai,""IDG Ventures, Kris Gopalakrishnan"",Private Equity,N/A,Series A"||
"2759,07/05/15,Box8,Online Food Delivery,nan,Mumbai,Mayfield Ventures,Private Equity,""35,00,000"",Series A"||
"2760,07/05/15,Toppr,Online Education Platform,nan,Mumbai,""Fidelity Growth Partners India, SAIF Partners,\\xc2\\xa0 Helion Ventures"",Private Equity,""1,00,00,000"",Series B"||
"2761,07/05/15,Vedantu,Online Education Platform,nan,Bangalore,""Accel Partners, Tiger Global Management"",Private Equity,""50,00,000"",Series A"||
"2762,08/05/15,BuyHatke,Online Product Comparison,nan,Bangalore,""S.Gopalakrishnan, Beenos"",Seed Funding,""10,00,000"","||
2763,08/05/15,KleverKid,Online Education Platform,nan,New Delhi,Aarin Capital Partners,Seed Funding,N/A,||
"2764,08/05/15,Uniken,Online Security Platform,nan,Pune,Exfinity Ventures,Private Equity,""20,00,000"",Bridge Round Pre-Series B"||
"2765,08/05/15,GrandOpinion,Online Medical Diagnostic,nan,New Delhi,Florida based Angel investor,Seed Funding,""1,50,000"","||
2766,08/05/15,HealthifyMe,Health & Fitness App,nan,Bangalore,Micromax Informatics,Private Equity,N/A,Strategic Investment||
"2767,12/05/15,ZapStitch,Cloud Data Integration Platform,nan,Bangalore,""Helion Venture Partners, Orios Venture Partners"",Private Equity,""20,00,000"",Pre-Series A"||
"2768,12/05/15,Wassup,Mobile Laundry Cleaning Service,nan,Chennai,""Arun Chandra Mohan, Praveen Sinha"",Private Equity,""20,00,000"",Pre-Series A"||
2769,12/05.2015,Mobiefit,Mobile Fitness App,nan,Goa,Prototyze,Seed Funding,N/A,||
"2770,12/05.2015,Plancess,Online Education Platform,nan,Mumbai,""Rajendra Gogri,\\xc2\\xa0 Chandrakant Gogri"",Seed Funding,""20,00,000"","||
2771,12/05/15,WorkHorse,Service-On-Demand Mobile App,nan,Mumbai,Undisclosed Investors,Seed Funding,N/A,||
"2772,13/05/15,Innovaccer,Intelligent Data Analytics,nan,Noida,""Rajan Anandan, Teru Sato, Aneesh Reddy, Venkatesh Valluri"",Seed Funding,N/A,"||
2773,13/05/15,MyCuteOffice,Online Office Rental,nan,Mumbai,Lead Angels,Seed Funding,N/A,||
"2774,14/05/15,IndianRoots.com,Lifestyle Ecommerce Portal,nan,Gurgaon,KJS Group,Private Equity,""50,00,000"",Series B"||
"2775,14/05/15,RedPolka,Online Fashion Aggregator,nan,Mumbai,Undisclosed Investors,Seed Funding,""2,50,000"","||
"2776,15/05/15,Venturesity,Online Job skills Showcase,nan,Bangalore,""Phanindra Sama, Jay Sethuram, Hemant Kanakia, Ravi Trivedi"",Seed Funding,""2,70,000"","||
2777,18/05/15,TheBetterIndia.com,Online News Media,nan,Bangalore,Mohandas Pai,Seed Funding,N/A,Pre-Series Bridge||
2778,18/05/15,Awaaz De,Enterprise Communication Platform,nan,Ahmedabad,Samir Shah,Seed Funding,N/A,||
"2779,19/05/15,Chaayos,Offline Tea Chain,nan,New Delhi,Tiger Global Management,Private Equity,""10,00,000"",Series A"||
"2780,19/05/15,Akosha,Business Messaging App,nan,New Delhi,Sequoia Capital,Private Equity,""1,60,00,000"",Series B"||
"2781,19/05/15,Cooey,Health Mobile App,nan,Bangalore,Subhash Goyal,Seed Funding,""4,70,000"","||
"2782,19/05/15,MeetUniv,Online Ed-Tech Platform,nan,Noida,Peesh Venture Capital,Seed Funding,""10,00,000"","||
2783,19/05/15,Inspirock,Online Travel Planning,nan,,MakeMyTrip Innovation Fund,Private Equity,N/A,||
"2784,19/05/15,Crown-it,Hyperlocal Mobile Marketplace,nan,Gurgaon,""Accel Partners, Helion Venture Partners"",Private Equity,""55,00,000"",Series A"||
"2785,19/05/15,Trucksfirst,Trucking Logistic Operations,nan,Gurgaon,SAIF partners,Private Equity,""1,00,00,000"",Series A"||
"2786,20/05/15,Lookup,B2C Messaging App,nan,Bangalore,Biz Stone,Private Equity,""30,00,000"",Series A"||
2787,21/05/15,SunTerrace,Rooftop Solar Plants,nan,New Delhi,Sunergy Investors,Private Equity,N/A,||
"2788,22/05/15,\\xc2\\xa0Nudgespot,Customer Engagement Platform,nan,Bangalore,""Kae Capital, Anoop Goyal, Mike Shah, VA Sastry"",Seed Funding,""6,25,000"","||
2789,22/05/15,CarDekho,Online Car Portal,nan,Jaipur,HDFC Bank,Private Equity,N/A,1% stake||
"2790,22/05/15,EveningFlavors,Online Table Reservation,nan,Bangalore,Sandiep Shrivatsava,Seed Funding,""5,00,000"","||
2791,25/05/15,Razorpay,Online Payment Gateway,nan,Bangalore,Punit Soni,Seed Funding,N/A,||
"2792,25/05/15,ZenParent,Parents focused Web Content,nan,Bangalore,i2india Ventures,Seed Funding,""5,00,000"","||
2793,25/05/15,Newgen Payments,Payments Solution Provider,nan,New Delhi,Jan Manten,Seed Funding,N/A,||
"2794,26/05/15,UrbanPro,On-demand Service marketplace,nan,Bangalore,Nirvana Venture Advisors,Private Equity,""20,00,000"",Series A"||
"2795,26/05/15,Goodbox,On-Demand Business messaging,nan,Bangalore,Manipal Group,Seed Funding,""2,00,000"","||
"2796,26/05/15,Renderlogy,Online Home D\\xc3\\xa9cor,nan,Hyderabad,Astarc Ventures,Private Equity,""10,00,000"",Series A"||
"2797,27/05/15,Postman,API Workflow platform,nan,Bangalore,Nexus Venture Partners,Seed Funding,""10,00,000"",Series A"||
"2798,27/05/15,Casa2inns,Affordable Hotel Booking Online,nan,New Delhi,""Accel Partners, Kalaari Capital"",Private Equity,""50,00,000"",Series A"||
"2799,27/05/15,FleetRover,Logistics Intelligence,nan,Goa,""Tim Chen, Sanjay Venkat"",Seed Funding,""1,80,000"","||
"2800,28/05/15,TheKarrier,Last Mile Logistics,nan,Bangalore,""Sol Primero, Outbox Ventures, Nikunj Jain"",Seed Funding,""2,40,000"","||
"2801,28/05/15,Zoomcar,Self-driven Car rental,nan,Bangalore,Sequoia Capital,Private Equity,""50,00,000"",Series B Interim Funding"||
2802,28/05/15,Truweight,Weight Management Service,nan,Hyderabad,Kalaari Capital,Private Equity,N/A,Series A||
"2803,30/05/15,Ather Energy,Electric Scooter Manufacturer,nan,Bangalore,Tiger Global,Private Equity,""1,20,00,000"",Series A"||
"2804,03/04/15,Swiggy,Online Food Delivery,nan,Bangalore,""Accel Partners, SAIF Partners"",Private Equity,""20,00,000"",Series A"||
"2805,04/04/15,Bluegape,Web Content Publishing,nan,Gurgaon,""Rudy Gopalakrishnan, ah! Ventures"",Seed Funding,""2,00,000"","||
"2806,04/04/15,KeepTrax,Location Based App,nan,Dallas / Hyderabad,,Seed Funding,""10,00,000"","||
"2807,06/04/15,InstaLively,Video Streaming,nan,New Delhi,""Rajesh Sawheny , Rajan Anandan, Amit Ranjan, Niraj Singh, AECAL, MeraEvents."",Seed Funding,""1,20,000"","||
"2808,07/04/15,Pricejugaad,Price Comparison,nan,Hyderabad,""Amit Tyagi, Sandeep Acharya & others"",Seed Funding,""1,65,000"","||
"2809,07/04/15,Quikr,Online Classifieds,nan,Mumbai,""Tiger Global, Investment AB Kinnevik, Steadview Capital"",Private Equity,""15,00,00,000"",Series G (Check prev funding details here)"||
"2810,07/04/15,PressPlay,Travel Entertainment,nan,New Delhi,""Sequoia Capital, Jason Hirschhorn, Jarett Posner, and Amit Bhatiani"",Seed Funding,""22,00,000"","||
"2811,07/04/15,LogiNext,Logistics Tech,nan,Mumbai,""Ajit Surana, Sanjay Mehta"",Seed Funding,N/A,"||
"2812,08/04/15,FirstCry.com,eCommerce,nan,Pune,""Silicon Valley Ventures, NEA Ventures, Valiant Capital, IDG Ventures India,\\xc2\\xa0 SAIF Partners, Vertex Ventures"",Private Equity,""1,00,00,000"",""Series D ( In Feb it was announced they raised 26M, but it is 36M, so added here)"""||
"2813,08/04/15,MobiKwik,Digital / Mobile Wallet,nan,Gurgaon,""Tree Line Asia, Cisco Investments, American Express, Sequoia Capital"",Private Equity,""2,50,00,000"",Series B"||
"2814,08/04/15,Olacabs,Cab Aggregator,nan,Bangalore,""DST Global, Steadview Capital, Tiger Global, Accel Partners & Others"",Private Equity,""40,00,00,000"",Series E (Updated from 315M to 400M after Press Release)"||
"2815,09/04/15,Gadgetwood,Device Repair Svcs,nan,New Delhi,""Ajai Chowdhry, Ashvin Chadha, Yogesh Bansal,\\nNitin Singhal & Others"",Seed Funding,""2,00,000"","||
"2816,09/04/15,Bonhomia,Premium Beverages,nan,New Delhi,""Kanwaljit Singh, Shripad Nadkarni, Sarvesh Shahra & Others"",Seed Funding,""20,00,000"","||
"2817,09/04/15,Changer Mints,Digital / Mobile Wallet,nan,Kolkata,Hyderabad based investor,Seed Funding,""1,65,000"","||
"2818,09/04/15,Urban Ladder,Online Furnishing\\neCommerce,nan,Bangalore,""Sequoia Capital, TR Capital, Steadview Capital, SAIF Partners, Kalaari Capital"",Private Equity,""5,00,00,000"",Series C"||
"2819,09/04/15,Purple Squirrel,Ed-Tech,nan,Mumbai,""Matrix Partners India, India Quotient"",Private Equity,N/A,Series B"||
"2820,10/04/15,Whatfix,Interactive\\xc2\\xa0 How-To Guides,nan,Bangalore,""Helion Venture Partner, Powerhouse Ventures, GSF and Other angel investors"",Seed Funding,""9,00,000"","||
2821,10/04/15,iMMi Life,Mobile Health Tech,nan,Chennai,Unitus Seed Fund,Seed Funding,N/A,||
"2822,11/04/15,Zomato,Restaurant Reviews,nan,Gurgaon,Info Edge (India),Private Equity,""2,50,00,000"",Late Stage"||
"2823,13/04/15,ZopNow,Online Grocer,nan,Bangalore,""Dragoneer Investment, Accel Partners, Qualcomm Ventures, Times Internet"",Private Equity,""1,00,00,000"",Series B"||
"2824,13/04/15,Nayi Disha,Ed-Tech,nan,New Delhi,""Ajay Relan,"",Seed Funding,""3,00,000"","||
"2825,13/04.2015,The Porter,Logistics Tech,nan,Mumbai,Kae Capital,Seed Funding,""5,00,000"","||
"2826,13/04/15,Commeasure,Online Hotel Booking,nan,Noida,Jungle Ventures,Seed Funding,""10,00,000"","||
"2827,13/04/15,Capricoast,Online Kitchen Furniture,nan,Bangalore,Accel Partners India,Seed Funding,""12,50,000"","||
"2828,14/04/15,LocalOye,Hyper-local Online Services,nan,Mumbai,""Tiger Global Management, Lightspeed Venture Partners"",Private Equity,""50,00,000"",Series A"||
"2829,15/04/15,Grofers,Hyper-Local Online/Mobile Grocery,nan,Gurgaon,""Tiger Global, Sequoia Capital"",Private Equity,""3,50,00,000"",Series B"||
"2830,15/04/15,PepperTap,Hyper-Local Online/Mobile Grocery,nan,Gurgaon,""SAIF Partners, Sequoia Capital"",Private Equity,""1,00,00,000"",Series A"||
"2831,15/04/15,PolicyBazaar,Online Policy Aggregator,nan,Gurgaon,""PremjiInvest, Tiger Global, Ribbit Capital"",Private Equity,""4,00,00,000"",Series D"||
"2832,16/04/15,UrbanClap,Hyperlocal Mobile Services Marketplace,nan,New Delhi,""SAIF Partners, Accel Partners, Kunal Bahl, Rohit Bansal"",Seed Funding,""16,00,000"","||
"2833,16/04/15,Taskbob,OnDemand\\nMobile Handyman Services,nan,Mumbai,""Orios Venture Partners, Mayfield India"",Seed Funding,""12,00,000"","||
"2834,17/04/15,Robosoft,Mobile App Development,nan,Udupi,""Ascent Capital, Kalaari Capital"",Private Equity,""1,20,00,000"",Series B"||
2835,18/04/15,Doormint,On-Demand Handyman Services,nan,Mumbai,Powai Lake Ventures,Seed Funding,N/A,||
2836,20/04/15,Vyomo,Beauty & Wellness Mobile App,nan,Gurgaon,YouWeCan Ventures,Seed Funding,N/A,||
"2837,20/04/15,Pastiwala,Material Collection & Recycling,nan,Vadodara,Agnus Capital,Private Equity,""40,00,000"",Series A"||
"2838,20/04/15,1mg (Healthkartplus),Online Pharmacy & Drug DB,nan,Gurgaon,""Deep Kalra, Sequoia Capital, Omidyar Network, Intel Capital & Kae Capital"",Private Equity,""60,00,000"",Series A"||
"2839,20/04/15,Freshdesk,Online / Mobile Customer Support,nan,Chennai,""Tiger Global, Google Capital & Accel Partners"",Private Equity,""5,00,00,000"",Series E"||
"2840,20/04/15,Sulekha.com,Online Classifieds & Listings,nan,Chennai,GIC ventures,Private Equity,""2,80,00,000"",Series C"||
2841,22/04/15,FindYahan,Hyperlocal services marketplace,nan,New Delhi,The Phoenix Fund,Private Equity,N/A,Series A||
"2842,22/04/15,Eat.Shop.Love,Fashion ECommerce,nan,Bangalore,Undisclosed Investor,Private Equity,""35,00,000"",Series A"||
"2843,22/04/15,Avanti Learning,Private Coaching Centers,nan,New Delhi,""Michael & Susan Dell Foundation, Pearson Learning Fund"",Private Equity,""15,00,000"",Series A"||
"2844,23/04/15,Simplilearn,Online Certification Courses,nan,Bangalore,""Mayfield Ventures, Kalaari Capital, Helion Ventures"",Private Equity,""1,50,00,000"",Series C"||
"2845,23/04/15,Craftstvilla,Ethnic Product eCommerce,nan,Mumbai,""Sequoia Capital, Nexus venture Partners, Lightspeed Ventures, GFC"",Private Equity,""1,80,00,000"",Series B"||
"2846,23/04/15,HeadOut,Last Minute Travel Deals mobile marketplace,nan,Bangalore / SFO,""Version One Ventures, 500 Startups, Nexus Venture Partners and Arena Ventures"",Seed Funding,""18,00,000"","||
"2847,23/04/15,happay,usiness expense management,nan,Bangalore,AngelPrime,Seed Funding,""5,00,000"","||
"2848,23/04/15,Jugnoo,Auto Rickshaw based Logistics,nan,Chandigarh,""Rakesh Mathur, Vikas Taneja & others"",Seed Funding,""10,00,000"","||
"2849,23/04/15,EazyDiner,Restaurant reservation app,nan,New Delhi,""Deepak Shahdadpuri, Gulpreet Kohli"",Seed Funding,N/A,"||
2850,23/04/15,Phone Warrior,Spam Call block App,nan,New Delhi,Lightspeed Ventures,Seed Funding,N/A,Pre-Series A||
"2851,24/04/15,Coverfox,Online Insurance Aggregator,nan,Mumbai,""Accel US, Accel India, SAIF Partners."",Private Equity,""1,20,00,000"",Series B"||
"2852,27/04/15,Torqus,Restaurant Management Platform,nan,Pune,S S Mukherji & Others,Seed Funding,""3,50,000"","||
"2853,27/04/15,Grab,Food Logistics & Delivery,nan,Mumbai,""Oliphans Capital, Haresh Chawla"",Seed Funding,""10,00,000"","||
"2854,27/04/15,LogicRoots,Interactive Educational Games,nan,Jaipur,""Ah! Ventures, Calcutta Angels,\\xc2\\xa0 91SpringBoard"",Seed Funding,""4,00,000"","||
2855,27/04/15,GIBBS,Clean Tech,nan,New Delhi,Infuse Ventures fund,Private Equity,N/A,Series B||
"2856,28/04/15,Babajobs,Grey collar Job Board,nan,Bangalore,SEEK Ltd & affiliates,Private Equity,""1,00,00,000"",Series B"||
"2857,28/04/15,Urban Ladder,Online Furniture ecommerce,nan,Bangalore,""Anand Rajaraman, Venky Harinarayan"",Private Equity,N/A,Series D"||
"2858,28/04/15,Jay Robotix,Robotic Program learning,nan,Hyderabad,Cross Border Angels & others,Seed Funding,""2,50,000"","||
"2859,28/04/15,Naaptol.com,Tele-Shopping / eCommerce,nan,Mumbai,Mitsui & Co & existing investors,Private Equity,""2,15,00,000"",Series C"||
"2860,29/04/15,ReGlobe,Used Gadgets Buy / Refurbishing,nan,Gurgaon,""Bessemer Ventures, Blume Ventures"",Seed Funding,""10,00,000"","||
"2861,29/04/15,Icertis,Cloud Enterprise Software,nan,Pune / US,""Greycroft Partners, Fidelity Growth Partners"",Private Equity,""60,00,000"",Series A"||
"2862,29/04/15,Tracxn,Startup Analytics platform,nan,Bangalore,SAIF Partners,Private Equity,""35,00,000"",Series A"||
"2863,29/04/15,Dazo,Mobile Food Ordering app,nan,Bangalore,""Sumit Jain, Aprameya Radhakrishna, Alok Goel, Rajan Anandan, Amit Agrawal, Vinay Goel, Gaurav Munjal, Ashish Dev Kapur"",Seed Funding,N/A,"||
"2864,29/04/15,Tradelab,Financial Markets Software,nan,Bangalore,Rainmatter,Seed Funding,""4,00,000"","||
"2865,29/04/15,PiQube,Hiring Analytics platform,nan,Chennai,The HR Fund,Seed Funding,""5,00,000"","||
"2866,29/04/15,Travel Triangle,Online Travel Marketplace,nan,Noida,""Bessemer Venture Partners, SAIF Partners"",Private Equity,""80,00,000"",Series B"||
"2867,02/03/15,TrulyMadly.com,nan,nan,nan,""Helion Venture Partners, Kae Capital"",Private Equity,""55,00,000"",Series A"||
"2868,02/03/15,InstaLively,nan,nan,nan,Group of Angel Investors,Seed Funding,""1,20,000"","||
"2869,03/03/15,Vserv,nan,nan,nan,""Maverick Capital, IDG Ventures India"",Private Equity,""1,50,00,000"","||
"2870,03/03/15,Intruo.com,nan,nan,nan,""Ashutosh Lawania, Alok Goel & others"",Seed Funding,N/A,"||
"2871,05/03/15,Niffler,nan,nan,nan,SAIF Partners,Seed Funding,""10,00,000"","||
"2872,05/03/15,CustomFurnish.com,nan,nan,nan,""Madhukar Gangadi, Satish Reddy, Srini Raju, Srini Koppolu & SIDBI"",Private Equity,""25,00,000"","||
"2873,06/03/15,MapMyGenome,nan,nan,nan,Rajan Anandan & other angel investors,Private Equity,""12,00,000"","||
"2874,09/03/15,Crowdfire (formerly Justunfollow),nan,nan,nan,Kalaari Capital,Private Equity,""25,00,000"","||
"2875,09/03/15,Bite Club,nan,nan,nan,""Powai Lake Ventures, Aneesh Reddy, Ashish Kashyap, Alok Mittal"",Seed Funding,""5,00,000"","||
2876,10/03/15,Localbanya,nan,nan,nan,Shrem Strategies,Private Equity,N/A,Series B||
"2877,11/03/15,Appedo,nan,nan,nan,Undisclosed Investors,Seed Funding,""10,00,000"","||
"2878,11/03/15,Fitraq.com,nan,nan,nan,Tarun Arora,Seed Funding,""1,50,000"","||
"2879,11/03/15,ChargeBee,nan,nan,nan,""Tiger Global, Accel Partners"",Private Equity,""50,00,000"",Series B"||
"2880,11/03/15,Groupon India,nan,nan,nan,Sequoia Capital,Private Equity,""2,00,00,000"","||
"2881,12/03/15,Process 9,nan,nan,nan,""IAN Ventures, Alok Sharma, Kris Gopalakrishnan, Saurabh Srivastava, Ajai Chowdhry"",Seed Funding,N/A,"||
"2882,12/03/15,MoonFrog Labs,nan,nan,nan,""Tiger Global, Sequoia Capital."",Private Equity,""1,50,00,000"",Series A"||
"2883,13/03/15,Foodpanda,nan,nan,nan,Rocket Internet AG & others,Private Equity,""11,00,00,000"",Series C"||
2884,13/03/15,Paytm,nan,nan,nan,Ratan Tata,Private Equity,N/A,More details||
"2885,13/03/15,DiabetOmics,nan,nan,nan,""VentureEast,\\xc2\\xa0 Varaprasad Reddy"",Private Equity,""50,00,000"",Series C"||
"2886,13/03/15,Qyk,nan,nan,nan,""Powai Lake Ventures, Zishan Hayath, Abhishek Goyal, Sahil Barua"",Seed Funding,N/A,"||
"2887,14/03/15,Daily Rounds,nan,nan,nan,""Kae Capital, GSF, Teruhide Sato"",Seed Funding,""5,00,000"","||
"2888,14/03/15,Orobind,nan,nan,nan,""Zishaan Hayath, Lalit Mangal, Harpreet Singh Grover"",Seed Funding,""2,00,000"","||
"2889,14/03/15,Routofy,nan,nan,nan,""Kunal Bahl, Rohit Bansal"",Seed Funding,N/A,"||
"2890,16/03/15,Digital Gorkha,nan,nan,nan,Ramesh kavediya,Seed Funding,""1,66,000"","||
"2891,16/03/15,NestAway,nan,nan,nan,""IDG Ventures, Naveen Tewari"",Seed Funding,""13,00,000"","||
"2892,16/03/15,The Better India,nan,nan,nan,I-cube-N,Seed Funding,""1,66,000"","||
"2893,16/03/15,Meru Cabs,nan,nan,nan,Value Fund Advisors,Private Equity,""5,00,00,000"","||
2894,17/03/15,GolfLAN,nan,nan,nan,YourNest Angel Fund,Seed Funding,N/A,||
"2895,18/03/15,Drivestream,nan,nan,nan,Wipro,Private Equity,""50,00,000"","||
"2896,18/03/15,wWhere,nan,nan,nan,Group of Angel Investors,Seed Funding,""2,00,000"","||
"2897,18/03/15,GoJavas,nan,nan,nan,Snapdeal,Private Equity,N/A,""Minority stake, Strategic"""||
"2898,19/03/15,Tripoto,nan,nan,nan,""IDG Ventures, Outbox Ventures"",Private Equity,""20,00,000"",Pre-Series A"||
"2899,19/03/15,Graphic India,nan,nan,nan,""CA Media LP,\\xc2\\xa0 Start Media."",Seed Funding,""28,00,000"","||
2900,20/03/15,Harness Handitouch,nan,nan,nan,Armat Group,Private Equity,N/A,Series A||
"2901,20/03/15,Lets Corp,nan,nan,nan,Wu Chay Chin,Seed Funding,""30,00,000"","||
"2902,20/03/15,CollateBox,nan,nan,nan,LetsVenture,Seed Funding,""1,80,000"","||
"2903,20/03/15,Mahindra First Choice,nan,nan,nan,Valiant Capital,Private Equity,""1,50,00,000"",Series B"||
"2904,21/03/15,Round One,nan,nan,nan,""HT Media, Arun Duggal"",Seed Funding,N/A,"||
"2905,23/03/15,RazorPay,nan,nan,nan,Y Combinator,Seed Funding,""1,20,000"","||
2906,23/03/15,Mosambee,nan,nan,nan,RVCF and SIDBI,Private Equity,N/A,Series B||
"2907,24/03/15,Furlenco,nan,nan,nan,LightBox Ventures,Private Equity,""60,00,000"",Series A"||
"2908,24/03/15,Cubito,nan,nan,nan,Sol Primero,Seed Funding,""1,60,000"","||
"2909,25/03/15,Teabox,nan,nan,nan,""JAFCO Asia, Keystone Group, Dragoneer Investment, Accel Partners"",Private Equity,""60,00,000"",Series A"||
"2910,25/03/15,Artoo,nan,nan,nan,""Accion Venture Labs, Rianta Capital"",Private Equity,""5,00,000"",Series A"||
"2911,25/03/15,Fxkart.com,nan,nan,nan,""Dr Mushtaq Shah, Dr Faraz Naqvi"",Seed Funding,""20,00,000"","||
"2912,25/03/15,Rozgar Mela,nan,nan,nan,""Impact Investment Holding, Upaya Social Ventures"",Seed Funding,N/A,"||
"2913,25/03/15,OYO Rooms,nan,nan,nan,""Greenoaks capital, Sequoia Capital, LightSpeed Ventures"",Private Equity,""2,50,00,000"",Series A"||
"2914,26/03/15,Roposo.com,nan,nan,nan,""Tiger Global Management, Indian Quotient, Binny Bansal"",Private Equity,""50,00,000"",Series A"||
"2915,26/03/15,Teewe,nan,nan,nan,""Sequoia Capital, India Quotient"",Seed Funding,""17,50,000"","||
2916,26/03/15,ePoise,nan,nan,nan,Undisclosed,Seed Funding,N/A,||
"2917,27/03/15,Urjas,nan,nan,nan,Solidarity Venture Capital & others,Seed Funding,""1,00,000"","||
"2918,27/03/15,Chargein,nan,nan,nan,Pittie Group,Seed Funding,""1,00,000"","||
"2919,28/03/15,Yogurt Labs,nan,nan,nan,""Nick Adams, Kiran Bhat, Family Pot Investments LLP"",Seed Funding,""1,15,000"","||
"2920,28/03/15,LimeRoad.com,nan,nan,nan,""Tiger Global, Matrix Partners, Lightspeed Venture Partners"",Private Equity,""3,00,00,000"","||
"2921,28/03/15,Team Indus,nan,nan,nan,""Nandan Nilekani, Rajiv Mody, Ajai Chowdhary"",Private Equity,""15,00,000"",Pre-Series A"||
"2922,30/03/15,Arohan Financial Services,nan,nan,nan,Tano Capital,Private Equity,""1,00,00,000"","||
"2923,30/03/15,BillDesk,nan,nan,nan,TA Associates,Private Equity,""7,50,00,000"",Incremental Capital"||
"2924,31/03/15,Triphobo,nan,nan,nan,""Mayfield Ventures, Kalaari Capital"",Private Equity,""30,00,000"",Series B (More Here)"||
"2925,31/03/15,Aryaka,nan,nan,nan,""Trinity Ventures, InterWest Partners, Mohr Davidow Ventures, Presidio Ventures"",Private Equity,""1,60,00,000"",Series D"||
"2926,31/03/15,Appsdaily,nan,nan,nan,""Zodius Capital, Ru-Net, Kalaari Capital,\\xc2\\xa0 Qualcomm Ventures"",Private Equity,""1,60,00,000"",Series C"||
"2927,02/02/15,Faaya,nan,nan,nan,Group of Angel Investors,Seed\\nFunding,""16,600"",At the 10 minute million event"||
"2928,02/02/15,InstaBounce,nan,nan,nan,Group of Angel Investors,Seed\\nFunding,""16,600"",At the 10 minute million event"||
"2929,02/02/15,Chloroplast Foods,nan,nan,nan,Group of Angel Investors,Seed\\nFunding,""16,600"",At the 10 minute million event"||
"2930,02/02/15,Dealwithus,nan,nan,nan,Group of Angel Investors,Seed\\nFunding,""16,600"",At the 10 minute million event"||
"2931,02/02/15,CleverSharks,nan,nan,nan,Group of Angel Investors,Seed\\nFunding,""16,600"",At the 10 minute million event"||
"2932,02/02/15,Leaf,nan,nan,nan,Group of Angel Investors,Seed\\nFunding,""16,600"",At the 10 minute million event"||
"2933,02/02/15,SmartPocket,nan,nan,nan,""Sol Primero, Rajiv Mehta"",Seed\\nFunding,""2,50,000"",For mobile app"||
"2934,02/02/15,Yumist,nan,nan,nan,Orios Venture Partner,Private Equity,""10,00,000"","||
2935,02/02/15,NowFloats,nan,nan,nan,Omidyar Network,Private Equity,N/A,Series A||
"2936,02/02/15,FirstCry,nan,nan,nan,Valiant Capital Partners,Private Equity,""2,60,00,000"",Series D"||
"2937,02/02/15,HolaChef,nan,nan,nan,India Quotient,Seed\\nFunding,""3,25,000"","||
"2938,03/02/15,Frsh.co.in,nan,nan,nan,""India Quotient, Kae Capital"",Seed\\nFunding,""5,18,000"","||
"2939,03/02/15,Manthan,nan,nan,nan,""Temasek, Norwest Venture Partners"",Private Equity,""6,00,00,000"",Series D"||
2940,05/02/15,Kobster.com,nan,nan,nan,Splice Advisors,Seed\\nFunding,N/A,||
"2941,05/02/15,Culture Machine,nan,nan,nan,""Tiger Global, Times Internet, Zodius Capital"",Private Equity,""1,80,00,000"",Series B"||
2942,05/02/15,Paytm,nan,nan,nan,Ant Financial Services (Alipay),Private Equity,N/A,Strategic Investment (25% stake)||
"2943,05/02/15,Aisle.co,nan,nan,nan,""Anand Vijay, Shashank Mehrotra & Others"",Seed\\nFunding,""1,00,000"","||
"2944,06/02/15,FreeCharge,nan,nan,nan,""Valiant Capital, Tybourne Capital, Sequoia Capital, RuNet and Sofina"",Private Equity,""8,00,00,000"",Series C"||
"2945,06/02/15,NewsHunt,nan,nan,nan,""Falcon Edge Capital, Matrix Partners India, Sequoia Capital India and Omidyar Network"",Private Equity,""4,00,00,000"",Series C"||
"2946,09/02/15,MyNoticePeriod,nan,nan,nan,IDG Ventures,Private Equity,""30,00,000"",Series A"||
2947,09/02/15,CarDekho.com,nan,nan,nan,Ratan Tata,Private Equity,N/A,||
"2948,09/02/15,Faaso\\xe2\\x80\\x99s,nan,nan,nan,Lightbox Ventures,Private Equity,""2,00,00,000"",Series B"||
2949,10/02/15,CarTrade.com,nan,nan,nan,Chip Perry,Private Equity,N/A,||
2950,10/02/15,StoreKing,nan,nan,nan,Mangrove Capital Partners,Private Equity,N/A,||
"2951,11/02/15,Capital Float,nan,nan,nan,""SAIF Partners, Sequoia Capital, Aspada"",Private Equity,""1,30,00,000"",Series A"||
"2952,11/02/15,Nimble Wireless,nan,nan,nan,AngelPrime,Seed\\nFunding,""30,00,000"","||
2953,11/02/15,Townscript,nan,nan,nan,Group of Angel Investors,Seed\\nFunding,N/A,||
"2954,11/02/15,FindYahan,nan,nan,nan,""Karan Bajwa, Parvesh Bareja , Sunjay Kapur, Amanpreet Bajaj"",Seed\\nFunding,N/A,"||
"2955,12/02/15,Stayzilla,nan,nan,nan,""Nexus Venture Partners, Matrix Partners"",Private Equity,""2,00,00,000"",Series B"||
"2956,12/02/15,Practo,nan,nan,nan,""Sequoia Capital, Matrix Partners"",Private Equity,""3,00,00,000"",Series B"||
"2957,13/02/15,CimplyFive,nan,nan,nan,""Suresh Senapaty, TV Mohandas Pai"",Seed\\nFunding,N/A,"||
"2958,13/02/15,20Dresses,nan,nan,nan,""Srinivas Aluri, Srinivas Modukury, BS Nagesh"",Seed\\nFunding,""10,00,000"","||
"2959,13/02/15,Itzcash,nan,nan,nan,Ashok Goel (promoter),Private Equity,""1,65,00,000"",Promoter Commitment"||
"2960,16/02/15,NewsInShorts,nan,nan,nan,""Tiger Global, Rebright Partners, Sachin and Binny Bansal"",Private Equity,""41,50,000"",Series A"||
"2961,16/02/15,iTraveller.com,nan,nan,nan,ah! Ventures,Private Equity,""10,00,000"",Series A"||
2962,17/02/15,NextGen,nan,nan,nan,Mumbai Angels & Group of other investors,Seed\\nFunding,N/A,||
"2963,18/02/15,Wooplr.com,nan,nan,nan,Helion Venture Partners,Private Equity,""50,00,000"",Series A"||
"2964,19/05/15,Springleap,nan,nan,nan,Cross Border Angels,Seed\\nFunding,""8,00,000"","||
"2965,20/02/15,Klip.in,nan,nan,nan,""Calcutta Angels, Venture Nursery Angels Mumbai Angels"",Seed\\nFunding,""5,00,000"","||
"2966,20/02/15,Renderlogy,nan,nan,nan,Brick Eagle,Private Equity,""16,00,000"",Series A"||
"2967,21/02/15,Appbase,nan,nan,nan,""DA-IICT, Techstars, Carnegie Mellon University, Startup Brasil program"",Seed\\nFunding,""2,90,000"",Grant + Seed funding"||
"2968,23/02/15,HomeLane,nan,nan,nan,""Sequoia Capital, Ranjan Pai, Mohandas Pai & others"",Private Equity,""45,00,000"",Series A"||
"2969,23/02/15,Trip38,nan,nan,nan,""InterGlobe Technology Quotient, Lantern Capital"",Private Equity,""10,00,000"",Series A"||
"2970,23/02/15,Smartairtrip.com,nan,nan,nan,Undisclosed,Private Equity,""1,00,00,000"",Series A"||
"2971,23/02/15,NoBroker,nan,nan,nan,""SAIF Partners, Fulcrum Ventures"",Private Equity,""30,00,000"",Series A"||
"2972,24/02/15,Caravan Craft Retail,nan,nan,nan,""Unitus Seed Fund\\nNarayan Ramachandran, Bijou Kurien"",Seed\\nFunding,""5,00,000"","||
"2973,25/02/15,SquadRun,nan,nan,nan,""Amit Ranjan, Deepinder Goyal, Zishaan Hayath, Powai Lake Ventures"",Seed\\nFunding,N/A,"||
"2974,25/02/15,Clonect Solutions,nan,nan,nan,""V Balakrishnan, T V Mohandas Pai, BC Prabhakar"",Seed\\nFunding,""2,50,000"","||
"2975,25/02/15,TaxSutra,nan,nan,nan,""V Balakrishnan, T V Mohandas Pai"",Seed\\nFunding,""1,60,000"","||
2976,25/02/15,PepperTap,nan,nan,nan,Sequoia Capital,Seed\\nFunding,N/A,||
"2977,25/02/15,Sattviko,nan,nan,nan,""Sumit Jain, Rajat Jain, Sanjay Bhasin"",Seed\\nFunding,""3,20,000"","||
"2978,25/02/15,IndustryBuying,nan,nan,nan,SAIF Partners,Private Equity,""20,00,000"",Series A"||
"2979,26/02/15,FreshWorld,nan,nan,nan,""Kris Gopalakrishnan, Nagaraja Prakasam"",Seed\\nFunding,N/A,"||
"2980,26/02/15,TinyOwl,nan,nan,nan,""Matrix Partners, Sequoia Capital, Nexus Venture Partners"",Private Equity,""1,60,00,000"",Series B"||
"2981,27/02/15,Momoe,nan,nan,nan,""IDG Ventures India, Jungle Ventures, India Quotient."",Seed\\nFunding,""12,00,000"","||
"2982,27/02/15,Grofers,nan,nan,nan,""Tiger Global Management, Sequoia Capital India"",Private Equity,""1,00,00,000"",Series A"||
"2983,02/01/15,LensKart,nan,nan,nan,""TPG Growth, TR Capital, IDG Ventures"",Private Equity,""21,50,000"","||
"2984,02/01/15,VioletStreet,nan,nan,nan,""Venkat Vallabhneni, Sudhakar Reddy, Srinivasa Rao Paturi"",Seed\\nFunding,""3,15,000"","||
"2985,05/01/15,Lookup,nan,nan,nan,""DeNA Co., Japan & Teruhide Sato (in Addition to MKS Switzerland & Kris GopalKrishnan)"",Seed\\nFunding,""3,80,000"","||
"2986,05/01/15,#Fame,nan,nan,nan,TO THE NEW Ventures,Private Equity,""1,00,00,000"","||
"2987,05/01/15,Gympik,nan,nan,nan,""Tom Clausen, Rohan Ajila, Haldyn Glass"",Seed Funding,""1,35,000"","||
"2988,06/01/15,Near.in,nan,nan,nan,""Anupam Mittal, Manish Vij, Prashant Tandon, Gaurav Agarwal, Akash Agarwal, Himanshu Aggarwal, Kevin Parikh"",Seed Funding,""2,85,000"","||
2989,06/01/15,Purplle.com,nan,nan,nan,IvyCap Ventures,Private Equity,N/A,||
"2990,06/01/15,NumberMall,nan,nan,nan,SRI Capital,Private Equity,""1,00,00,000"","||
"2991,06/01/15,Tookitaki,nan,nan,nan,""Jungle Ventures, Redbright Partners, Blume Ventures"",Private\\nEquity,""10,00,000"","||
"2992,06/01/15,Frankly,nan,nan,nan,Matrix Partners,Seed Funding,""6,00,000"","||
"2993,07/01/15,Faircent,nan,nan,nan,""Devesh Sachdev, Ashish Tiwari"",Seed Funding,N/A,Valuation at $4M"||
"2994,07/01/15,Nurturey,nan,nan,nan,Seedrs Crowd funding platform,Crowd funding,""1,25,000"","||
"2995,07/01/15,Bewakoof,nan,nan,nan,""Rohit Bansal, Kunal Bahl, Nikhil Vora"",Seed Funding,N/A,"||
"2996,07/01/15,Stridalyzer,nan,nan,nan,Kickstarter,Crowd Funding,""30,768"","||
"2997,07/01/15,Commonfloor,nan,nan,nan,Google Capital,Private Equity,""50,00,000"",3rd Round"||
"2998,09/01/15,Sokrati,nan,nan,nan,""IvyCap Ventures, Inventus Capital"",Private Equity,N/A,Series B"||
"2999,09/01/15,YepMe,nan,nan,nan,""JS Capital, Helion Venture Partners, Capricorn Investment Group"",Private Equity,""1,30,00,000"",Series A"||
3000,09/01/15,TapCibo,nan,nan,nan,Alok Goel,Seed Funding,N/A,||
"3001,12/01/15,Verayu,nan,nan,nan,""GWB Group, Blume Ventures"",Private Equity,N/A,"||
"3002,12/01/15,MyDreamStore,nan,nan,nan,Undisclosed Investors,Seed Funding,""2,90,000"","||
"3003,13/01/15,AppVirality,nan,nan,nan,""Rajan Anandan, Mike Galgon, Ashim Mehra, Mohit Saxena, Ravi Gururaj, TNN Capital & IIG"",Seed Funding,N/A,"||
"3004,14/01/15,RateGain,nan,nan,nan,TA Associates,Private Equity,""5,00,00,000"","||
"3005,15/01/15,Wishberry,nan,nan,nan,""Rajan Anandan, Shankar Mahadevan, Deep Kalra & Others"",Seed Funding,""6,50,000"","||
"3006,16/01/15,eKincare,nan,nan,nan,Adroitent Pvt. Ltd.,Seed Funding,""1,61,000"","||
"3007,18/01/15,ShopClues,nan,nan,nan,Tiger Global & Other investors,Private Equity,""10,00,00,000"",More Details"||
"3008,19/01/15,Refiral,nan,nan,nan,Cogent E Services,Seed Funding,""3,30,000"","||
3009,19/01/15,Ping Digital,nan,nan,nan,Consortium of Angel Investors,Seed Funding,N/A,||
"3010,19/01/15,HealthyWorld.in,nan,nan,nan,Group of Angel Investors,Seed Funding,""2,00,000"","||
"3011,19/01/15,Hostel Dunia,nan,nan,nan,Hyderabad Angels (at Startup Heroes event),Seed Funding,""16,000"","||
"3012,19/01/15,Play your sport,nan,nan,nan,Hyderabad Angels (at Startup Heroes event),Seed Funding,""16,000"","||
"3013,19/01/15,Yo Grad,nan,nan,nan,Hyderabad Angels (at Startup Heroes event),Seed Funding,""16,000"","||
"3014,19/01/15,Enabli,nan,nan,nan,Hyderabad Angels (at Startup Heroes event),Seed Funding,""16,000"","||
"3015,19/01/15,CBS,nan,nan,nan,Hyderabad Angels (at Startup Heroes event),Seed Funding,""16,000"","||
"3016,20/01/15,Hopscotch,nan,nan,nan,Eduardo Saverin & Velos Capital,Private Equity,""1,10,00,000"","||
3017,20/01/15,Amagi Media Labs,nan,nan,nan,Premji Invest & Mayfield Fund,Private Equity,N/A,||
"3018,20/01/15,HealthyWorld.in,nan,nan,nan,Group of Angel Investors,Seed Funding,""2,00,000"","||
"3019,21/01/15,Simplilearn,nan,nan,nan,""Mayfield India, Kalaari Capital, Helion Ventures"",Private Equity,""1,47,50,000"","||
"3020,21/01/15,MyDreamStore,nan,nan,nan,Undisclosed Investors,Seed Funding,""3,25,000"","||
"3021,21/05/15,Knit,nan,nan,nan,""Rohit Jain, Amit Rambhia & Others"",Seed Funding,N/A,"||
"3022,21/05/15,Villgro,nan,nan,nan,Michael & Susan Dell Foundation,Seed Funding,""32,50,000"",To fund edu startups"||
"3023,22/01/15,Corporate360,nan,nan,nan,Group of Angel Investors,Seed Funding,""2,00,000"","||
"3024,22/01/15,Freshmonk,nan,nan,nan,""August Capital Partners, Michael Blakey"",Seed Funding,N/A,"||
3025,22/01/15,Englishleap.com,nan,nan,nan,ANALEC,Private Equity,N/A,Majority Stake||
"3026,22/01/15,Antuit,nan,nan,nan,""Goldman Sachs, Zodius Capital"",Private Equity,""5,60,00,000"","||
"3027,22/01/15,Caratlane.com,nan,nan,nan,Tiger Global,Private Equity,""3,10,00,000"",Series D"||
"3028,24/01/15,Aasaanjobs,nan,nan,nan,""Inventus Capital Partners, IDG Ventures"",Seed Funding,""15,00,000"","||
3029,24/01/15,Impartus,nan,nan,nan,Kaizen Private Equity,Private Equity,N/A,Series A||
"3030,25/01/15,Thrill App,nan,nan,nan,People Group (Shaadi.com),Private Equity,""10,00,000"",Strategic Funding"||
"3031,27/01/15,CarDekho.com,nan,nan,nan,""Hillhouse Capital, Tybourne Capital"",Private Equity,""5,00,00,000"",Series B"||
"3032,28/01/15,Grabhouse.com,nan,nan,nan,""Kalaari Capital, Sequoia Capital"",Private Equity,""25,00,000"",Series A"||
"3033,29/01/15,Printvenue,nan,nan,nan,Asia Pacific Internet Group,Private Equity,""45,00,000"","||
"3034,29/01/15,Graphene,nan,nan,nan,KARSEMVEN Fund,Private Equity,""8,25,000"",Govt backed VC Fund"||
"3035,30/01/15,Mad Street Den,nan,nan,nan,""Exfinity Fund, GrowX Ventures."",Private Equity,""15,00,000"","||
"3036,30/01/15,Simplotel,nan,nan,nan,MakeMyTrip,Private Equity,N/A,""Strategic Funding, Minority stake"""||
"3037,31/01/15,couponmachine.in,nan,nan,nan,UK based Group of Angel Investors,Seed Funding,""1,40,000"","||
